id:INT,customer_id:INT,total:DOUBLE,year:INT,status:STRING
1,247,132.91,2024,cancelled
2,421,223.42,2021,pending
3,383,137.55,2020,cancelled
4,498,242.43,2020,completed
5,393,719.19,2024,pending
6,443,885.25,2023,pending
7,114,193.54,2023,completed
8,262,842.75,2020,completed
9,145,359.43,2023,pending
10,362,102.90,2020,completed
11,124,843.03,2021,completed
12,337,742.97,2021,pending
13,39,876.14,2020,completed
14,2,269.25,2024,completed
15,54,446.33,2023,completed
16,40,186.64,2022,pending
17,448,79.16,2023,completed
18,367,606.95,2023,completed
19,483,111.32,2021,refunded
20,191,961.00,2023,completed
21,398,437.42,2021,pending
22,361,577.98,2023,refunded
23,418,212.78,2024,completed
24,103,217.87,2020,refunded
25,160,940.91,2022,completed
26,68,823.51,2023,completed
27,192,484.21,2023,completed
28,306,749.43,2022,completed
29,352,803.30,2020,completed
30,364,889.35,2023,completed
31,15,676.94,2024,pending
32,226,836.39,2022,cancelled
33,338,97.82,2024,completed
34,246,347.18,2021,completed
35,191,430.59,2024,cancelled
36,45,726.85,2021,refunded
37,146,993.89,2023,completed
38,23,727.69,2022,completed
39,142,454.30,2020,completed
40,118,185.42,2023,refunded
41,6,146.82,2020,completed
42,118,985.95,2020,pending
43,65,306.99,2023,pending
44,262,900.86,2020,completed
45,154,859.77,2023,completed
46,325,180.17,2021,completed
47,199,940.09,2021,completed
48,111,983.88,2023,completed
49,379,851.34,2024,cancelled
50,241,698.79,2023,completed
51,132,843.29,2024,refunded
52,292,306.41,2020,refunded
53,483,256.18,2022,cancelled
54,203,34.02,2024,completed
55,61,814.04,2021,pending
56,270,730.59,2024,completed
57,289,271.08,2020,completed
58,348,301.33,2022,cancelled
59,135,84.39,2021,completed
60,351,959.79,2021,pending
61,68,352.80,2020,pending
62,23,526.53,2020,completed
63,385,779.90,2020,cancelled
64,439,828.42,2023,completed
65,39,523.42,2020,cancelled
66,427,757.81,2022,refunded
67,416,806.05,2022,refunded
68,297,98.91,2023,completed
69,390,873.42,2020,refunded
70,121,987.78,2023,completed
71,332,184.94,2021,completed
72,325,711.33,2021,completed
73,77,200.44,2023,cancelled
74,464,804.32,2021,completed
75,109,733.73,2021,completed
76,50,77.96,2020,completed
77,132,849.68,2020,completed
78,440,735.98,2021,completed
79,288,417.00,2022,completed
80,325,646.24,2022,cancelled
81,78,718.48,2022,completed
82,441,887.86,2020,cancelled
83,18,659.36,2022,completed
84,94,100.57,2020,refunded
85,176,923.16,2024,completed
86,360,353.06,2021,cancelled
87,331,327.54,2024,refunded
88,57,340.40,2020,cancelled
89,432,363.64,2022,pending
90,58,212.59,2024,pending
91,254,932.84,2024,pending
92,143,41.80,2024,pending
93,206,328.76,2022,refunded
94,138,969.66,2024,cancelled
95,223,421.02,2024,completed
96,126,497.80,2021,cancelled
97,59,809.86,2023,refunded
98,209,664.90,2021,completed
99,237,382.95,2022,completed
100,218,145.14,2020,completed
101,420,233.21,2021,refunded
102,200,768.83,2021,completed
103,426,782.12,2024,refunded
104,340,473.76,2023,refunded
105,207,613.53,2021,cancelled
106,432,888.06,2024,cancelled
107,39,98.00,2024,completed
108,445,887.63,2021,pending
109,118,946.89,2020,completed
110,305,557.93,2024,completed
111,469,377.41,2023,completed
112,216,732.49,2023,refunded
113,353,982.09,2024,completed
114,194,858.56,2021,pending
115,413,570.60,2022,completed
116,484,187.31,2020,completed
117,108,885.85,2024,refunded
118,317,499.43,2021,cancelled
119,153,376.79,2020,completed
120,106,734.32,2024,cancelled
121,388,140.11,2024,refunded
122,476,770.13,2022,completed
123,8,316.89,2024,completed
124,318,724.02,2024,completed
125,185,254.18,2021,completed
126,486,730.78,2020,pending
127,141,514.89,2022,completed
128,356,515.64,2023,cancelled
129,279,595.48,2024,cancelled
130,77,43.38,2023,cancelled
131,250,501.60,2021,pending
132,406,673.11,2020,cancelled
133,296,746.58,2020,cancelled
134,319,28.83,2021,completed
135,165,557.24,2021,cancelled
136,103,650.57,2023,completed
137,179,387.71,2020,pending
138,166,722.70,2020,cancelled
139,58,852.14,2024,completed
140,83,975.69,2020,refunded
141,291,805.64,2022,completed
142,477,736.79,2024,refunded
143,106,478.66,2023,completed
144,16,31.52,2020,pending
145,429,429.20,2021,cancelled
146,275,874.90,2024,completed
147,395,361.95,2021,cancelled
148,298,830.82,2020,pending
149,289,543.30,2020,completed
150,33,836.60,2020,refunded
151,72,757.55,2022,completed
152,453,814.62,2020,refunded
153,190,254.57,2020,completed
154,302,993.70,2021,cancelled
155,400,293.83,2022,completed
156,111,116.74,2021,refunded
157,446,169.59,2024,completed
158,357,554.78,2021,completed
159,44,895.37,2020,completed
160,401,689.65,2021,completed
161,85,346.87,2021,completed
162,306,809.32,2023,refunded
163,1,244.74,2023,refunded
164,316,174.32,2021,completed
165,334,896.75,2020,completed
166,8,90.97,2023,cancelled
167,346,369.21,2020,pending
168,435,553.20,2020,completed
169,27,548.53,2021,refunded
170,196,294.53,2020,completed
171,31,313.93,2020,completed
172,417,86.44,2022,completed
173,459,890.82,2024,pending
174,100,906.91,2023,completed
175,30,903.17,2024,completed
176,154,31.95,2020,refunded
177,302,508.69,2020,cancelled
178,110,994.98,2022,completed
179,27,764.76,2024,completed
180,374,613.31,2022,refunded
181,67,280.91,2021,completed
182,219,379.70,2023,completed
183,254,943.47,2023,refunded
184,297,902.14,2020,cancelled
185,37,378.84,2023,completed
186,148,501.47,2023,completed
187,383,657.62,2022,completed
188,326,164.60,2020,cancelled
189,360,282.60,2021,completed
190,253,485.36,2021,completed
191,353,75.53,2021,completed
192,94,881.44,2021,pending
193,336,142.69,2022,completed
194,127,409.43,2024,refunded
195,350,383.39,2023,completed
196,496,407.66,2021,refunded
197,244,410.37,2023,cancelled
198,33,378.51,2022,completed
199,376,227.14,2024,completed
200,197,282.53,2023,pending
201,194,565.24,2022,cancelled
202,378,604.38,2022,cancelled
203,103,712.28,2022,completed
204,146,833.30,2024,refunded
205,339,150.78,2020,completed
206,471,705.49,2024,completed
207,57,197.84,2021,completed
208,256,453.76,2022,cancelled
209,325,865.47,2023,completed
210,61,890.43,2021,refunded
211,254,67.87,2021,pending
212,318,679.91,2020,completed
213,179,402.20,2024,cancelled
214,228,461.79,2024,refunded
215,480,514.35,2023,completed
216,244,135.67,2022,refunded
217,489,156.82,2022,completed
218,214,295.58,2021,pending
219,130,305.01,2023,completed
220,368,766.16,2020,completed
221,484,820.81,2021,cancelled
222,180,419.56,2023,cancelled
223,98,86.86,2024,completed
224,260,369.31,2022,completed
225,421,78.64,2023,refunded
226,147,223.29,2023,completed
227,16,13.03,2022,completed
228,229,306.96,2024,cancelled
229,181,421.89,2022,completed
230,154,557.90,2020,completed
231,114,965.40,2021,completed
232,451,971.94,2024,completed
233,460,401.87,2020,completed
234,139,543.63,2022,completed
235,207,97.62,2024,completed
236,310,186.01,2022,completed
237,73,190.86,2024,pending
238,43,981.04,2023,completed
239,130,175.29,2020,completed
240,407,138.61,2023,completed
241,398,558.12,2022,refunded
242,488,380.32,2024,completed
243,10,497.76,2021,pending
244,110,475.76,2021,completed
245,253,343.87,2020,cancelled
246,283,318.92,2024,refunded
247,182,932.73,2022,cancelled
248,499,205.26,2021,pending
249,63,762.56,2020,refunded
250,415,851.04,2020,completed
251,35,238.81,2024,completed
252,365,615.69,2020,cancelled
253,127,337.62,2020,pending
254,205,224.26,2024,completed
255,16,216.49,2020,completed
256,114,46.41,2020,pending
257,378,730.89,2024,completed
258,49,696.88,2022,completed
259,73,138.35,2021,pending
260,62,894.97,2023,refunded
261,90,578.78,2020,completed
262,318,687.13,2022,completed
263,366,751.53,2020,completed
264,429,876.08,2020,completed
265,78,615.44,2024,pending
266,186,487.97,2021,cancelled
267,66,839.43,2022,pending
268,96,736.19,2021,completed
269,128,102.82,2021,completed
270,291,937.25,2020,completed
271,197,85.82,2024,completed
272,83,497.89,2022,completed
273,320,39.66,2020,pending
274,396,510.67,2024,cancelled
275,428,19.23,2023,completed
276,407,739.15,2021,completed
277,156,399.22,2022,refunded
278,460,883.45,2023,completed
279,209,72.53,2022,cancelled
280,109,132.90,2020,completed
281,63,403.72,2020,cancelled
282,21,903.43,2020,completed
283,16,517.05,2020,completed
284,290,322.51,2022,cancelled
285,168,250.60,2023,cancelled
286,479,417.84,2020,pending
287,293,713.18,2020,cancelled
288,116,907.98,2021,cancelled
289,227,319.27,2021,cancelled
290,303,825.73,2023,completed
291,420,475.02,2023,completed
292,308,997.31,2024,completed
293,69,131.11,2023,completed
294,426,847.89,2024,completed
295,134,378.47,2020,refunded
296,444,365.37,2022,pending
297,136,883.18,2020,completed
298,487,728.98,2024,completed
299,479,464.20,2020,cancelled
300,76,193.19,2021,completed
301,170,375.93,2020,cancelled
302,89,229.28,2020,refunded
303,42,883.56,2023,completed
304,326,197.16,2021,completed
305,18,981.30,2022,completed
306,168,689.40,2023,completed
307,391,265.91,2023,pending
308,198,125.13,2022,completed
309,441,738.57,2023,pending
310,477,137.28,2024,completed
311,130,402.79,2020,pending
312,83,786.56,2021,completed
313,407,325.30,2024,completed
314,276,548.89,2023,completed
315,299,143.36,2021,cancelled
316,299,452.76,2021,completed
317,234,722.20,2021,completed
318,231,393.24,2022,completed
319,190,135.53,2024,completed
320,348,532.51,2020,completed
321,45,639.51,2024,completed
322,371,18.33,2024,completed
323,26,273.94,2023,completed
324,479,913.18,2023,cancelled
325,482,780.62,2020,completed
326,405,23.72,2020,completed
327,427,942.96,2023,completed
328,123,727.92,2024,completed
329,236,555.78,2022,pending
330,359,340.23,2020,completed
331,369,176.71,2024,completed
332,207,707.99,2021,pending
333,374,470.18,2021,pending
334,108,761.97,2024,pending
335,184,790.24,2022,completed
336,364,853.00,2022,pending
337,123,26.79,2022,completed
338,490,764.76,2024,cancelled
339,31,640.93,2023,completed
340,463,765.21,2022,cancelled
341,213,965.85,2024,completed
342,210,343.11,2020,completed
343,309,668.75,2022,cancelled
344,17,912.28,2022,cancelled
345,387,291.75,2022,completed
346,484,672.21,2022,completed
347,161,955.03,2024,refunded
348,438,712.48,2023,completed
349,177,785.34,2024,cancelled
350,456,485.56,2023,completed
351,1,662.37,2022,completed
352,47,630.83,2024,pending
353,208,340.23,2024,completed
354,249,55.81,2024,refunded
355,451,725.20,2021,pending
356,31,805.33,2020,refunded
357,109,459.74,2021,pending
358,179,73.68,2021,completed
359,437,129.63,2023,completed
360,259,807.47,2020,pending
361,445,317.94,2021,completed
362,284,394.62,2021,pending
363,228,537.11,2024,completed
364,237,512.42,2021,refunded
365,275,861.62,2022,completed
366,252,15.97,2023,completed
367,208,641.61,2023,completed
368,472,551.02,2021,pending
369,81,127.28,2023,pending
370,34,57.56,2022,cancelled
371,481,371.86,2023,completed
372,274,958.39,2023,completed
373,171,129.68,2020,completed
374,69,948.55,2022,completed
375,264,272.40,2020,completed
376,301,443.53,2020,refunded
377,220,494.98,2023,completed
378,97,632.74,2022,completed
379,109,364.30,2024,cancelled
380,407,672.63,2020,cancelled
381,298,240.05,2023,completed
382,40,816.17,2024,cancelled
383,423,757.39,2023,completed
384,105,226.25,2023,refunded
385,157,162.00,2022,cancelled
386,344,950.38,2021,refunded
387,456,37.47,2021,refunded
388,103,479.37,2021,cancelled
389,468,719.40,2024,completed
390,455,956.50,2023,cancelled
391,153,640.52,2023,pending
392,194,527.96,2020,pending
393,196,176.19,2022,completed
394,431,712.06,2022,completed
395,107,430.07,2023,completed
396,217,77.03,2021,refunded
397,436,330.71,2020,pending
398,458,230.19,2021,completed
399,179,703.61,2022,refunded
400,282,266.40,2023,cancelled
401,53,683.42,2023,completed
402,213,104.40,2021,completed
403,138,530.72,2021,completed
404,458,146.10,2020,completed
405,446,235.48,2024,completed
406,200,821.93,2020,pending
407,214,885.90,2023,refunded
408,248,365.07,2021,cancelled
409,59,853.15,2023,pending
410,8,81.96,2020,completed
411,195,776.50,2020,refunded
412,457,465.69,2020,completed
413,445,329.25,2024,completed
414,279,833.41,2022,completed
415,99,490.85,2024,cancelled
416,417,268.05,2021,completed
417,461,666.80,2021,completed
418,261,748.11,2021,pending
419,361,430.54,2024,refunded
420,389,501.50,2020,refunded
421,212,191.47,2024,completed
422,314,730.53,2021,completed
423,73,437.57,2020,cancelled
424,82,529.65,2020,cancelled
425,449,59.92,2022,completed
426,113,697.40,2020,refunded
427,404,240.40,2021,completed
428,329,273.03,2021,completed
429,136,174.44,2024,refunded
430,15,293.49,2021,completed
431,171,871.33,2021,pending
432,491,985.80,2024,completed
433,384,345.03,2020,refunded
434,444,357.79,2024,cancelled
435,293,151.54,2021,refunded
436,188,244.19,2022,completed
437,407,265.72,2020,completed
438,396,925.98,2024,completed
439,392,200.96,2023,completed
440,122,377.44,2020,completed
441,122,139.32,2020,completed
442,440,224.87,2021,completed
443,160,287.58,2023,cancelled
444,333,929.91,2024,completed
445,239,527.52,2023,cancelled
446,245,654.68,2023,completed
447,268,490.00,2022,completed
448,55,861.70,2024,completed
449,409,317.59,2022,completed
450,125,546.09,2021,refunded
451,465,484.54,2024,completed
452,276,341.35,2022,completed
453,325,390.42,2021,completed
454,372,396.74,2023,refunded
455,282,809.25,2023,cancelled
456,345,165.89,2021,cancelled
457,371,914.86,2024,completed
458,424,896.42,2022,refunded
459,335,19.86,2022,cancelled
460,144,204.71,2022,refunded
461,223,787.98,2023,pending
462,365,987.70,2021,refunded
463,129,45.11,2021,completed
464,10,567.33,2020,completed
465,463,874.70,2024,cancelled
466,250,779.81,2023,refunded
467,376,995.17,2022,completed
468,47,151.58,2024,completed
469,391,538.52,2024,completed
470,299,169.11,2020,cancelled
471,41,97.46,2020,pending
472,1,596.90,2023,cancelled
473,353,762.97,2020,completed
474,189,348.02,2021,completed
475,351,288.06,2023,completed
476,375,363.92,2022,completed
477,335,558.25,2020,pending
478,495,289.48,2020,cancelled
479,352,707.10,2023,cancelled
480,290,20.65,2023,completed
481,367,13.89,2020,pending
482,329,388.58,2024,completed
483,83,93.03,2020,pending
484,469,847.65,2020,completed
485,49,81.47,2023,cancelled
486,108,304.51,2022,refunded
487,454,513.51,2022,cancelled
488,52,556.48,2022,completed
489,495,125.63,2022,cancelled
490,325,774.30,2020,completed
491,108,572.73,2024,pending
492,271,893.94,2022,completed
493,81,12.41,2024,refunded
494,112,145.95,2022,cancelled
495,233,612.88,2023,refunded
496,198,885.39,2022,completed
497,496,107.79,2020,pending
498,289,930.32,2023,completed
499,326,18.09,2021,completed
500,81,126.54,2020,pending
501,118,351.91,2024,completed
502,93,232.01,2023,cancelled
503,127,928.91,2020,cancelled
504,432,915.55,2024,completed
505,118,424.36,2022,completed
506,356,627.42,2021,completed
507,56,971.04,2023,cancelled
508,238,167.27,2022,pending
509,335,852.56,2020,refunded
510,225,897.73,2023,pending
511,326,438.85,2024,completed
512,260,556.30,2020,completed
513,332,915.14,2024,refunded
514,76,252.56,2024,pending
515,260,469.09,2023,pending
516,315,486.33,2024,cancelled
517,305,567.96,2020,refunded
518,171,356.73,2022,pending
519,482,544.50,2023,completed
520,201,161.57,2024,completed
521,53,132.51,2020,completed
522,287,286.58,2020,completed
523,367,203.96,2020,completed
524,493,756.05,2024,completed
525,435,279.11,2024,refunded
526,48,920.61,2022,completed
527,264,965.60,2024,completed
528,201,653.40,2022,completed
529,195,276.71,2024,pending
530,351,268.92,2024,completed
531,322,793.07,2022,cancelled
532,402,484.01,2024,cancelled
533,495,60.10,2023,refunded
534,477,433.16,2023,cancelled
535,272,491.32,2024,cancelled
536,144,992.71,2021,completed
537,8,407.22,2020,refunded
538,495,813.52,2024,completed
539,51,867.26,2020,completed
540,80,522.35,2022,pending
541,172,885.80,2023,cancelled
542,178,550.61,2024,refunded
543,185,882.67,2023,pending
544,411,770.39,2022,cancelled
545,353,300.14,2020,pending
546,396,207.87,2020,completed
547,261,950.79,2021,completed
548,314,693.76,2022,completed
549,170,377.12,2023,cancelled
550,234,760.96,2020,completed
551,401,86.48,2023,completed
552,254,208.17,2024,refunded
553,292,130.46,2022,completed
554,478,725.90,2022,refunded
555,200,459.55,2021,completed
556,233,773.91,2022,cancelled
557,14,663.71,2024,completed
558,175,977.07,2022,completed
559,19,295.65,2024,completed
560,240,867.89,2024,refunded
561,214,434.94,2024,completed
562,270,635.51,2021,refunded
563,39,806.43,2020,refunded
564,316,326.58,2022,refunded
565,348,546.25,2023,pending
566,316,492.39,2021,cancelled
567,418,882.19,2022,cancelled
568,391,846.78,2024,cancelled
569,353,811.67,2021,refunded
570,309,148.85,2020,completed
571,73,991.36,2022,completed
572,409,426.48,2022,refunded
573,242,457.53,2024,cancelled
574,218,680.33,2023,pending
575,497,382.60,2020,pending
576,110,416.97,2022,completed
577,356,279.01,2024,completed
578,269,594.13,2024,completed
579,320,771.67,2024,pending
580,35,921.52,2023,completed
581,274,155.00,2024,cancelled
582,299,318.41,2022,completed
583,38,669.47,2024,completed
584,189,29.12,2024,refunded
585,105,814.95,2021,completed
586,26,471.93,2024,pending
587,138,385.62,2022,cancelled
588,493,95.99,2022,pending
589,247,389.53,2022,refunded
590,325,57.15,2020,refunded
591,173,528.48,2022,completed
592,272,493.92,2021,completed
593,135,29.15,2020,cancelled
594,220,853.98,2021,cancelled
595,53,367.57,2022,completed
596,7,342.70,2023,completed
597,277,188.29,2021,cancelled
598,442,277.23,2020,completed
599,429,376.31,2024,refunded
600,358,714.29,2021,pending
601,220,508.77,2023,completed
602,233,521.61,2022,completed
603,326,285.90,2021,completed
604,129,571.98,2024,completed
605,362,155.60,2020,cancelled
606,137,221.80,2020,completed
607,203,651.09,2024,cancelled
608,338,288.66,2020,refunded
609,222,378.37,2023,cancelled
610,8,28.46,2022,refunded
611,81,116.13,2022,completed
612,176,314.12,2024,completed
613,266,693.24,2022,cancelled
614,391,659.89,2023,cancelled
615,116,17.42,2024,pending
616,126,999.90,2021,pending
617,143,887.78,2020,pending
618,179,87.65,2020,completed
619,137,172.84,2021,cancelled
620,267,523.29,2022,completed
621,447,844.01,2020,cancelled
622,318,322.62,2020,completed
623,104,801.64,2022,completed
624,344,194.99,2023,pending
625,435,791.58,2020,completed
626,159,29.28,2024,refunded
627,219,222.45,2024,pending
628,393,298.29,2020,completed
629,123,179.08,2024,completed
630,177,843.28,2023,refunded
631,430,17.64,2023,completed
632,171,966.53,2024,pending
633,1,853.97,2020,completed
634,132,614.83,2022,pending
635,202,92.88,2021,pending
636,352,722.39,2022,completed
637,395,288.61,2020,refunded
638,371,668.22,2023,completed
639,52,362.18,2020,cancelled
640,486,457.38,2020,refunded
641,410,404.12,2021,completed
642,231,880.08,2023,refunded
643,455,778.47,2021,completed
644,444,76.32,2021,completed
645,70,315.15,2023,completed
646,288,413.23,2023,completed
647,213,127.88,2024,completed
648,106,956.72,2020,refunded
649,150,987.44,2021,refunded
650,74,77.71,2020,completed
651,386,469.32,2024,completed
652,52,90.47,2023,cancelled
653,453,46.05,2021,completed
654,496,175.49,2023,cancelled
655,139,428.82,2022,completed
656,191,536.17,2023,completed
657,87,196.41,2023,completed
658,10,949.14,2020,completed
659,31,287.13,2021,completed
660,351,739.22,2023,completed
661,440,654.03,2024,completed
662,367,804.89,2023,cancelled
663,361,609.87,2020,completed
664,406,583.04,2022,refunded
665,196,64.81,2023,refunded
666,379,480.89,2024,completed
667,335,541.56,2024,completed
668,443,48.72,2024,completed
669,46,650.58,2020,pending
670,27,290.32,2023,completed
671,153,256.07,2022,cancelled
672,267,608.06,2022,completed
673,52,989.57,2021,pending
674,489,836.25,2023,pending
675,439,790.68,2022,completed
676,91,963.50,2020,completed
677,65,862.29,2021,completed
678,481,594.84,2024,completed
679,406,16.54,2023,completed
680,365,585.32,2024,refunded
681,157,925.09,2024,cancelled
682,304,208.72,2022,pending
683,312,592.51,2021,completed
684,439,95.90,2024,pending
685,489,944.43,2021,refunded
686,396,469.33,2022,completed
687,336,599.51,2023,refunded
688,4,933.63,2024,pending
689,201,558.58,2023,completed
690,321,369.49,2024,refunded
691,495,731.08,2024,pending
692,242,396.34,2022,completed
693,219,88.19,2023,completed
694,240,860.49,2021,completed
695,227,679.10,2021,refunded
696,307,68.65,2024,cancelled
697,342,645.06,2021,pending
698,419,438.07,2023,completed
699,396,399.98,2022,refunded
700,167,874.61,2023,completed
701,222,266.33,2021,cancelled
702,173,618.60,2022,completed
703,258,294.09,2024,completed
704,52,849.89,2024,completed
705,488,246.11,2022,completed
706,181,886.16,2023,completed
707,384,622.14,2024,refunded
708,170,486.77,2022,completed
709,281,377.69,2021,completed
710,153,341.16,2023,refunded
711,51,452.14,2021,pending
712,379,131.14,2020,completed
713,261,148.13,2021,completed
714,162,705.43,2024,cancelled
715,459,148.97,2022,completed
716,196,490.31,2022,refunded
717,382,69.93,2024,refunded
718,30,843.25,2024,completed
719,349,746.50,2024,completed
720,469,887.26,2022,completed
721,475,545.43,2024,pending
722,88,979.30,2020,refunded
723,282,872.58,2020,pending
724,110,196.89,2021,completed
725,165,492.92,2022,completed
726,118,797.96,2022,pending
727,272,215.79,2021,refunded
728,69,83.58,2021,completed
729,105,133.32,2020,completed
730,177,853.95,2020,completed
731,43,462.45,2021,completed
732,439,262.74,2023,completed
733,489,816.49,2023,completed
734,342,476.25,2023,completed
735,65,796.99,2022,completed
736,430,535.43,2021,refunded
737,158,771.15,2023,cancelled
738,441,289.59,2021,completed
739,333,67.62,2021,completed
740,88,458.97,2023,cancelled
741,108,752.07,2020,cancelled
742,181,493.17,2021,completed
743,452,768.05,2020,completed
744,463,506.74,2023,completed
745,416,960.43,2022,completed
746,468,825.81,2021,pending
747,154,698.81,2023,cancelled
748,141,791.91,2022,cancelled
749,397,795.50,2023,pending
750,293,750.31,2024,completed
751,320,138.37,2021,completed
752,21,253.13,2024,completed
753,461,85.39,2022,completed
754,181,604.81,2020,pending
755,461,724.34,2024,completed
756,417,401.29,2023,pending
757,338,238.45,2024,refunded
758,497,195.35,2022,completed
759,483,834.02,2024,pending
760,190,197.09,2024,refunded
761,295,12.83,2022,pending
762,148,860.35,2023,completed
763,404,801.49,2023,cancelled
764,346,567.15,2020,completed
765,198,230.66,2020,pending
766,34,858.70,2021,pending
767,367,534.13,2021,completed
768,55,839.81,2024,cancelled
769,481,979.65,2020,refunded
770,222,76.39,2024,completed
771,431,991.85,2023,cancelled
772,488,830.23,2024,completed
773,75,314.90,2023,cancelled
774,355,944.74,2024,refunded
775,470,784.19,2022,completed
776,97,375.51,2023,completed
777,36,88.06,2020,completed
778,497,191.41,2023,completed
779,227,57.80,2021,completed
780,33,364.70,2023,pending
781,407,893.66,2022,refunded
782,232,393.62,2023,completed
783,392,452.36,2021,pending
784,375,637.70,2021,completed
785,13,98.40,2023,cancelled
786,354,346.65,2020,cancelled
787,262,155.08,2022,completed
788,81,125.83,2022,completed
789,335,17.61,2024,completed
790,192,851.41,2023,refunded
791,474,468.38,2021,cancelled
792,345,470.55,2022,completed
793,280,936.20,2020,cancelled
794,98,585.29,2023,completed
795,107,131.51,2022,cancelled
796,43,842.55,2022,cancelled
797,240,639.96,2021,completed
798,51,918.86,2022,refunded
799,464,797.68,2024,completed
800,89,136.30,2022,completed
801,125,961.17,2023,pending
802,271,457.65,2022,completed
803,299,687.69,2024,pending
804,197,542.87,2022,completed
805,13,251.81,2023,cancelled
806,91,13.30,2021,completed
807,186,865.86,2023,cancelled
808,87,619.39,2020,completed
809,176,94.64,2022,completed
810,287,267.35,2022,completed
811,253,23.75,2024,cancelled
812,268,722.93,2023,cancelled
813,472,191.51,2024,completed
814,450,867.09,2023,refunded
815,106,802.26,2021,cancelled
816,419,262.77,2022,pending
817,322,895.93,2023,completed
818,7,651.66,2021,completed
819,10,982.06,2024,completed
820,311,767.29,2022,pending
821,36,771.50,2022,refunded
822,63,246.03,2023,pending
823,16,896.28,2024,cancelled
824,157,652.87,2020,refunded
825,161,875.93,2021,completed
826,194,543.51,2020,completed
827,422,445.83,2023,refunded
828,421,325.83,2023,pending
829,148,813.47,2024,completed
830,415,336.53,2020,completed
831,289,205.29,2021,pending
832,430,215.33,2022,completed
833,68,840.34,2021,pending
834,497,960.16,2022,completed
835,374,844.76,2020,completed
836,18,950.51,2020,completed
837,143,759.22,2023,cancelled
838,11,906.78,2023,completed
839,60,49.85,2022,refunded
840,304,914.92,2024,completed
841,368,96.03,2023,completed
842,231,687.36,2021,completed
843,392,936.59,2023,completed
844,313,159.69,2024,cancelled
845,164,610.82,2020,completed
846,395,881.83,2020,completed
847,356,625.15,2020,completed
848,450,132.03,2024,completed
849,255,400.23,2021,cancelled
850,69,155.60,2021,completed
851,89,965.19,2023,completed
852,430,281.94,2020,cancelled
853,128,846.35,2024,pending
854,148,757.16,2020,pending
855,471,750.80,2020,refunded
856,199,540.63,2023,completed
857,309,992.36,2022,completed
858,107,878.72,2022,completed
859,325,549.14,2021,refunded
860,169,311.46,2021,completed
861,368,42.57,2020,completed
862,45,279.12,2024,cancelled
863,405,989.27,2020,completed
864,122,355.32,2020,cancelled
865,65,45.44,2024,completed
866,200,96.96,2021,completed
867,251,485.85,2021,refunded
868,463,444.60,2023,completed
869,11,842.96,2021,pending
870,355,630.85,2021,completed
871,268,502.20,2021,completed
872,249,924.48,2023,completed
873,63,751.36,2023,completed
874,226,108.34,2023,refunded
875,484,101.35,2022,completed
876,49,688.54,2023,completed
877,81,615.76,2024,refunded
878,409,133.10,2021,cancelled
879,432,217.17,2022,completed
880,163,106.64,2022,pending
881,468,855.84,2020,pending
882,390,804.99,2023,completed
883,325,19.29,2021,pending
884,500,466.45,2022,refunded
885,493,329.24,2023,completed
886,61,950.61,2022,refunded
887,303,304.36,2023,completed
888,94,403.45,2024,pending
889,169,936.40,2023,completed
890,453,522.85,2022,completed
891,353,435.76,2024,pending
892,154,429.94,2023,completed
893,222,794.70,2024,completed
894,386,482.25,2020,completed
895,45,75.84,2024,completed
896,294,628.09,2023,refunded
897,426,373.34,2024,completed
898,336,861.75,2022,refunded
899,424,280.10,2023,cancelled
900,357,603.23,2021,completed
901,91,327.48,2022,completed
902,483,844.44,2023,completed
903,67,738.90,2020,completed
904,384,787.92,2021,completed
905,409,454.85,2024,refunded
906,228,301.36,2024,cancelled
907,440,390.19,2024,refunded
908,191,369.28,2022,refunded
909,292,922.80,2022,pending
910,25,513.78,2024,completed
911,436,81.57,2022,completed
912,295,114.42,2020,refunded
913,482,261.39,2022,pending
914,125,784.92,2022,pending
915,259,353.98,2020,refunded
916,431,284.47,2021,refunded
917,482,60.89,2021,completed
918,103,81.18,2020,completed
919,238,919.11,2023,completed
920,291,911.50,2021,completed
921,35,789.29,2020,pending
922,20,630.60,2021,completed
923,385,327.23,2024,completed
924,80,523.62,2024,completed
925,387,744.64,2021,refunded
926,233,73.03,2020,completed
927,489,734.22,2024,cancelled
928,253,588.41,2022,completed
929,237,49.11,2020,cancelled
930,478,516.92,2024,completed
931,374,115.21,2022,refunded
932,16,827.85,2023,pending
933,300,237.42,2021,refunded
934,433,481.41,2021,completed
935,97,686.92,2020,refunded
936,48,74.01,2023,completed
937,185,709.05,2024,completed
938,371,363.38,2021,pending
939,259,863.20,2024,completed
940,57,214.30,2022,pending
941,476,506.29,2021,refunded
942,408,274.64,2020,pending
943,32,968.26,2021,completed
944,97,431.66,2024,refunded
945,451,107.69,2023,pending
946,398,601.76,2023,refunded
947,144,330.14,2020,completed
948,475,639.68,2024,completed
949,142,458.74,2020,cancelled
950,206,160.49,2021,completed
951,165,534.39,2023,pending
952,430,366.01,2022,pending
953,363,582.60,2024,completed
954,424,802.70,2024,refunded
955,188,386.03,2022,pending
956,447,320.31,2024,refunded
957,9,594.67,2020,completed
958,123,417.47,2022,cancelled
959,80,118.64,2020,completed
960,106,156.34,2020,cancelled
961,225,137.83,2020,cancelled
962,63,677.86,2024,refunded
963,161,940.96,2024,pending
964,28,351.91,2021,pending
965,495,955.92,2022,completed
966,245,618.54,2022,pending
967,58,349.52,2021,cancelled
968,35,202.17,2023,completed
969,58,938.96,2021,cancelled
970,343,362.49,2020,refunded
971,239,579.53,2023,completed
972,54,285.61,2023,completed
973,21,241.75,2023,completed
974,165,76.15,2020,pending
975,471,520.15,2024,cancelled
976,58,631.08,2022,completed
977,45,939.47,2023,completed
978,83,76.96,2024,completed
979,379,43.09,2020,refunded
980,451,973.09,2021,completed
981,24,36.90,2021,completed
982,345,681.07,2024,pending
983,431,853.38,2023,refunded
984,460,834.61,2022,completed
985,235,652.11,2022,completed
986,313,534.44,2024,cancelled
987,374,208.86,2021,completed
988,272,285.73,2020,completed
989,470,51.08,2022,pending
990,286,119.46,2024,refunded
991,180,511.80,2023,completed
992,440,845.97,2020,refunded
993,116,197.35,2024,refunded
994,406,368.72,2024,pending
995,310,858.07,2024,completed
996,135,792.16,2022,completed
997,367,842.38,2023,completed
998,137,197.89,2020,pending
999,328,16.96,2021,completed
1000,289,832.66,2022,pending
1001,130,892.25,2023,completed
1002,117,593.40,2022,refunded
1003,75,118.61,2020,cancelled
1004,93,471.42,2020,completed
1005,99,203.01,2024,completed
1006,479,675.29,2022,pending
1007,312,516.67,2023,refunded
1008,431,861.68,2023,completed
1009,233,399.22,2023,pending
1010,334,604.91,2023,refunded
1011,177,858.76,2022,pending
1012,62,734.87,2023,refunded
1013,336,788.20,2021,completed
1014,245,529.24,2023,completed
1015,26,587.36,2020,cancelled
1016,6,310.53,2021,completed
1017,496,11.27,2021,cancelled
1018,359,846.81,2022,completed
1019,333,531.67,2023,completed
1020,195,486.63,2022,completed
1021,112,15.11,2024,pending
1022,189,346.71,2021,completed
1023,93,567.46,2020,cancelled
1024,178,90.84,2022,pending
1025,201,827.80,2021,pending
1026,91,34.34,2020,cancelled
1027,479,500.17,2024,completed
1028,484,967.39,2022,completed
1029,234,976.90,2020,cancelled
1030,169,793.68,2022,completed
1031,25,444.41,2022,completed
1032,140,146.81,2024,cancelled
1033,23,156.48,2021,completed
1034,492,493.91,2021,completed
1035,429,608.98,2024,cancelled
1036,210,163.11,2022,completed
1037,304,637.35,2024,completed
1038,310,245.52,2024,pending
1039,436,673.71,2020,completed
1040,347,585.03,2024,refunded
1041,215,740.99,2023,completed
1042,277,342.25,2021,pending
1043,469,156.40,2022,completed
1044,455,469.95,2023,completed
1045,331,193.88,2024,completed
1046,270,489.83,2020,pending
1047,327,232.15,2024,completed
1048,40,658.95,2020,cancelled
1049,118,50.11,2020,completed
1050,219,447.28,2020,pending
1051,494,701.68,2022,completed
1052,441,888.69,2022,completed
1053,21,921.86,2020,refunded
1054,181,740.61,2022,pending
1055,346,477.56,2023,completed
1056,286,537.02,2022,refunded
1057,116,961.37,2024,cancelled
1058,330,338.45,2024,completed
1059,390,737.11,2023,pending
1060,74,234.90,2021,pending
1061,136,495.40,2020,refunded
1062,365,300.09,2021,completed
1063,219,424.67,2020,cancelled
1064,112,563.28,2024,completed
1065,82,840.45,2024,refunded
1066,200,643.57,2023,completed
1067,271,569.74,2023,completed
1068,284,695.97,2023,cancelled
1069,126,637.96,2023,cancelled
1070,405,611.82,2020,completed
1071,146,38.58,2023,completed
1072,152,618.38,2023,refunded
1073,165,947.46,2021,completed
1074,375,189.33,2020,refunded
1075,76,792.99,2021,pending
1076,48,555.79,2024,completed
1077,291,389.07,2022,completed
1078,350,516.87,2020,refunded
1079,68,368.44,2022,pending
1080,94,592.86,2024,refunded
1081,216,525.72,2024,pending
1082,354,327.64,2024,completed
1083,177,634.61,2020,completed
1084,163,777.61,2022,completed
1085,335,124.90,2022,cancelled
1086,205,908.63,2021,refunded
1087,39,506.26,2020,pending
1088,326,607.08,2023,completed
1089,370,745.00,2021,completed
1090,248,272.79,2021,completed
1091,205,175.75,2020,completed
1092,203,158.10,2024,pending
1093,96,245.41,2020,pending
1094,367,394.69,2020,completed
1095,278,356.05,2021,completed
1096,82,971.33,2021,completed
1097,248,791.71,2022,cancelled
1098,73,805.29,2020,refunded
1099,258,758.76,2024,cancelled
1100,486,288.64,2024,refunded
1101,392,615.56,2024,completed
1102,1,665.20,2023,refunded
1103,449,105.38,2020,completed
1104,210,970.30,2020,refunded
1105,441,815.18,2023,completed
1106,152,966.99,2022,completed
1107,226,753.36,2024,completed
1108,172,258.66,2021,completed
1109,143,687.98,2024,refunded
1110,247,653.35,2022,completed
1111,491,256.32,2022,refunded
1112,168,725.94,2023,completed
1113,10,744.98,2022,completed
1114,413,865.58,2023,pending
1115,443,589.59,2020,completed
1116,232,418.93,2024,completed
1117,428,15.66,2024,completed
1118,105,753.43,2023,completed
1119,28,68.85,2023,refunded
1120,281,868.04,2023,completed
1121,259,889.91,2024,refunded
1122,445,26.93,2023,cancelled
1123,334,519.94,2021,cancelled
1124,463,859.18,2021,pending
1125,118,591.47,2022,completed
1126,279,721.18,2020,completed
1127,95,66.94,2021,refunded
1128,126,752.68,2022,completed
1129,257,793.29,2022,completed
1130,34,243.97,2020,completed
1131,164,631.24,2024,completed
1132,53,326.69,2021,completed
1133,206,626.56,2020,completed
1134,23,384.72,2024,pending
1135,260,683.75,2022,completed
1136,111,445.01,2021,cancelled
1137,307,479.42,2021,completed
1138,344,417.46,2021,completed
1139,358,124.55,2023,completed
1140,7,295.23,2024,completed
1141,366,993.35,2020,pending
1142,369,451.22,2020,completed
1143,407,501.93,2024,completed
1144,81,508.62,2022,completed
1145,239,23.31,2020,completed
1146,20,521.44,2021,completed
1147,450,682.53,2022,completed
1148,392,748.68,2020,completed
1149,29,911.56,2022,completed
1150,161,315.99,2023,completed
1151,245,635.59,2020,refunded
1152,352,717.71,2021,completed
1153,298,723.75,2023,refunded
1154,332,430.60,2022,cancelled
1155,415,464.66,2020,cancelled
1156,318,628.57,2024,completed
1157,385,295.17,2020,completed
1158,100,949.55,2020,pending
1159,463,759.08,2020,cancelled
1160,87,442.08,2024,completed
1161,129,895.01,2020,cancelled
1162,40,316.50,2023,completed
1163,57,842.53,2020,completed
1164,307,919.93,2020,cancelled
1165,281,514.53,2021,completed
1166,2,505.23,2024,completed
1167,46,302.37,2024,refunded
1168,58,508.22,2021,pending
1169,308,826.20,2022,pending
1170,328,674.50,2021,cancelled
1171,253,980.70,2024,pending
1172,176,61.69,2020,completed
1173,224,509.84,2024,completed
1174,310,739.65,2022,pending
1175,331,756.02,2021,refunded
1176,83,904.91,2023,pending
1177,480,963.18,2023,cancelled
1178,60,422.41,2020,completed
1179,309,177.18,2020,cancelled
1180,443,516.36,2020,completed
1181,211,213.44,2020,completed
1182,359,621.15,2021,pending
1183,358,18.12,2024,pending
1184,111,988.00,2022,cancelled
1185,483,237.34,2022,completed
1186,471,935.59,2023,pending
1187,172,635.06,2023,completed
1188,474,214.74,2021,completed
1189,479,935.03,2024,pending
1190,299,609.66,2022,completed
1191,487,843.82,2023,completed
1192,298,427.56,2022,cancelled
1193,172,186.27,2022,completed
1194,343,687.46,2020,cancelled
1195,248,861.78,2020,completed
1196,108,383.00,2021,completed
1197,100,774.84,2021,completed
1198,385,309.44,2024,completed
1199,349,93.94,2024,pending
1200,17,715.84,2022,pending
1201,345,441.10,2022,completed
1202,487,148.84,2021,completed
1203,430,877.88,2024,completed
1204,158,467.44,2020,pending
1205,91,284.74,2023,pending
1206,326,360.09,2023,pending
1207,121,12.24,2021,cancelled
1208,29,371.69,2022,cancelled
1209,203,853.00,2024,cancelled
1210,374,583.77,2024,completed
1211,57,116.83,2024,refunded
1212,233,682.69,2024,refunded
1213,256,93.48,2020,pending
1214,454,699.19,2024,refunded
1215,457,379.84,2021,completed
1216,493,425.23,2021,cancelled
1217,437,90.46,2023,pending
1218,458,479.93,2024,cancelled
1219,135,987.63,2022,completed
1220,443,92.44,2020,refunded
1221,213,879.32,2021,cancelled
1222,248,35.11,2022,completed
1223,255,752.00,2022,cancelled
1224,492,118.14,2024,completed
1225,275,52.83,2021,completed
1226,231,378.47,2021,pending
1227,473,570.58,2022,completed
1228,156,619.02,2023,completed
1229,144,509.92,2021,cancelled
1230,122,524.49,2024,completed
1231,485,229.63,2023,completed
1232,148,265.85,2021,completed
1233,358,625.63,2022,refunded
1234,392,286.36,2022,cancelled
1235,230,591.66,2020,completed
1236,273,683.81,2022,completed
1237,486,619.71,2022,completed
1238,473,653.25,2020,cancelled
1239,367,541.04,2024,cancelled
1240,61,429.87,2021,completed
1241,82,888.02,2020,completed
1242,215,737.92,2023,completed
1243,49,340.94,2022,pending
1244,459,733.39,2022,completed
1245,95,985.95,2024,refunded
1246,277,424.21,2020,refunded
1247,262,142.42,2023,completed
1248,306,203.50,2024,pending
1249,138,676.33,2021,completed
1250,230,478.31,2020,refunded
1251,395,262.93,2022,pending
1252,55,207.97,2024,cancelled
1253,112,431.05,2021,completed
1254,60,752.36,2023,refunded
1255,411,689.23,2021,refunded
1256,193,392.47,2020,cancelled
1257,481,496.23,2020,completed
1258,225,964.21,2022,completed
1259,378,481.30,2021,cancelled
1260,450,295.84,2022,pending
1261,447,862.75,2021,pending
1262,205,351.91,2023,pending
1263,260,331.96,2020,completed
1264,201,705.33,2023,refunded
1265,178,587.76,2023,completed
1266,320,906.06,2020,completed
1267,91,457.58,2021,cancelled
1268,171,489.22,2022,pending
1269,219,963.48,2021,cancelled
1270,61,578.19,2021,completed
1271,213,557.83,2022,completed
1272,154,135.15,2024,refunded
1273,468,327.17,2024,completed
1274,437,261.17,2022,cancelled
1275,419,831.99,2024,pending
1276,272,909.78,2020,cancelled
1277,272,725.67,2023,cancelled
1278,404,354.84,2021,completed
1279,238,72.96,2022,completed
1280,404,325.16,2024,completed
1281,133,46.57,2024,completed
1282,419,598.53,2020,completed
1283,8,258.27,2020,cancelled
1284,301,930.00,2023,completed
1285,466,646.70,2020,completed
1286,58,470.40,2022,pending
1287,475,757.70,2024,cancelled
1288,482,807.90,2023,completed
1289,250,202.20,2023,completed
1290,456,514.15,2020,completed
1291,48,534.46,2021,pending
1292,314,134.14,2020,pending
1293,124,308.83,2021,cancelled
1294,15,645.84,2022,completed
1295,262,63.55,2022,completed
1296,173,324.28,2020,refunded
1297,168,710.64,2021,pending
1298,10,383.47,2020,completed
1299,157,205.63,2021,completed
1300,351,82.00,2024,cancelled
1301,65,567.49,2020,cancelled
1302,119,155.23,2023,completed
1303,142,364.93,2023,pending
1304,481,100.36,2022,completed
1305,68,232.64,2021,completed
1306,271,64.33,2023,completed
1307,43,624.66,2022,cancelled
1308,206,453.66,2024,pending
1309,231,339.39,2021,completed
1310,472,901.25,2023,completed
1311,153,537.77,2024,cancelled
1312,84,574.67,2022,pending
1313,34,154.47,2021,completed
1314,354,30.73,2023,completed
1315,115,375.99,2023,completed
1316,142,161.44,2021,cancelled
1317,130,434.62,2022,completed
1318,298,737.49,2021,pending
1319,237,309.90,2023,cancelled
1320,486,773.87,2022,pending
1321,174,430.83,2024,completed
1322,307,234.38,2020,pending
1323,216,210.53,2021,refunded
1324,156,24.38,2023,cancelled
1325,4,781.09,2022,cancelled
1326,196,845.08,2022,completed
1327,259,29.27,2023,pending
1328,204,681.70,2024,completed
1329,39,40.27,2023,refunded
1330,459,883.45,2021,refunded
1331,413,829.02,2020,cancelled
1332,300,784.03,2024,cancelled
1333,19,655.91,2020,completed
1334,343,966.25,2021,cancelled
1335,19,952.50,2023,pending
1336,423,895.08,2021,completed
1337,280,845.93,2024,completed
1338,410,877.25,2021,completed
1339,380,467.68,2021,completed
1340,166,652.11,2023,cancelled
1341,236,562.14,2020,pending
1342,455,816.72,2022,completed
1343,177,727.96,2020,completed
1344,144,369.72,2024,cancelled
1345,86,336.20,2021,completed
1346,428,483.35,2020,refunded
1347,428,872.75,2024,cancelled
1348,297,782.10,2023,cancelled
1349,443,269.17,2020,cancelled
1350,497,938.34,2024,completed
1351,216,509.71,2023,completed
1352,56,649.96,2022,completed
1353,123,209.46,2020,completed
1354,97,307.94,2023,refunded
1355,69,557.28,2022,completed
1356,499,59.65,2021,completed
1357,435,268.89,2023,completed
1358,133,586.67,2020,completed
1359,464,887.15,2020,refunded
1360,47,243.64,2024,completed
1361,425,624.88,2022,cancelled
1362,111,428.59,2021,completed
1363,307,757.07,2020,refunded
1364,465,592.13,2021,completed
1365,360,322.89,2023,refunded
1366,39,693.75,2020,completed
1367,335,664.05,2023,cancelled
1368,115,109.86,2021,cancelled
1369,495,122.64,2021,pending
1370,20,217.92,2022,cancelled
1371,53,550.74,2022,refunded
1372,246,641.86,2020,pending
1373,182,699.36,2024,pending
1374,90,286.57,2024,completed
1375,448,434.49,2023,refunded
1376,220,659.49,2020,cancelled
1377,111,15.23,2024,completed
1378,174,28.10,2022,completed
1379,227,317.03,2021,pending
1380,246,20.56,2024,completed
1381,417,228.17,2024,completed
1382,110,881.01,2022,completed
1383,74,836.73,2024,completed
1384,19,611.96,2024,completed
1385,185,274.76,2021,completed
1386,212,875.71,2022,refunded
1387,129,983.61,2020,completed
1388,392,398.00,2022,pending
1389,452,161.13,2023,pending
1390,424,393.75,2024,completed
1391,385,617.42,2023,refunded
1392,378,482.64,2022,completed
1393,38,381.03,2023,pending
1394,388,868.86,2023,completed
1395,221,845.52,2022,cancelled
1396,260,925.78,2022,completed
1397,152,162.48,2020,pending
1398,484,329.84,2020,completed
1399,102,818.88,2020,cancelled
1400,444,491.08,2020,completed
1401,291,514.24,2021,completed
1402,435,88.26,2023,cancelled
1403,200,423.29,2022,refunded
1404,413,31.52,2023,completed
1405,335,801.79,2024,pending
1406,286,646.90,2021,cancelled
1407,350,39.08,2022,completed
1408,364,224.75,2024,completed
1409,386,265.91,2022,completed
1410,320,681.38,2024,completed
1411,331,340.27,2022,completed
1412,196,471.68,2023,pending
1413,340,912.04,2020,cancelled
1414,53,781.67,2024,completed
1415,385,189.19,2024,completed
1416,236,663.73,2020,completed
1417,387,553.17,2022,cancelled
1418,321,923.81,2024,cancelled
1419,175,157.91,2024,refunded
1420,375,305.54,2022,cancelled
1421,92,106.24,2021,pending
1422,369,308.44,2024,cancelled
1423,440,154.30,2022,completed
1424,389,80.10,2024,pending
1425,246,148.72,2022,completed
1426,77,534.25,2024,cancelled
1427,28,863.88,2023,completed
1428,112,252.38,2024,refunded
1429,36,260.49,2024,cancelled
1430,143,968.79,2020,completed
1431,458,446.59,2023,completed
1432,148,266.55,2024,completed
1433,188,156.34,2024,refunded
1434,209,186.13,2024,completed
1435,447,897.18,2023,refunded
1436,48,878.73,2022,completed
1437,345,415.29,2020,pending
1438,141,871.70,2023,completed
1439,65,676.83,2022,cancelled
1440,388,522.52,2021,completed
1441,335,163.50,2023,completed
1442,393,475.27,2020,refunded
1443,192,257.92,2023,refunded
1444,441,103.26,2024,cancelled
1445,229,753.49,2024,refunded
1446,171,15.31,2024,refunded
1447,50,128.80,2024,pending
1448,45,517.37,2024,completed
1449,348,936.77,2021,pending
1450,432,193.45,2020,refunded
1451,113,558.54,2022,pending
1452,163,473.43,2023,pending
1453,386,916.82,2024,completed
1454,210,177.70,2021,completed
1455,7,741.83,2024,cancelled
1456,385,808.21,2024,cancelled
1457,177,617.32,2020,completed
1458,63,170.12,2021,completed
1459,349,883.86,2020,completed
1460,126,207.57,2024,completed
1461,413,741.13,2024,refunded
1462,289,714.00,2020,completed
1463,308,927.90,2022,pending
1464,39,14.11,2024,completed
1465,286,270.23,2021,refunded
1466,53,822.95,2021,completed
1467,106,511.75,2020,pending
1468,338,628.17,2024,cancelled
1469,215,201.00,2021,completed
1470,256,140.66,2020,completed
1471,285,688.92,2022,completed
1472,173,788.28,2023,completed
1473,226,173.14,2024,cancelled
1474,57,901.51,2021,refunded
1475,32,377.18,2021,pending
1476,122,946.86,2021,pending
1477,466,573.41,2021,completed
1478,160,731.84,2021,completed
1479,266,934.70,2022,completed
1480,9,415.20,2021,cancelled
1481,31,416.30,2024,completed
1482,203,638.12,2022,refunded
1483,425,982.01,2024,pending
1484,466,599.73,2020,completed
1485,422,912.63,2021,completed
1486,435,445.90,2021,completed
1487,127,294.40,2020,refunded
1488,283,844.93,2023,refunded
1489,164,765.69,2022,completed
1490,112,964.15,2020,completed
1491,224,970.34,2020,completed
1492,316,273.79,2020,pending
1493,46,517.48,2022,completed
1494,394,64.37,2021,completed
1495,272,310.94,2021,completed
1496,369,843.28,2023,refunded
1497,72,671.77,2024,completed
1498,20,866.25,2022,completed
1499,305,622.64,2021,refunded
1500,113,846.00,2022,cancelled
1501,226,174.53,2022,refunded
1502,105,731.18,2022,completed
1503,254,558.50,2020,refunded
1504,166,967.92,2021,completed
1505,316,918.34,2024,refunded
1506,468,926.66,2023,completed
1507,42,587.65,2020,pending
1508,234,741.63,2024,refunded
1509,403,866.52,2023,completed
1510,64,968.98,2021,pending
1511,285,179.57,2021,refunded
1512,209,555.45,2024,pending
1513,136,221.68,2021,cancelled
1514,242,165.41,2023,completed
1515,60,855.43,2020,completed
1516,482,918.31,2024,refunded
1517,262,597.38,2023,refunded
1518,99,767.03,2022,completed
1519,227,476.01,2020,completed
1520,91,731.99,2020,completed
1521,79,51.88,2024,completed
1522,475,168.82,2023,refunded
1523,431,79.29,2020,pending
1524,50,471.37,2024,completed
1525,64,410.18,2020,pending
1526,454,731.81,2022,completed
1527,386,532.94,2021,refunded
1528,73,11.60,2022,pending
1529,124,710.00,2023,completed
1530,364,292.18,2020,completed
1531,16,925.60,2024,completed
1532,221,327.59,2024,pending
1533,149,670.80,2022,cancelled
1534,245,644.64,2022,pending
1535,383,641.32,2021,cancelled
1536,185,860.46,2020,cancelled
1537,72,908.20,2023,completed
1538,421,541.93,2021,completed
1539,73,324.62,2023,cancelled
1540,123,640.04,2022,completed
1541,461,981.76,2020,completed
1542,227,48.74,2024,cancelled
1543,21,318.78,2022,completed
1544,288,295.04,2024,cancelled
1545,153,796.77,2023,completed
1546,451,343.98,2023,refunded
1547,85,139.79,2024,completed
1548,113,146.54,2022,pending
1549,252,21.12,2021,completed
1550,438,379.34,2022,cancelled
1551,396,352.87,2022,pending
1552,26,392.54,2020,cancelled
1553,23,207.12,2022,refunded
1554,76,858.40,2024,cancelled
1555,264,388.05,2020,pending
1556,348,185.46,2022,cancelled
1557,190,272.62,2021,pending
1558,146,651.38,2022,cancelled
1559,155,356.37,2024,cancelled
1560,489,788.69,2022,completed
1561,364,676.32,2022,pending
1562,275,426.47,2023,completed
1563,108,961.32,2022,pending
1564,460,224.43,2022,cancelled
1565,260,389.86,2023,cancelled
1566,49,593.12,2021,pending
1567,73,968.69,2020,completed
1568,201,988.72,2020,pending
1569,410,740.73,2024,completed
1570,415,566.93,2023,cancelled
1571,50,73.55,2020,completed
1572,325,757.10,2022,completed
1573,336,500.91,2020,completed
1574,200,977.59,2020,pending
1575,382,848.08,2024,completed
1576,313,978.20,2021,refunded
1577,377,67.02,2024,cancelled
1578,434,52.57,2023,refunded
1579,50,706.18,2022,refunded
1580,337,429.49,2024,refunded
1581,394,512.16,2021,refunded
1582,147,200.90,2020,refunded
1583,289,957.01,2023,completed
1584,463,195.29,2023,cancelled
1585,435,776.50,2023,pending
1586,289,784.78,2021,pending
1587,289,247.12,2022,completed
1588,299,564.00,2024,refunded
1589,88,53.21,2020,completed
1590,204,680.30,2020,cancelled
1591,403,566.10,2020,cancelled
1592,444,302.10,2023,pending
1593,73,229.61,2020,completed
1594,270,177.96,2020,completed
1595,255,549.49,2024,completed
1596,324,983.25,2022,completed
1597,415,693.27,2020,completed
1598,263,567.80,2021,completed
1599,48,521.86,2020,cancelled
1600,276,411.53,2021,completed
1601,361,485.25,2020,completed
1602,426,434.14,2024,pending
1603,155,92.65,2022,completed
1604,69,439.85,2020,pending
1605,198,128.34,2021,cancelled
1606,460,566.68,2020,completed
1607,482,661.70,2020,completed
1608,130,379.66,2020,completed
1609,487,261.91,2021,completed
1610,395,619.55,2023,completed
1611,9,211.03,2023,pending
1612,249,134.30,2020,refunded
1613,361,539.59,2022,refunded
1614,313,865.14,2020,completed
1615,213,551.60,2024,pending
1616,270,776.60,2023,completed
1617,398,677.90,2024,completed
1618,468,350.69,2021,refunded
1619,76,591.43,2022,refunded
1620,76,445.00,2024,completed
1621,178,742.79,2020,refunded
1622,192,113.19,2023,completed
1623,452,814.25,2021,completed
1624,48,117.99,2023,pending
1625,386,595.67,2022,pending
1626,117,355.21,2021,refunded
1627,308,659.68,2024,cancelled
1628,283,579.81,2020,completed
1629,366,173.47,2021,completed
1630,381,540.27,2021,refunded
1631,35,793.35,2020,pending
1632,462,778.85,2021,completed
1633,250,246.67,2024,refunded
1634,49,338.37,2022,completed
1635,189,715.09,2024,cancelled
1636,193,413.88,2024,refunded
1637,133,940.77,2024,completed
1638,231,729.44,2023,cancelled
1639,213,549.77,2023,pending
1640,235,836.92,2021,refunded
1641,420,636.45,2024,completed
1642,120,98.55,2022,cancelled
1643,136,740.22,2022,completed
1644,411,990.42,2021,completed
1645,172,44.86,2020,completed
1646,496,879.95,2022,pending
1647,29,806.60,2024,cancelled
1648,29,712.96,2020,completed
1649,278,575.30,2021,pending
1650,432,260.60,2023,pending
1651,342,505.08,2020,cancelled
1652,73,21.05,2022,cancelled
1653,445,559.42,2021,completed
1654,115,420.99,2021,refunded
1655,478,158.46,2020,refunded
1656,330,761.70,2021,cancelled
1657,177,875.23,2020,completed
1658,347,593.98,2023,pending
1659,216,847.92,2020,completed
1660,21,184.44,2023,completed
1661,361,943.31,2024,completed
1662,472,981.28,2021,pending
1663,88,869.14,2023,refunded
1664,462,127.30,2023,completed
1665,290,715.85,2023,pending
1666,212,702.91,2021,completed
1667,70,185.40,2020,completed
1668,68,980.02,2020,cancelled
1669,215,165.52,2020,completed
1670,252,409.54,2021,completed
1671,303,79.34,2023,pending
1672,178,22.24,2021,completed
1673,60,950.31,2020,cancelled
1674,423,215.29,2021,completed
1675,419,856.62,2020,completed
1676,14,587.60,2021,completed
1677,77,419.96,2022,pending
1678,278,402.35,2020,cancelled
1679,421,522.11,2023,completed
1680,186,510.81,2021,completed
1681,298,51.86,2024,pending
1682,149,212.87,2024,completed
1683,248,178.70,2022,completed
1684,316,575.12,2021,refunded
1685,29,554.90,2024,refunded
1686,304,724.20,2020,pending
1687,330,435.28,2021,refunded
1688,466,96.80,2024,cancelled
1689,308,208.60,2020,cancelled
1690,312,677.84,2022,refunded
1691,317,968.98,2022,cancelled
1692,83,341.51,2021,completed
1693,272,637.07,2024,completed
1694,456,257.62,2020,refunded
1695,389,175.72,2024,completed
1696,149,610.25,2020,completed
1697,271,755.66,2024,completed
1698,302,880.79,2023,completed
1699,26,936.43,2023,refunded
1700,81,773.58,2021,refunded
1701,272,752.60,2024,refunded
1702,40,572.43,2024,pending
1703,66,634.76,2022,completed
1704,259,431.74,2021,completed
1705,82,168.90,2024,cancelled
1706,430,187.53,2022,completed
1707,107,103.42,2021,completed
1708,467,396.68,2023,pending
1709,9,954.20,2020,pending
1710,158,422.55,2024,cancelled
1711,55,455.01,2021,pending
1712,339,991.20,2022,completed
1713,339,905.29,2022,completed
1714,401,849.31,2022,pending
1715,230,789.26,2023,refunded
1716,383,521.45,2023,completed
1717,204,117.46,2022,refunded
1718,64,50.94,2022,completed
1719,315,13.36,2024,pending
1720,243,808.70,2022,completed
1721,127,509.76,2024,completed
1722,417,315.76,2024,cancelled
1723,440,370.68,2024,completed
1724,306,500.26,2020,completed
1725,500,618.09,2021,pending
1726,171,29.78,2021,completed
1727,478,611.77,2021,refunded
1728,214,506.13,2023,pending
1729,487,662.25,2021,completed
1730,199,841.34,2024,completed
1731,171,692.66,2021,pending
1732,90,413.10,2021,completed
1733,455,560.91,2024,completed
1734,261,815.15,2024,cancelled
1735,463,308.26,2020,completed
1736,187,307.93,2020,pending
1737,211,969.46,2020,completed
1738,150,729.56,2021,cancelled
1739,153,152.01,2024,pending
1740,204,860.74,2020,completed
1741,483,535.50,2020,completed
1742,224,26.62,2022,completed
1743,232,278.80,2020,refunded
1744,12,526.91,2021,completed
1745,4,76.72,2023,completed
1746,161,811.85,2020,pending
1747,458,196.07,2022,cancelled
1748,251,36.57,2020,completed
1749,302,578.63,2023,cancelled
1750,309,283.23,2024,completed
1751,301,194.71,2021,cancelled
1752,113,354.22,2020,refunded
1753,48,520.91,2023,pending
1754,401,110.19,2020,pending
1755,210,186.87,2020,completed
1756,343,383.45,2022,completed
1757,196,392.79,2023,cancelled
1758,260,170.04,2023,completed
1759,220,953.03,2023,completed
1760,74,807.42,2021,completed
1761,264,314.24,2020,completed
1762,124,78.82,2020,refunded
1763,26,951.62,2023,cancelled
1764,394,896.62,2024,pending
1765,299,425.48,2021,refunded
1766,329,206.13,2024,pending
1767,294,471.26,2023,refunded
1768,230,231.41,2022,completed
1769,72,258.22,2024,cancelled
1770,135,881.61,2024,completed
1771,224,136.09,2020,completed
1772,1,946.83,2022,cancelled
1773,158,582.37,2020,pending
1774,377,213.87,2022,cancelled
1775,435,221.19,2020,completed
1776,389,554.27,2023,completed
1777,307,664.09,2024,refunded
1778,139,358.38,2024,pending
1779,122,809.50,2022,pending
1780,222,464.04,2023,cancelled
1781,69,590.91,2020,refunded
1782,438,516.36,2021,refunded
1783,330,746.39,2022,cancelled
1784,34,748.98,2021,completed
1785,363,969.72,2023,completed
1786,473,26.51,2020,completed
1787,76,346.92,2023,pending
1788,146,836.80,2023,completed
1789,245,964.15,2020,completed
1790,214,938.57,2024,completed
1791,448,237.90,2020,completed
1792,384,607.79,2022,completed
1793,463,681.43,2022,pending
1794,307,232.84,2024,refunded
1795,225,542.78,2022,completed
1796,324,678.80,2021,refunded
1797,67,818.62,2022,refunded
1798,429,687.32,2021,completed
1799,185,494.83,2022,completed
1800,143,945.51,2021,completed
1801,410,714.53,2021,completed
1802,440,442.77,2021,completed
1803,208,970.74,2023,pending
1804,265,770.10,2021,completed
1805,118,581.32,2023,completed
1806,307,399.74,2024,pending
1807,481,585.33,2020,completed
1808,149,676.19,2022,pending
1809,214,876.19,2020,completed
1810,300,592.61,2020,completed
1811,294,979.13,2023,completed
1812,14,208.80,2020,pending
1813,428,252.90,2022,refunded
1814,326,172.89,2021,completed
1815,372,62.80,2022,cancelled
1816,148,751.14,2022,refunded
1817,91,877.08,2020,completed
1818,314,91.98,2024,completed
1819,341,867.70,2024,cancelled
1820,238,616.70,2024,completed
1821,470,414.13,2021,cancelled
1822,89,951.04,2023,pending
1823,328,10.16,2021,cancelled
1824,201,261.70,2020,completed
1825,59,252.80,2023,completed
1826,22,866.73,2021,cancelled
1827,230,903.56,2022,refunded
1828,146,510.56,2023,pending
1829,432,101.92,2023,pending
1830,484,10.16,2021,completed
1831,379,260.59,2021,cancelled
1832,36,403.98,2024,completed
1833,302,277.08,2020,cancelled
1834,199,746.41,2022,pending
1835,453,591.92,2022,completed
1836,364,28.12,2020,pending
1837,322,726.78,2023,cancelled
1838,174,279.39,2023,cancelled
1839,210,562.59,2020,completed
1840,324,631.51,2022,completed
1841,191,420.35,2023,completed
1842,216,704.32,2020,pending
1843,268,65.03,2021,pending
1844,307,117.27,2020,completed
1845,214,174.36,2024,completed
1846,83,134.18,2020,refunded
1847,466,751.87,2020,completed
1848,134,404.79,2021,cancelled
1849,457,820.53,2024,completed
1850,21,847.55,2023,completed
1851,367,237.74,2023,completed
1852,448,708.02,2022,completed
1853,233,552.36,2022,completed
1854,46,513.10,2022,completed
1855,401,82.15,2024,completed
1856,343,767.11,2024,completed
1857,82,501.35,2024,refunded
1858,174,602.19,2024,pending
1859,206,10.84,2021,completed
1860,135,922.22,2024,completed
1861,5,501.99,2021,refunded
1862,22,978.52,2020,completed
1863,58,449.40,2021,completed
1864,245,780.60,2020,completed
1865,118,601.47,2021,cancelled
1866,34,535.94,2021,pending
1867,239,787.27,2020,completed
1868,100,251.11,2021,completed
1869,198,920.76,2024,completed
1870,137,616.27,2020,completed
1871,178,848.62,2021,cancelled
1872,288,525.10,2022,completed
1873,481,650.02,2020,completed
1874,299,509.32,2020,completed
1875,225,390.56,2023,pending
1876,338,707.09,2020,cancelled
1877,349,539.97,2020,pending
1878,51,805.23,2023,refunded
1879,487,363.39,2020,cancelled
1880,141,488.41,2024,completed
1881,261,121.10,2023,refunded
1882,433,150.14,2021,completed
1883,223,967.85,2024,cancelled
1884,105,867.75,2020,cancelled
1885,237,85.16,2021,cancelled
1886,106,763.71,2024,refunded
1887,193,720.53,2022,refunded
1888,202,938.32,2022,cancelled
1889,81,104.80,2024,completed
1890,35,810.28,2024,pending
1891,322,239.17,2021,completed
1892,152,738.44,2020,refunded
1893,181,534.02,2020,completed
1894,393,114.65,2024,completed
1895,165,500.43,2020,completed
1896,308,593.65,2022,completed
1897,7,804.18,2022,completed
1898,156,200.35,2022,completed
1899,316,424.86,2020,refunded
1900,235,913.37,2024,pending
1901,84,459.00,2020,completed
1902,111,606.02,2023,cancelled
1903,101,671.71,2024,completed
1904,292,573.09,2024,cancelled
1905,381,121.15,2024,cancelled
1906,483,996.59,2024,refunded
1907,279,870.95,2024,refunded
1908,227,953.68,2022,completed
1909,117,844.23,2021,cancelled
1910,274,294.68,2023,completed
1911,157,587.35,2023,completed
1912,283,322.90,2021,completed
1913,402,181.12,2024,completed
1914,25,497.33,2020,refunded
1915,135,140.76,2023,pending
1916,35,612.84,2022,pending
1917,96,732.55,2024,completed
1918,219,988.45,2024,completed
1919,40,861.65,2020,pending
1920,481,697.43,2022,refunded
1921,46,387.77,2024,completed
1922,334,406.74,2020,completed
1923,228,515.92,2024,completed
1924,352,781.61,2023,pending
1925,151,824.50,2020,pending
1926,414,229.12,2020,pending
1927,186,427.23,2020,completed
1928,351,156.53,2024,cancelled
1929,424,601.50,2024,refunded
1930,365,231.36,2020,completed
1931,478,513.51,2021,completed
1932,150,927.45,2020,completed
1933,418,553.32,2023,cancelled
1934,359,221.65,2022,completed
1935,3,321.63,2021,completed
1936,403,858.76,2023,completed
1937,422,223.86,2020,pending
1938,366,780.74,2020,refunded
1939,494,355.14,2022,refunded
1940,30,394.21,2022,completed
1941,236,165.14,2020,refunded
1942,67,151.02,2021,refunded
1943,93,887.02,2021,completed
1944,443,985.42,2022,completed
1945,230,103.26,2021,completed
1946,417,466.21,2020,cancelled
1947,150,191.31,2024,completed
1948,83,121.11,2023,completed
1949,106,696.74,2022,pending
1950,16,455.73,2024,refunded
1951,139,112.71,2024,pending
1952,208,285.04,2021,refunded
1953,49,576.41,2021,pending
1954,366,610.87,2024,completed
1955,333,341.55,2022,cancelled
1956,493,118.67,2023,completed
1957,89,648.83,2023,completed
1958,174,45.12,2024,cancelled
1959,413,710.63,2022,completed
1960,16,132.40,2024,cancelled
1961,70,69.75,2020,completed
1962,107,953.11,2022,completed
1963,165,814.08,2020,completed
1964,454,655.30,2021,completed
1965,417,719.21,2021,completed
1966,98,417.50,2023,cancelled
1967,301,860.15,2023,pending
1968,119,824.91,2021,completed
1969,27,299.05,2022,completed
1970,256,84.95,2020,refunded
1971,79,117.49,2020,completed
1972,241,527.13,2022,cancelled
1973,253,577.50,2020,completed
1974,141,808.80,2023,completed
1975,187,430.31,2022,refunded
1976,90,39.06,2021,completed
1977,292,314.70,2020,cancelled
1978,109,594.93,2022,refunded
1979,74,865.39,2022,completed
1980,496,30.33,2024,refunded
1981,288,933.51,2023,completed
1982,410,44.55,2023,cancelled
1983,8,333.62,2020,completed
1984,172,330.34,2024,pending
1985,453,314.99,2022,pending
1986,52,357.60,2021,completed
1987,397,624.34,2024,refunded
1988,124,150.40,2021,completed
1989,203,863.45,2021,refunded
1990,346,22.44,2022,refunded
1991,85,675.22,2020,refunded
1992,41,544.94,2023,completed
1993,46,110.90,2021,completed
1994,21,405.46,2024,refunded
1995,25,368.85,2024,completed
1996,174,900.88,2022,completed
1997,349,854.90,2024,refunded
1998,444,841.55,2021,completed
1999,452,701.31,2021,cancelled
2000,187,322.92,2022,completed
2001,234,347.67,2020,cancelled
2002,471,845.84,2023,pending
2003,68,697.70,2024,cancelled
2004,386,65.63,2022,refunded
2005,13,376.73,2024,pending
2006,405,56.56,2021,refunded
2007,295,766.26,2023,refunded
2008,440,757.98,2023,pending
2009,69,573.67,2021,refunded
2010,440,943.44,2021,completed
2011,274,963.06,2020,completed
2012,66,659.48,2023,completed
2013,46,938.46,2021,completed
2014,296,340.97,2020,completed
2015,118,890.82,2023,pending
2016,427,609.30,2024,refunded
2017,465,335.30,2022,refunded
2018,386,985.04,2020,completed
2019,488,355.63,2021,pending
2020,464,716.35,2023,completed
2021,247,490.79,2022,completed
2022,44,441.88,2022,pending
2023,175,29.16,2024,cancelled
2024,398,736.19,2022,pending
2025,444,333.80,2021,completed
2026,463,965.40,2021,completed
2027,326,682.65,2021,pending
2028,76,919.78,2022,completed
2029,144,603.83,2023,pending
2030,288,63.54,2024,refunded
2031,160,544.93,2023,completed
2032,41,239.10,2021,refunded
2033,457,165.83,2023,pending
2034,365,765.73,2022,refunded
2035,240,257.33,2021,cancelled
2036,470,638.49,2024,pending
2037,470,711.28,2024,pending
2038,420,867.43,2024,completed
2039,393,66.65,2021,completed
2040,77,473.74,2022,refunded
2041,152,659.81,2023,completed
2042,357,567.15,2023,pending
2043,165,325.59,2020,completed
2044,443,257.57,2020,cancelled
2045,4,720.01,2024,completed
2046,30,517.96,2021,refunded
2047,55,811.05,2023,completed
2048,10,329.97,2021,cancelled
2049,42,522.41,2024,completed
2050,227,11.69,2021,completed
2051,373,174.20,2024,completed
2052,390,480.55,2024,pending
2053,353,210.48,2022,cancelled
2054,99,102.22,2024,refunded
2055,6,939.96,2021,completed
2056,376,167.59,2024,completed
2057,11,498.44,2024,pending
2058,149,388.28,2020,completed
2059,361,364.04,2023,cancelled
2060,183,931.52,2022,cancelled
2061,212,443.94,2020,cancelled
2062,193,478.27,2021,refunded
2063,4,870.79,2024,completed
2064,350,606.71,2020,pending
2065,161,362.67,2024,completed
2066,354,993.00,2021,completed
2067,432,723.25,2021,refunded
2068,172,115.58,2024,pending
2069,293,351.80,2024,pending
2070,279,652.81,2021,cancelled
2071,295,195.40,2020,completed
2072,27,388.05,2020,completed
2073,301,659.32,2022,cancelled
2074,237,21.87,2020,pending
2075,402,456.15,2024,pending
2076,159,555.50,2023,completed
2077,34,262.36,2023,completed
2078,207,431.18,2024,completed
2079,206,221.70,2021,completed
2080,229,971.06,2021,cancelled
2081,269,861.37,2024,completed
2082,202,485.05,2023,completed
2083,134,833.43,2024,completed
2084,425,538.07,2023,cancelled
2085,234,21.19,2023,completed
2086,318,273.93,2023,cancelled
2087,363,536.55,2020,refunded
2088,356,430.19,2021,refunded
2089,45,345.44,2022,refunded
2090,204,581.48,2021,refunded
2091,141,985.19,2023,completed
2092,182,893.29,2021,completed
2093,447,359.52,2023,completed
2094,438,121.56,2022,completed
2095,198,53.54,2024,completed
2096,450,34.55,2021,refunded
2097,11,759.36,2020,completed
2098,332,189.01,2023,refunded
2099,219,886.72,2022,completed
2100,116,853.82,2023,completed
2101,433,585.38,2021,completed
2102,384,74.35,2021,completed
2103,427,831.19,2021,pending
2104,314,247.11,2020,refunded
2105,19,518.06,2023,completed
2106,330,838.91,2022,completed
2107,444,653.57,2021,refunded
2108,75,184.87,2023,completed
2109,82,631.15,2022,pending
2110,64,484.62,2020,completed
2111,218,176.90,2024,completed
2112,500,561.62,2020,refunded
2113,241,141.03,2024,completed
2114,430,851.76,2023,completed
2115,150,795.96,2023,completed
2116,12,270.87,2024,refunded
2117,69,635.42,2023,completed
2118,282,813.89,2020,completed
2119,141,636.60,2022,cancelled
2120,209,789.62,2023,cancelled
2121,500,289.13,2022,completed
2122,15,27.77,2021,cancelled
2123,101,74.81,2024,completed
2124,46,44.14,2024,completed
2125,294,796.55,2022,pending
2126,130,586.22,2020,completed
2127,394,212.84,2024,cancelled
2128,208,185.21,2022,completed
2129,122,770.36,2023,completed
2130,32,195.21,2021,completed
2131,133,473.34,2024,pending
2132,148,164.17,2024,completed
2133,265,49.97,2023,pending
2134,304,548.77,2020,completed
2135,143,535.61,2024,refunded
2136,477,678.59,2023,refunded
2137,404,746.33,2024,completed
2138,498,919.02,2023,completed
2139,477,818.99,2020,refunded
2140,78,899.27,2023,completed
2141,452,713.18,2024,completed
2142,59,109.11,2020,completed
2143,48,55.62,2023,pending
2144,25,460.36,2024,completed
2145,43,131.24,2024,pending
2146,277,882.54,2020,completed
2147,372,652.83,2020,cancelled
2148,458,797.95,2023,completed
2149,95,582.92,2021,refunded
2150,2,856.74,2022,completed
2151,495,650.32,2024,refunded
2152,214,599.90,2022,completed
2153,350,159.52,2021,completed
2154,166,198.22,2022,pending
2155,437,689.04,2022,refunded
2156,459,201.50,2023,pending
2157,95,549.22,2024,refunded
2158,388,100.37,2022,completed
2159,446,514.74,2022,completed
2160,399,706.33,2020,refunded
2161,270,947.38,2024,refunded
2162,152,851.18,2022,completed
2163,410,82.44,2023,pending
2164,74,977.57,2020,pending
2165,71,664.45,2021,completed
2166,293,858.05,2021,completed
2167,385,482.21,2023,completed
2168,238,314.46,2021,cancelled
2169,200,453.09,2021,completed
2170,338,97.79,2024,cancelled
2171,109,392.78,2022,refunded
2172,329,775.77,2020,pending
2173,161,231.45,2024,refunded
2174,437,787.90,2021,refunded
2175,4,368.49,2022,cancelled
2176,348,31.25,2021,completed
2177,452,131.14,2022,completed
2178,71,241.51,2022,completed
2179,364,262.89,2022,pending
2180,238,636.72,2024,refunded
2181,284,569.70,2023,pending
2182,358,333.73,2021,cancelled
2183,26,442.47,2024,completed
2184,256,658.01,2024,cancelled
2185,220,23.52,2024,completed
2186,100,416.05,2021,refunded
2187,109,222.09,2022,cancelled
2188,37,49.40,2023,completed
2189,79,334.56,2023,completed
2190,75,953.47,2023,completed
2191,31,240.59,2021,completed
2192,205,832.76,2024,cancelled
2193,132,41.50,2022,completed
2194,39,140.42,2024,cancelled
2195,383,38.78,2021,completed
2196,72,265.04,2022,pending
2197,364,817.82,2020,pending
2198,362,694.11,2022,pending
2199,24,323.56,2024,completed
2200,276,895.84,2023,completed
2201,330,941.38,2021,completed
2202,97,278.69,2023,cancelled
2203,25,480.18,2022,completed
2204,426,141.67,2024,cancelled
2205,58,916.46,2020,cancelled
2206,357,68.44,2021,completed
2207,434,984.89,2020,cancelled
2208,124,638.46,2023,completed
2209,93,777.17,2022,cancelled
2210,484,854.91,2024,completed
2211,477,934.87,2023,completed
2212,368,565.87,2020,cancelled
2213,210,509.85,2024,pending
2214,435,292.40,2022,completed
2215,196,940.45,2024,completed
2216,204,704.72,2021,completed
2217,413,641.28,2022,cancelled
2218,416,229.10,2024,refunded
2219,20,610.38,2024,completed
2220,335,340.33,2022,cancelled
2221,289,239.00,2022,cancelled
2222,427,850.07,2024,completed
2223,233,641.93,2020,completed
2224,426,263.11,2021,cancelled
2225,453,222.88,2021,completed
2226,109,67.60,2020,completed
2227,70,926.81,2023,pending
2228,184,198.13,2024,completed
2229,79,192.94,2024,refunded
2230,84,909.27,2024,completed
2231,11,142.52,2024,cancelled
2232,218,355.47,2020,cancelled
2233,439,280.24,2021,completed
2234,378,496.20,2020,refunded
2235,381,516.11,2021,pending
2236,53,699.59,2024,completed
2237,272,770.98,2020,cancelled
2238,117,333.02,2024,completed
2239,208,27.94,2023,refunded
2240,433,377.75,2020,completed
2241,480,563.83,2021,cancelled
2242,292,574.36,2021,completed
2243,28,535.67,2021,completed
2244,111,301.08,2022,completed
2245,33,40.53,2020,completed
2246,150,133.75,2021,pending
2247,329,458.04,2024,pending
2248,448,631.94,2022,cancelled
2249,77,792.86,2022,completed
2250,152,590.87,2024,completed
2251,157,982.80,2020,completed
2252,302,273.22,2023,refunded
2253,3,99.12,2023,cancelled
2254,146,835.46,2023,completed
2255,431,739.86,2023,completed
2256,57,823.39,2023,completed
2257,316,450.88,2022,completed
2258,425,661.33,2023,cancelled
2259,218,149.41,2020,completed
2260,140,59.76,2023,refunded
2261,234,795.87,2020,completed
2262,176,418.07,2021,cancelled
2263,68,611.86,2022,completed
2264,279,623.53,2024,completed
2265,55,461.31,2020,pending
2266,226,158.46,2021,completed
2267,103,966.81,2023,refunded
2268,137,142.65,2022,completed
2269,231,42.55,2024,completed
2270,97,490.17,2023,refunded
2271,43,203.61,2022,cancelled
2272,18,837.76,2021,pending
2273,167,718.88,2020,pending
2274,394,890.82,2024,completed
2275,366,80.04,2023,completed
2276,200,471.04,2023,pending
2277,493,236.58,2023,refunded
2278,274,327.18,2024,completed
2279,145,569.73,2023,completed
2280,139,694.29,2022,refunded
2281,399,370.21,2020,completed
2282,31,893.61,2021,refunded
2283,263,507.56,2024,pending
2284,68,973.21,2020,completed
2285,247,566.38,2023,completed
2286,147,970.77,2020,refunded
2287,354,34.59,2023,completed
2288,68,859.43,2020,completed
2289,107,212.91,2024,completed
2290,365,698.63,2021,pending
2291,239,188.54,2024,completed
2292,490,787.50,2020,refunded
2293,298,22.73,2024,completed
2294,130,328.34,2024,completed
2295,400,88.86,2020,pending
2296,123,766.14,2022,pending
2297,320,224.79,2021,cancelled
2298,464,521.41,2022,completed
2299,353,523.33,2020,pending
2300,153,948.00,2021,completed
2301,122,760.87,2023,completed
2302,26,135.10,2024,completed
2303,197,597.00,2021,completed
2304,499,163.57,2020,completed
2305,114,891.69,2024,completed
2306,252,546.52,2022,pending
2307,489,402.59,2020,refunded
2308,173,555.64,2023,completed
2309,23,806.88,2021,completed
2310,21,762.48,2024,cancelled
2311,479,658.19,2020,refunded
2312,75,324.14,2024,cancelled
2313,6,222.56,2021,pending
2314,16,401.72,2021,pending
2315,207,847.32,2023,completed
2316,143,613.10,2021,completed
2317,454,790.02,2024,cancelled
2318,256,274.67,2021,cancelled
2319,214,139.04,2020,completed
2320,339,604.58,2020,completed
2321,471,257.33,2020,pending
2322,23,943.37,2021,cancelled
2323,214,715.15,2023,pending
2324,366,438.29,2022,pending
2325,218,851.43,2024,completed
2326,385,610.64,2020,completed
2327,90,628.40,2023,cancelled
2328,466,895.43,2024,refunded
2329,45,699.42,2022,completed
2330,98,317.39,2023,completed
2331,361,331.16,2021,pending
2332,78,497.62,2020,completed
2333,375,55.62,2024,refunded
2334,73,712.30,2023,pending
2335,54,307.94,2023,completed
2336,427,138.24,2022,pending
2337,336,21.85,2020,pending
2338,417,312.51,2021,refunded
2339,372,473.09,2020,pending
2340,186,979.82,2024,completed
2341,367,27.85,2022,pending
2342,24,956.70,2023,cancelled
2343,457,959.94,2021,refunded
2344,464,778.19,2023,refunded
2345,141,143.66,2022,completed
2346,98,847.94,2023,cancelled
2347,97,789.87,2022,pending
2348,142,599.27,2023,completed
2349,194,797.67,2022,completed
2350,72,396.79,2022,completed
2351,457,225.55,2023,completed
2352,220,943.79,2022,completed
2353,426,380.03,2021,refunded
2354,64,739.32,2020,completed
2355,319,612.52,2023,completed
2356,241,406.38,2021,pending
2357,444,198.95,2024,completed
2358,147,184.92,2022,completed
2359,176,994.59,2020,refunded
2360,87,334.70,2021,completed
2361,132,549.90,2024,pending
2362,270,845.05,2023,refunded
2363,187,671.72,2022,completed
2364,236,397.46,2023,refunded
2365,184,806.39,2023,pending
2366,150,262.40,2023,cancelled
2367,83,379.37,2024,completed
2368,243,78.52,2020,cancelled
2369,463,616.79,2020,refunded
2370,24,637.27,2021,completed
2371,64,759.13,2022,pending
2372,69,199.36,2024,completed
2373,56,671.48,2023,completed
2374,7,459.23,2022,pending
2375,205,882.75,2022,completed
2376,219,280.09,2022,cancelled
2377,357,847.88,2020,completed
2378,191,402.39,2022,completed
2379,385,748.48,2020,completed
2380,393,785.26,2022,completed
2381,257,738.59,2022,completed
2382,45,892.30,2022,pending
2383,283,858.66,2021,pending
2384,453,223.15,2021,completed
2385,278,152.81,2024,completed
2386,143,279.34,2023,refunded
2387,458,972.83,2021,pending
2388,479,138.62,2022,refunded
2389,420,510.70,2024,refunded
2390,294,381.18,2023,completed
2391,278,729.49,2021,pending
2392,205,265.54,2022,completed
2393,468,901.29,2021,cancelled
2394,215,451.58,2023,completed
2395,470,735.16,2020,cancelled
2396,367,793.48,2020,completed
2397,353,620.87,2020,pending
2398,442,404.31,2022,cancelled
2399,273,305.97,2024,cancelled
2400,183,568.83,2020,pending
2401,270,230.75,2023,pending
2402,11,757.59,2022,completed
2403,15,311.13,2023,completed
2404,68,333.58,2020,pending
2405,426,821.30,2022,completed
2406,95,893.92,2024,cancelled
2407,97,916.55,2024,refunded
2408,336,782.69,2020,cancelled
2409,60,724.11,2020,pending
2410,219,901.42,2020,completed
2411,271,42.22,2024,completed
2412,419,44.04,2021,completed
2413,91,783.58,2024,refunded
2414,250,642.97,2020,refunded
2415,141,949.96,2021,pending
2416,437,780.76,2024,completed
2417,358,946.34,2020,pending
2418,295,220.81,2023,completed
2419,141,600.30,2024,refunded
2420,425,475.45,2023,completed
2421,413,174.09,2023,refunded
2422,400,447.32,2021,pending
2423,371,584.79,2023,completed
2424,115,892.32,2023,cancelled
2425,324,686.84,2024,pending
2426,168,886.01,2022,completed
2427,214,551.09,2021,completed
2428,67,68.64,2021,completed
2429,300,299.12,2023,completed
2430,79,253.28,2024,refunded
2431,322,969.08,2021,completed
2432,274,881.77,2024,refunded
2433,9,261.30,2023,refunded
2434,138,795.33,2021,completed
2435,185,985.99,2022,refunded
2436,53,913.19,2024,completed
2437,262,75.48,2020,completed
2438,364,670.50,2022,completed
2439,26,579.03,2020,pending
2440,340,331.69,2023,refunded
2441,339,641.72,2023,pending
2442,265,773.22,2021,refunded
2443,331,562.28,2023,pending
2444,197,898.17,2021,cancelled
2445,234,901.16,2022,completed
2446,41,272.97,2020,pending
2447,255,596.83,2020,pending
2448,380,261.35,2020,completed
2449,137,754.08,2021,refunded
2450,468,340.95,2020,completed
2451,458,152.93,2022,completed
2452,4,566.62,2020,completed
2453,234,887.34,2023,cancelled
2454,137,945.13,2022,cancelled
2455,417,861.03,2022,completed
2456,136,177.44,2021,cancelled
2457,91,583.12,2020,completed
2458,115,13.30,2024,completed
2459,368,838.78,2020,pending
2460,211,715.95,2022,cancelled
2461,251,964.92,2022,completed
2462,36,378.25,2023,pending
2463,10,672.59,2022,pending
2464,351,544.68,2020,refunded
2465,195,252.48,2024,completed
2466,44,244.63,2022,completed
2467,236,764.22,2023,pending
2468,45,790.27,2022,completed
2469,105,406.65,2023,refunded
2470,143,638.14,2020,refunded
2471,385,42.61,2021,pending
2472,28,367.17,2024,cancelled
2473,206,153.98,2022,completed
2474,152,306.35,2021,completed
2475,16,157.06,2020,refunded
2476,289,456.97,2023,cancelled
2477,219,429.24,2021,cancelled
2478,218,796.91,2024,cancelled
2479,327,353.45,2023,refunded
2480,486,196.35,2022,cancelled
2481,20,567.26,2022,cancelled
2482,330,586.48,2024,completed
2483,139,586.69,2022,pending
2484,176,128.44,2024,completed
2485,63,444.41,2023,pending
2486,455,161.08,2020,pending
2487,439,264.22,2021,completed
2488,190,707.59,2022,pending
2489,228,596.86,2020,completed
2490,331,155.47,2022,cancelled
2491,339,292.35,2022,pending
2492,342,456.00,2021,completed
2493,153,55.29,2023,cancelled
2494,284,604.65,2024,cancelled
2495,409,87.29,2024,completed
2496,21,843.16,2024,refunded
2497,312,221.25,2022,cancelled
2498,213,598.68,2022,refunded
2499,10,713.84,2021,pending
2500,470,462.29,2021,pending
2501,386,425.92,2020,completed
2502,404,244.08,2020,completed
2503,321,46.89,2022,completed
2504,211,189.55,2021,completed
2505,331,32.72,2022,refunded
2506,134,558.78,2024,completed
2507,370,124.82,2021,cancelled
2508,31,490.71,2023,completed
2509,47,813.04,2020,pending
2510,288,204.07,2022,completed
2511,130,232.61,2022,completed
2512,304,429.08,2022,refunded
2513,498,983.71,2023,refunded
2514,429,488.64,2020,completed
2515,106,140.47,2023,completed
2516,242,479.03,2022,refunded
2517,447,950.43,2023,completed
2518,35,551.16,2023,completed
2519,277,239.02,2022,completed
2520,367,530.72,2020,completed
2521,465,836.95,2020,completed
2522,190,272.85,2024,refunded
2523,223,436.93,2024,cancelled
2524,248,679.96,2024,refunded
2525,250,450.10,2021,refunded
2526,118,300.66,2022,completed
2527,246,950.91,2020,pending
2528,180,359.08,2020,completed
2529,369,999.40,2024,completed
2530,366,85.54,2021,cancelled
2531,463,594.84,2020,completed
2532,468,741.16,2023,cancelled
2533,409,966.00,2021,refunded
2534,434,277.34,2022,completed
2535,432,781.64,2022,completed
2536,161,796.23,2024,pending
2537,134,967.70,2020,refunded
2538,144,158.61,2024,completed
2539,365,194.61,2021,completed
2540,38,663.94,2021,refunded
2541,122,911.56,2022,pending
2542,205,937.35,2023,cancelled
2543,120,455.25,2024,completed
2544,245,527.91,2023,pending
2545,132,870.06,2021,completed
2546,364,699.82,2024,cancelled
2547,452,740.80,2023,completed
2548,103,105.13,2020,pending
2549,472,948.79,2023,cancelled
2550,227,64.79,2023,completed
2551,129,247.66,2024,completed
2552,142,467.82,2022,completed
2553,92,526.61,2021,completed
2554,473,205.44,2024,refunded
2555,434,242.65,2021,completed
2556,139,25.43,2020,refunded
2557,384,675.44,2022,refunded
2558,144,872.61,2022,completed
2559,213,381.21,2023,cancelled
2560,207,876.12,2021,refunded
2561,344,529.99,2024,cancelled
2562,242,353.03,2020,completed
2563,459,619.63,2022,cancelled
2564,169,981.65,2021,completed
2565,175,252.93,2024,pending
2566,51,617.25,2020,refunded
2567,54,389.95,2023,completed
2568,470,41.09,2022,completed
2569,428,601.95,2021,refunded
2570,193,563.65,2024,cancelled
2571,192,915.16,2021,pending
2572,228,798.76,2021,refunded
2573,108,931.70,2024,completed
2574,281,741.16,2020,cancelled
2575,113,453.56,2024,completed
2576,18,953.85,2020,completed
2577,353,63.20,2021,completed
2578,307,510.84,2024,cancelled
2579,385,705.85,2020,pending
2580,62,25.43,2023,completed
2581,199,222.55,2023,completed
2582,497,153.16,2023,pending
2583,110,616.64,2022,refunded
2584,459,41.98,2024,cancelled
2585,345,813.26,2024,completed
2586,175,683.69,2023,refunded
2587,247,197.23,2022,completed
2588,3,485.82,2023,refunded
2589,476,617.51,2022,completed
2590,430,787.74,2021,completed
2591,21,492.92,2024,completed
2592,183,143.40,2023,completed
2593,408,323.05,2024,completed
2594,150,451.14,2022,completed
2595,344,184.20,2024,completed
2596,439,622.92,2021,completed
2597,346,383.35,2024,refunded
2598,221,101.91,2020,pending
2599,441,918.04,2021,pending
2600,194,860.74,2022,completed
2601,3,620.31,2021,completed
2602,329,534.47,2020,cancelled
2603,401,969.42,2024,completed
2604,110,242.36,2023,completed
2605,97,717.14,2023,cancelled
2606,174,592.27,2024,completed
2607,421,407.25,2022,completed
2608,274,375.32,2022,cancelled
2609,212,386.46,2024,completed
2610,439,245.12,2023,refunded
2611,79,534.01,2024,completed
2612,3,395.65,2022,completed
2613,47,671.84,2022,refunded
2614,378,279.75,2020,cancelled
2615,418,767.03,2021,completed
2616,108,20.91,2023,refunded
2617,101,219.81,2022,completed
2618,342,420.30,2021,refunded
2619,443,905.05,2023,refunded
2620,113,652.57,2021,cancelled
2621,30,585.42,2021,refunded
2622,210,796.21,2020,completed
2623,493,144.86,2021,refunded
2624,186,444.43,2023,completed
2625,183,163.59,2021,completed
2626,286,808.97,2023,completed
2627,170,791.75,2024,cancelled
2628,53,304.98,2020,cancelled
2629,231,111.08,2020,completed
2630,195,701.27,2020,completed
2631,148,150.49,2023,refunded
2632,216,548.95,2022,completed
2633,417,340.46,2023,cancelled
2634,398,479.27,2023,pending
2635,149,203.46,2023,completed
2636,372,932.81,2023,cancelled
2637,380,496.81,2024,cancelled
2638,221,120.36,2020,completed
2639,226,806.46,2021,completed
2640,491,503.68,2023,completed
2641,180,828.18,2024,pending
2642,267,374.19,2023,refunded
2643,174,687.19,2020,refunded
2644,359,793.05,2023,cancelled
2645,115,465.14,2023,completed
2646,186,144.37,2021,completed
2647,294,762.77,2020,refunded
2648,475,322.75,2021,cancelled
2649,59,324.90,2020,refunded
2650,81,604.13,2021,completed
2651,112,476.01,2022,completed
2652,135,356.09,2023,completed
2653,13,496.12,2022,completed
2654,492,904.65,2022,pending
2655,21,997.18,2024,pending
2656,8,961.75,2022,completed
2657,488,19.14,2023,pending
2658,411,632.78,2021,pending
2659,96,214.28,2022,completed
2660,345,883.43,2020,completed
2661,259,628.67,2022,completed
2662,486,936.79,2021,completed
2663,439,973.99,2023,pending
2664,136,471.67,2020,completed
2665,221,385.92,2022,refunded
2666,256,518.75,2023,refunded
2667,126,793.24,2020,cancelled
2668,205,683.71,2020,pending
2669,191,155.82,2023,pending
2670,306,747.00,2020,pending
2671,366,393.08,2023,completed
2672,2,808.42,2024,completed
2673,297,604.05,2021,completed
2674,412,121.68,2021,refunded
2675,214,634.60,2024,cancelled
2676,309,375.22,2024,cancelled
2677,130,64.99,2020,completed
2678,277,646.72,2024,completed
2679,219,68.30,2023,completed
2680,153,779.83,2023,completed
2681,135,888.90,2023,completed
2682,289,950.76,2023,completed
2683,439,941.83,2022,completed
2684,204,974.17,2020,pending
2685,231,381.59,2023,pending
2686,338,438.93,2021,completed
2687,40,715.26,2022,completed
2688,347,550.85,2022,cancelled
2689,489,243.05,2023,completed
2690,13,69.46,2021,completed
2691,60,295.98,2020,completed
2692,452,637.05,2020,cancelled
2693,425,902.32,2022,cancelled
2694,405,891.49,2021,completed
2695,301,793.96,2024,cancelled
2696,417,335.05,2021,refunded
2697,228,421.00,2021,completed
2698,405,818.15,2022,refunded
2699,440,829.42,2023,pending
2700,86,664.07,2020,completed
2701,189,513.88,2022,pending
2702,122,179.23,2022,refunded
2703,198,646.24,2022,completed
2704,409,406.20,2022,pending
2705,441,97.95,2022,completed
2706,402,823.91,2022,pending
2707,91,744.15,2021,completed
2708,93,496.07,2022,pending
2709,369,992.74,2023,refunded
2710,466,80.94,2020,cancelled
2711,212,518.29,2021,pending
2712,122,135.66,2022,completed
2713,19,873.37,2023,completed
2714,54,146.41,2023,cancelled
2715,291,459.95,2024,completed
2716,17,388.81,2021,refunded
2717,353,576.37,2022,completed
2718,391,732.61,2023,completed
2719,438,585.12,2022,refunded
2720,496,505.03,2024,pending
2721,11,216.81,2023,pending
2722,331,617.45,2024,cancelled
2723,124,978.68,2022,refunded
2724,285,616.91,2021,pending
2725,76,561.47,2024,refunded
2726,497,326.67,2021,completed
2727,343,484.29,2023,completed
2728,306,431.21,2020,completed
2729,499,455.83,2022,cancelled
2730,419,263.78,2023,completed
2731,490,484.20,2020,completed
2732,288,892.84,2022,completed
2733,210,595.45,2020,completed
2734,394,982.05,2023,completed
2735,200,222.16,2023,completed
2736,249,943.35,2023,completed
2737,215,165.45,2022,refunded
2738,285,262.83,2021,refunded
2739,411,186.16,2022,cancelled
2740,338,225.27,2024,completed
2741,55,179.22,2022,completed
2742,113,169.65,2024,completed
2743,108,641.24,2020,completed
2744,278,450.05,2020,completed
2745,150,382.14,2023,refunded
2746,137,217.12,2023,completed
2747,15,199.33,2021,cancelled
2748,320,741.57,2024,cancelled
2749,29,740.95,2021,completed
2750,249,444.95,2023,completed
2751,232,874.75,2020,pending
2752,135,715.14,2020,completed
2753,60,333.90,2023,refunded
2754,108,216.81,2022,pending
2755,182,583.34,2020,completed
2756,322,557.70,2023,completed
2757,480,541.38,2024,completed
2758,231,872.17,2024,cancelled
2759,219,42.46,2024,pending
2760,71,229.43,2023,cancelled
2761,31,546.38,2022,completed
2762,206,966.46,2021,cancelled
2763,210,606.52,2024,completed
2764,214,352.41,2020,completed
2765,447,824.09,2021,completed
2766,204,753.73,2020,pending
2767,40,619.97,2024,cancelled
2768,159,317.69,2021,completed
2769,295,382.69,2022,completed
2770,1,930.03,2020,refunded
2771,192,126.69,2024,completed
2772,149,631.55,2022,completed
2773,379,104.56,2023,refunded
2774,179,457.44,2023,refunded
2775,454,595.34,2020,refunded
2776,329,544.09,2024,cancelled
2777,120,129.33,2022,pending
2778,122,283.34,2020,completed
2779,286,295.40,2022,completed
2780,109,248.01,2021,completed
2781,121,129.44,2023,cancelled
2782,70,550.42,2024,refunded
2783,204,191.26,2022,completed
2784,176,39.90,2024,pending
2785,152,126.42,2020,completed
2786,202,269.84,2020,refunded
2787,179,596.32,2022,cancelled
2788,171,877.62,2024,cancelled
2789,407,360.85,2021,cancelled
2790,365,11.24,2021,completed
2791,147,124.37,2021,pending
2792,226,48.18,2023,refunded
2793,336,786.88,2021,completed
2794,106,272.40,2024,completed
2795,403,441.82,2023,pending
2796,81,768.61,2022,completed
2797,333,778.56,2022,cancelled
2798,67,970.05,2021,pending
2799,487,262.65,2021,completed
2800,190,647.68,2020,completed
2801,454,877.11,2020,refunded
2802,5,363.69,2022,completed
2803,487,958.60,2023,pending
2804,373,371.45,2024,completed
2805,390,14.43,2024,completed
2806,404,66.39,2023,completed
2807,177,711.17,2021,completed
2808,178,51.03,2020,refunded
2809,146,520.89,2023,cancelled
2810,308,797.96,2020,completed
2811,392,110.61,2024,completed
2812,316,622.61,2020,completed
2813,500,823.25,2020,pending
2814,409,349.10,2021,refunded
2815,313,850.65,2020,completed
2816,139,386.95,2023,refunded
2817,364,496.51,2024,completed
2818,275,182.27,2021,completed
2819,149,646.35,2024,refunded
2820,227,540.21,2022,pending
2821,113,47.17,2020,completed
2822,350,857.33,2020,pending
2823,165,856.45,2023,completed
2824,190,775.03,2023,completed
2825,357,543.13,2022,pending
2826,248,242.88,2023,completed
2827,153,556.79,2021,completed
2828,347,521.47,2020,completed
2829,112,861.72,2020,completed
2830,210,726.82,2023,completed
2831,413,840.86,2021,refunded
2832,94,368.40,2024,pending
2833,277,699.89,2024,completed
2834,300,996.32,2022,pending
2835,108,599.46,2023,completed
2836,308,321.59,2022,pending
2837,458,263.87,2020,completed
2838,253,817.97,2023,cancelled
2839,180,585.91,2020,completed
2840,461,459.04,2024,completed
2841,326,772.35,2023,pending
2842,327,603.78,2023,completed
2843,124,213.85,2023,completed
2844,442,831.06,2021,pending
2845,144,321.07,2024,cancelled
2846,165,514.76,2022,refunded
2847,79,162.14,2020,pending
2848,443,321.83,2021,cancelled
2849,146,933.93,2020,refunded
2850,149,354.52,2023,completed
2851,6,154.73,2020,refunded
2852,213,774.56,2024,completed
2853,273,41.68,2022,completed
2854,34,289.86,2020,pending
2855,136,371.37,2020,refunded
2856,474,653.19,2023,refunded
2857,44,349.50,2020,completed
2858,15,791.58,2021,pending
2859,434,483.73,2024,cancelled
2860,316,323.02,2024,refunded
2861,194,560.30,2021,completed
2862,232,192.42,2020,refunded
2863,61,802.36,2023,pending
2864,321,388.47,2020,cancelled
2865,327,789.26,2022,completed
2866,23,975.53,2022,refunded
2867,446,236.22,2023,cancelled
2868,144,386.61,2021,completed
2869,152,580.31,2020,completed
2870,85,507.06,2024,completed
2871,26,265.82,2021,refunded
2872,220,713.48,2021,refunded
2873,100,214.90,2020,refunded
2874,395,950.39,2020,cancelled
2875,472,449.76,2021,completed
2876,442,395.25,2024,pending
2877,455,155.24,2021,completed
2878,178,379.88,2022,completed
2879,457,129.39,2023,completed
2880,397,997.60,2024,completed
2881,447,91.91,2021,pending
2882,46,337.89,2022,completed
2883,97,17.17,2023,completed
2884,414,486.61,2023,completed
2885,389,39.44,2024,completed
2886,117,278.23,2024,cancelled
2887,311,12.14,2020,pending
2888,159,326.39,2022,completed
2889,463,981.10,2024,completed
2890,415,88.24,2024,completed
2891,42,619.66,2023,completed
2892,60,122.48,2021,pending
2893,9,967.92,2020,completed
2894,26,690.63,2023,refunded
2895,331,36.38,2024,refunded
2896,297,755.63,2024,cancelled
2897,316,141.30,2023,refunded
2898,337,782.15,2021,completed
2899,106,762.96,2023,completed
2900,237,268.93,2024,completed
2901,105,66.32,2022,completed
2902,123,464.01,2020,completed
2903,108,898.27,2021,completed
2904,392,568.44,2023,completed
2905,422,436.52,2024,refunded
2906,390,687.02,2024,completed
2907,389,368.33,2021,pending
2908,86,640.38,2023,refunded
2909,90,754.53,2024,completed
2910,439,557.48,2020,completed
2911,298,385.32,2020,cancelled
2912,162,52.50,2023,refunded
2913,465,154.66,2024,completed
2914,14,998.12,2021,completed
2915,486,933.90,2020,pending
2916,398,551.42,2023,pending
2917,155,720.68,2023,cancelled
2918,122,480.33,2022,pending
2919,491,409.11,2023,cancelled
2920,47,395.95,2024,pending
2921,332,460.37,2022,completed
2922,150,370.97,2021,completed
2923,165,932.51,2022,completed
2924,357,586.59,2024,pending
2925,312,547.01,2021,refunded
2926,98,71.76,2021,cancelled
2927,463,754.15,2024,completed
2928,271,673.71,2023,refunded
2929,397,330.52,2023,completed
2930,20,940.67,2020,pending
2931,209,388.15,2021,completed
2932,454,872.15,2023,pending
2933,74,879.00,2021,completed
2934,93,714.01,2022,pending
2935,225,394.00,2021,cancelled
2936,215,928.24,2024,completed
2937,113,398.64,2021,completed
2938,88,852.25,2020,completed
2939,493,792.20,2023,completed
2940,151,656.42,2020,pending
2941,391,956.10,2023,completed
2942,56,894.63,2024,completed
2943,385,910.50,2023,completed
2944,188,76.34,2024,cancelled
2945,239,431.19,2021,completed
2946,64,801.69,2020,completed
2947,283,882.38,2024,completed
2948,138,150.56,2023,completed
2949,493,534.37,2022,cancelled
2950,367,110.48,2022,pending
2951,388,595.58,2023,completed
2952,130,538.65,2022,refunded
2953,93,197.70,2021,pending
2954,269,381.33,2024,completed
2955,105,934.77,2020,completed
2956,211,339.89,2020,pending
2957,345,29.82,2023,completed
2958,18,395.17,2024,pending
2959,90,84.10,2022,pending
2960,169,568.81,2023,pending
2961,151,319.59,2023,completed
2962,170,759.54,2021,completed
2963,372,124.01,2022,completed
2964,252,337.91,2020,completed
2965,250,657.10,2022,completed
2966,187,46.02,2022,completed
2967,213,188.39,2021,cancelled
2968,349,892.08,2023,completed
2969,176,738.57,2022,completed
2970,253,813.53,2021,refunded
2971,429,861.40,2020,cancelled
2972,348,22.24,2020,completed
2973,131,999.53,2022,refunded
2974,479,981.88,2021,completed
2975,303,922.21,2021,completed
2976,490,175.43,2024,refunded
2977,231,863.38,2020,completed
2978,416,157.98,2024,completed
2979,436,916.25,2021,refunded
2980,199,200.40,2020,pending
2981,261,194.91,2020,completed
2982,443,488.15,2022,completed
2983,239,499.65,2023,completed
2984,413,939.64,2021,completed
2985,13,806.05,2024,completed
2986,64,992.88,2023,completed
2987,40,937.85,2023,pending
2988,149,809.88,2020,completed
2989,448,283.59,2021,completed
2990,457,16.02,2022,completed
2991,19,612.16,2023,cancelled
2992,373,787.89,2021,cancelled
2993,371,720.85,2021,cancelled
2994,66,838.11,2024,completed
2995,55,247.00,2023,refunded
2996,65,249.24,2023,completed
2997,230,133.02,2022,completed
2998,290,948.12,2022,completed
2999,42,451.32,2024,refunded
3000,149,760.45,2024,cancelled
3001,476,472.35,2020,completed
3002,400,349.52,2024,refunded
3003,246,124.37,2023,completed
3004,208,701.76,2024,refunded
3005,127,35.10,2023,completed
3006,421,205.72,2021,refunded
3007,443,205.88,2024,completed
3008,148,774.52,2024,completed
3009,43,596.60,2022,completed
3010,443,873.03,2022,pending
3011,425,330.86,2023,completed
3012,84,655.52,2022,pending
3013,187,366.70,2021,completed
3014,51,871.92,2022,pending
3015,372,902.12,2021,pending
3016,261,379.51,2022,completed
3017,271,250.45,2020,completed
3018,290,217.79,2023,refunded
3019,393,369.72,2024,completed
3020,179,972.61,2024,completed
3021,426,30.14,2020,pending
3022,44,402.20,2021,completed
3023,155,159.64,2021,cancelled
3024,146,743.98,2020,completed
3025,367,999.16,2021,completed
3026,406,348.44,2021,completed
3027,405,441.31,2021,completed
3028,138,638.76,2020,completed
3029,63,937.48,2023,completed
3030,130,541.70,2024,cancelled
3031,77,996.53,2022,cancelled
3032,284,495.07,2024,completed
3033,89,661.30,2023,completed
3034,217,362.63,2020,completed
3035,206,770.80,2023,refunded
3036,434,228.25,2020,completed
3037,174,483.87,2021,pending
3038,209,561.59,2022,completed
3039,452,609.22,2024,completed
3040,93,738.42,2024,completed
3041,154,532.40,2022,completed
3042,484,342.39,2022,completed
3043,240,684.93,2020,completed
3044,85,210.11,2024,pending
3045,471,177.20,2023,completed
3046,338,407.26,2021,completed
3047,4,822.89,2021,refunded
3048,67,62.73,2022,refunded
3049,314,765.39,2021,completed
3050,4,535.10,2022,completed
3051,233,804.60,2023,completed
3052,382,153.90,2022,completed
3053,247,74.85,2022,completed
3054,350,257.97,2020,refunded
3055,314,86.65,2023,pending
3056,463,681.74,2022,completed
3057,323,310.56,2023,completed
3058,431,115.27,2021,pending
3059,206,266.01,2021,completed
3060,103,384.44,2024,completed
3061,128,540.79,2021,cancelled
3062,360,735.10,2020,completed
3063,330,122.08,2023,pending
3064,17,957.06,2021,pending
3065,136,721.52,2020,completed
3066,327,402.13,2023,completed
3067,104,938.65,2021,completed
3068,274,816.61,2023,completed
3069,364,571.16,2023,completed
3070,231,709.16,2020,refunded
3071,52,751.51,2022,completed
3072,377,603.52,2022,completed
3073,248,918.91,2024,completed
3074,433,568.67,2021,pending
3075,111,347.76,2022,cancelled
3076,215,613.04,2024,completed
3077,203,301.14,2023,refunded
3078,84,304.07,2022,completed
3079,319,471.27,2022,completed
3080,349,340.91,2021,cancelled
3081,245,770.70,2020,completed
3082,279,961.52,2021,refunded
3083,164,67.03,2024,completed
3084,487,656.45,2020,pending
3085,353,155.78,2022,completed
3086,272,372.98,2023,completed
3087,12,198.68,2020,completed
3088,300,456.68,2020,completed
3089,226,744.39,2020,cancelled
3090,478,122.06,2023,completed
3091,448,981.47,2024,refunded
3092,459,983.43,2022,completed
3093,304,305.81,2020,completed
3094,447,385.48,2021,cancelled
3095,16,148.22,2023,completed
3096,255,857.37,2022,cancelled
3097,130,759.45,2020,cancelled
3098,198,143.53,2020,cancelled
3099,289,338.07,2024,cancelled
3100,477,877.33,2023,refunded
3101,441,56.56,2024,completed
3102,1,206.01,2020,completed
3103,175,810.44,2024,completed
3104,117,350.95,2024,refunded
3105,3,137.58,2021,pending
3106,254,423.53,2021,completed
3107,455,25.44,2022,completed
3108,73,102.57,2024,completed
3109,107,212.90,2022,completed
3110,161,273.57,2023,pending
3111,311,443.07,2023,refunded
3112,378,420.31,2021,refunded
3113,226,663.29,2023,completed
3114,366,461.05,2023,pending
3115,418,380.88,2023,completed
3116,356,268.71,2022,completed
3117,337,327.87,2023,completed
3118,210,505.16,2021,completed
3119,275,337.85,2023,completed
3120,227,537.55,2023,cancelled
3121,300,251.22,2021,cancelled
3122,399,509.16,2020,completed
3123,120,171.99,2024,completed
3124,123,587.98,2021,completed
3125,67,288.03,2021,cancelled
3126,493,463.65,2020,completed
3127,57,511.35,2024,pending
3128,272,313.89,2024,completed
3129,26,94.07,2020,cancelled
3130,445,214.39,2024,refunded
3131,475,779.13,2024,completed
3132,489,859.44,2023,pending
3133,329,942.54,2020,completed
3134,364,29.58,2023,cancelled
3135,173,663.55,2020,completed
3136,363,418.10,2021,completed
3137,80,871.59,2020,completed
3138,238,931.33,2020,cancelled
3139,310,646.07,2023,completed
3140,176,443.03,2024,completed
3141,46,134.10,2023,completed
3142,51,646.14,2024,cancelled
3143,118,706.20,2021,cancelled
3144,438,397.62,2021,completed
3145,167,251.89,2024,cancelled
3146,350,685.79,2021,completed
3147,330,752.46,2021,completed
3148,90,29.82,2021,pending
3149,386,608.92,2020,completed
3150,488,507.65,2023,completed
3151,189,283.10,2020,completed
3152,376,502.56,2023,cancelled
3153,129,329.99,2024,refunded
3154,48,197.75,2023,completed
3155,146,135.27,2022,completed
3156,409,876.25,2024,completed
3157,238,800.39,2020,refunded
3158,196,968.72,2024,cancelled
3159,216,431.90,2024,pending
3160,270,179.06,2020,completed
3161,39,887.98,2020,pending
3162,246,357.93,2020,completed
3163,209,291.32,2022,pending
3164,160,909.49,2022,cancelled
3165,54,400.92,2024,completed
3166,168,314.26,2024,cancelled
3167,355,997.09,2023,completed
3168,124,642.89,2023,cancelled
3169,317,793.14,2021,completed
3170,431,401.17,2023,refunded
3171,483,793.37,2023,cancelled
3172,424,910.09,2022,pending
3173,105,523.67,2024,refunded
3174,55,414.17,2021,refunded
3175,364,145.95,2022,completed
3176,399,291.41,2022,completed
3177,205,368.25,2024,completed
3178,262,603.83,2021,completed
3179,462,878.09,2024,completed
3180,100,695.88,2020,completed
3181,473,506.56,2020,completed
3182,53,856.98,2020,pending
3183,159,217.97,2020,cancelled
3184,180,398.10,2022,pending
3185,492,92.51,2021,completed
3186,35,504.82,2021,completed
3187,83,878.79,2023,completed
3188,268,253.97,2024,completed
3189,287,607.81,2023,pending
3190,148,717.76,2021,cancelled
3191,54,836.26,2024,pending
3192,165,293.23,2023,cancelled
3193,94,373.05,2020,completed
3194,282,614.85,2024,completed
3195,138,955.67,2022,completed
3196,184,652.32,2022,completed
3197,24,770.17,2023,cancelled
3198,382,659.74,2024,pending
3199,241,886.42,2020,cancelled
3200,251,967.85,2024,pending
3201,70,885.97,2024,pending
3202,453,132.38,2023,cancelled
3203,435,587.20,2021,completed
3204,385,884.54,2022,completed
3205,266,320.96,2022,completed
3206,396,190.25,2020,pending
3207,16,144.19,2021,cancelled
3208,496,642.81,2022,completed
3209,121,288.51,2021,refunded
3210,471,774.99,2023,completed
3211,360,189.19,2023,completed
3212,70,575.74,2023,completed
3213,341,87.71,2021,pending
3214,280,562.84,2020,completed
3215,302,391.57,2020,pending
3216,248,863.84,2020,cancelled
3217,499,344.08,2023,completed
3218,398,179.62,2023,completed
3219,130,605.28,2023,refunded
3220,231,806.21,2023,cancelled
3221,493,235.14,2020,completed
3222,154,731.53,2023,pending
3223,62,759.25,2023,pending
3224,367,523.02,2020,completed
3225,389,130.99,2021,completed
3226,322,995.80,2021,cancelled
3227,178,818.14,2024,cancelled
3228,213,211.86,2024,pending
3229,36,449.70,2020,cancelled
3230,237,578.33,2021,cancelled
3231,50,819.95,2023,cancelled
3232,473,240.54,2022,completed
3233,408,779.01,2022,cancelled
3234,266,281.10,2023,completed
3235,475,222.86,2020,completed
3236,424,554.15,2024,completed
3237,118,117.27,2022,completed
3238,125,711.34,2022,refunded
3239,217,613.58,2024,refunded
3240,57,463.38,2020,completed
3241,370,585.55,2023,pending
3242,297,119.19,2021,completed
3243,375,235.78,2023,completed
3244,31,179.51,2021,pending
3245,196,17.78,2021,completed
3246,333,909.90,2023,refunded
3247,117,185.99,2020,cancelled
3248,33,681.37,2024,completed
3249,349,604.58,2022,cancelled
3250,272,652.91,2022,completed
3251,133,826.17,2023,refunded
3252,299,136.08,2024,completed
3253,360,339.08,2023,pending
3254,216,648.78,2022,completed
3255,137,256.65,2021,completed
3256,26,995.60,2023,completed
3257,67,462.18,2021,completed
3258,384,808.27,2023,pending
3259,364,181.30,2020,completed
3260,306,771.39,2020,completed
3261,490,878.75,2020,pending
3262,484,688.88,2021,pending
3263,105,23.18,2022,refunded
3264,210,513.16,2020,completed
3265,35,631.00,2023,refunded
3266,108,403.98,2023,completed
3267,428,176.43,2023,completed
3268,129,733.55,2024,pending
3269,416,662.32,2022,completed
3270,128,518.29,2020,pending
3271,278,152.46,2021,pending
3272,327,388.00,2022,cancelled
3273,200,602.79,2020,completed
3274,132,436.97,2021,completed
3275,195,240.62,2024,completed
3276,336,475.16,2023,pending
3277,99,175.44,2023,completed
3278,377,754.93,2024,refunded
3279,61,586.93,2024,refunded
3280,419,82.62,2024,pending
3281,143,103.82,2021,refunded
3282,468,632.65,2024,refunded
3283,268,88.95,2020,refunded
3284,378,167.34,2023,pending
3285,178,529.73,2022,completed
3286,165,262.77,2024,completed
3287,360,234.77,2020,refunded
3288,35,598.77,2021,completed
3289,10,486.37,2020,pending
3290,423,192.73,2024,pending
3291,449,339.08,2024,completed
3292,123,437.81,2024,refunded
3293,288,803.88,2023,completed
3294,22,88.07,2024,cancelled
3295,205,395.94,2021,refunded
3296,387,895.55,2024,completed
3297,450,812.09,2024,completed
3298,242,73.09,2021,completed
3299,419,705.99,2022,refunded
3300,394,47.81,2023,pending
3301,204,575.34,2024,completed
3302,480,832.17,2023,refunded
3303,395,275.63,2021,completed
3304,340,754.35,2024,pending
3305,85,678.65,2021,completed
3306,104,312.83,2021,pending
3307,438,303.54,2023,completed
3308,170,321.03,2021,pending
3309,118,300.77,2020,refunded
3310,73,800.06,2023,pending
3311,408,977.02,2022,pending
3312,200,132.91,2023,pending
3313,300,819.64,2022,completed
3314,365,375.14,2022,completed
3315,464,345.54,2020,cancelled
3316,1,882.77,2021,completed
3317,431,906.98,2023,completed
3318,460,799.82,2023,pending
3319,227,150.84,2022,completed
3320,288,522.24,2021,cancelled
3321,9,93.71,2022,cancelled
3322,65,725.42,2020,completed
3323,68,590.12,2024,pending
3324,333,67.92,2021,completed
3325,474,559.65,2020,pending
3326,84,417.46,2024,completed
3327,69,278.06,2020,refunded
3328,339,50.47,2024,refunded
3329,118,475.95,2023,completed
3330,448,438.85,2020,refunded
3331,206,777.59,2024,refunded
3332,406,30.75,2024,pending
3333,36,120.91,2024,completed
3334,399,442.69,2024,pending
3335,23,258.92,2021,completed
3336,413,432.66,2023,cancelled
3337,434,531.83,2021,pending
3338,319,241.91,2024,cancelled
3339,169,661.73,2020,pending
3340,255,272.36,2022,pending
3341,325,44.11,2024,refunded
3342,328,396.24,2024,refunded
3343,59,651.99,2022,refunded
3344,310,692.98,2024,completed
3345,269,707.83,2022,completed
3346,483,679.26,2022,refunded
3347,206,680.97,2020,completed
3348,85,842.29,2024,completed
3349,67,51.89,2020,completed
3350,244,457.37,2024,pending
3351,185,293.99,2020,completed
3352,485,746.16,2021,completed
3353,429,719.59,2024,cancelled
3354,283,885.44,2024,cancelled
3355,73,991.86,2021,completed
3356,252,394.71,2022,pending
3357,461,998.08,2021,pending
3358,394,448.54,2022,completed
3359,204,448.37,2023,cancelled
3360,190,573.68,2023,refunded
3361,498,764.28,2023,cancelled
3362,196,804.74,2022,refunded
3363,412,781.68,2021,pending
3364,266,139.53,2021,refunded
3365,36,602.92,2023,completed
3366,461,930.32,2023,completed
3367,229,487.75,2021,pending
3368,170,649.21,2022,cancelled
3369,70,444.63,2021,completed
3370,228,840.76,2020,pending
3371,364,155.67,2023,completed
3372,143,374.62,2020,completed
3373,307,480.64,2022,cancelled
3374,48,699.65,2022,pending
3375,219,184.37,2022,refunded
3376,441,748.26,2023,cancelled
3377,284,866.62,2023,pending
3378,82,574.02,2023,completed
3379,240,83.09,2023,refunded
3380,206,150.00,2020,cancelled
3381,287,764.07,2020,completed
3382,32,142.96,2020,completed
3383,236,980.85,2022,pending
3384,275,263.66,2022,completed
3385,408,38.01,2020,refunded
3386,448,429.70,2021,refunded
3387,2,721.27,2023,completed
3388,424,743.66,2022,completed
3389,287,741.88,2024,completed
3390,78,418.03,2022,completed
3391,352,137.91,2021,refunded
3392,454,739.78,2024,cancelled
3393,276,303.14,2020,pending
3394,432,435.59,2020,cancelled
3395,479,70.44,2022,completed
3396,433,852.63,2023,pending
3397,314,658.99,2022,completed
3398,280,162.29,2020,completed
3399,43,917.03,2020,completed
3400,442,714.40,2020,cancelled
3401,446,239.60,2024,completed
3402,460,779.86,2023,completed
3403,97,697.56,2024,pending
3404,247,630.19,2020,completed
3405,324,800.77,2024,completed
3406,272,157.68,2023,refunded
3407,328,971.58,2020,completed
3408,187,956.49,2021,completed
3409,167,736.95,2022,completed
3410,421,135.87,2020,completed
3411,294,863.61,2021,completed
3412,203,556.41,2024,completed
3413,156,174.34,2021,pending
3414,61,93.15,2020,pending
3415,214,602.53,2024,completed
3416,429,286.77,2023,completed
3417,441,815.13,2020,cancelled
3418,62,130.69,2021,pending
3419,253,171.69,2022,completed
3420,140,218.71,2023,completed
3421,229,418.72,2020,refunded
3422,275,915.57,2023,refunded
3423,484,61.76,2023,completed
3424,260,888.43,2024,pending
3425,255,552.00,2022,completed
3426,342,134.86,2022,completed
3427,196,578.71,2020,cancelled
3428,435,417.23,2024,refunded
3429,338,564.33,2022,completed
3430,314,835.13,2023,pending
3431,135,807.65,2023,completed
3432,37,693.12,2023,completed
3433,29,565.39,2021,completed
3434,74,108.54,2024,completed
3435,76,212.01,2024,completed
3436,261,169.65,2020,completed
3437,353,656.83,2024,completed
3438,45,932.31,2020,refunded
3439,383,371.23,2022,completed
3440,299,160.75,2024,completed
3441,209,397.03,2024,refunded
3442,312,303.81,2024,completed
3443,111,443.71,2024,completed
3444,298,259.82,2020,refunded
3445,500,27.29,2022,cancelled
3446,191,448.15,2020,refunded
3447,215,130.05,2022,completed
3448,393,642.19,2020,completed
3449,289,231.01,2022,completed
3450,209,365.75,2020,completed
3451,90,882.59,2020,pending
3452,140,336.57,2020,completed
3453,201,942.55,2020,completed
3454,332,176.46,2020,cancelled
3455,468,77.67,2022,cancelled
3456,16,418.04,2022,completed
3457,346,519.41,2021,refunded
3458,417,259.59,2021,refunded
3459,322,343.93,2023,pending
3460,364,509.28,2022,cancelled
3461,79,54.54,2023,completed
3462,175,775.35,2024,completed
3463,20,546.33,2020,refunded
3464,60,309.51,2023,pending
3465,365,567.94,2021,completed
3466,296,655.70,2022,cancelled
3467,417,352.25,2020,completed
3468,26,812.64,2020,completed
3469,408,399.52,2024,pending
3470,435,850.90,2022,pending
3471,122,819.56,2023,refunded
3472,92,628.59,2022,completed
3473,279,408.70,2023,completed
3474,373,322.07,2024,refunded
3475,483,93.61,2020,completed
3476,95,388.25,2021,completed
3477,32,690.90,2020,refunded
3478,302,613.09,2020,pending
3479,203,341.92,2020,pending
3480,478,358.49,2021,pending
3481,414,451.08,2022,completed
3482,214,113.61,2023,pending
3483,230,950.29,2022,refunded
3484,147,696.99,2022,completed
3485,172,59.80,2023,cancelled
3486,128,935.62,2020,pending
3487,361,669.18,2021,completed
3488,138,444.05,2024,completed
3489,455,51.34,2023,pending
3490,149,883.65,2021,refunded
3491,471,16.62,2021,pending
3492,57,379.82,2024,completed
3493,242,871.61,2020,pending
3494,448,817.92,2021,refunded
3495,412,940.88,2021,completed
3496,484,937.12,2024,pending
3497,316,649.83,2020,completed
3498,39,397.65,2020,completed
3499,210,690.11,2024,completed
3500,173,331.84,2024,refunded
3501,378,975.88,2021,completed
3502,26,914.95,2020,pending
3503,36,679.83,2020,refunded
3504,428,372.92,2024,pending
3505,199,935.03,2022,completed
3506,329,619.26,2021,completed
3507,476,128.22,2022,cancelled
3508,474,92.10,2022,refunded
3509,192,835.37,2022,completed
3510,383,959.40,2021,completed
3511,8,135.37,2023,completed
3512,436,404.24,2020,completed
3513,204,126.61,2023,cancelled
3514,112,715.81,2023,pending
3515,48,940.67,2023,refunded
3516,246,615.08,2020,completed
3517,131,160.68,2022,refunded
3518,160,382.28,2022,cancelled
3519,97,656.84,2021,cancelled
3520,36,823.14,2022,cancelled
3521,385,574.37,2021,completed
3522,240,335.88,2024,refunded
3523,39,146.94,2024,completed
3524,72,229.42,2021,completed
3525,237,331.94,2020,refunded
3526,50,252.28,2024,refunded
3527,140,560.14,2024,cancelled
3528,88,277.05,2021,completed
3529,401,529.63,2023,cancelled
3530,191,952.50,2023,completed
3531,109,553.99,2022,completed
3532,34,53.95,2022,pending
3533,315,587.52,2024,completed
3534,438,142.33,2023,cancelled
3535,233,724.34,2022,cancelled
3536,85,57.88,2020,pending
3537,28,490.37,2020,completed
3538,255,348.38,2020,cancelled
3539,172,293.53,2021,completed
3540,68,751.65,2020,completed
3541,330,611.32,2022,completed
3542,73,176.47,2020,completed
3543,256,771.25,2021,completed
3544,132,815.50,2023,pending
3545,283,613.99,2024,completed
3546,162,227.18,2024,refunded
3547,196,653.70,2020,cancelled
3548,227,389.40,2022,completed
3549,231,137.20,2021,cancelled
3550,298,846.66,2020,completed
3551,19,901.28,2021,pending
3552,315,768.93,2020,cancelled
3553,388,357.48,2021,completed
3554,83,633.19,2024,refunded
3555,93,90.41,2023,cancelled
3556,8,775.68,2021,completed
3557,35,474.21,2021,completed
3558,114,344.06,2022,refunded
3559,227,664.12,2024,cancelled
3560,69,859.23,2020,completed
3561,86,285.06,2022,pending
3562,256,468.05,2021,pending
3563,106,929.23,2023,cancelled
3564,193,468.29,2020,pending
3565,78,676.15,2021,completed
3566,389,48.05,2022,completed
3567,91,758.77,2020,completed
3568,478,282.16,2021,cancelled
3569,421,196.12,2023,completed
3570,311,133.93,2022,cancelled
3571,437,485.75,2021,completed
3572,325,721.98,2023,refunded
3573,383,230.27,2020,pending
3574,155,741.59,2020,pending
3575,38,76.72,2022,completed
3576,431,434.76,2023,pending
3577,266,511.15,2022,completed
3578,334,237.52,2021,completed
3579,319,978.02,2022,cancelled
3580,132,203.05,2023,cancelled
3581,259,787.94,2021,completed
3582,182,133.85,2023,completed
3583,313,120.57,2021,completed
3584,271,84.37,2020,cancelled
3585,219,636.73,2020,cancelled
3586,404,120.06,2020,pending
3587,467,836.38,2021,completed
3588,397,662.65,2022,completed
3589,46,322.69,2022,completed
3590,136,333.25,2020,completed
3591,332,647.35,2022,completed
3592,434,435.84,2023,pending
3593,294,725.48,2024,pending
3594,123,281.11,2020,cancelled
3595,288,906.79,2021,completed
3596,6,97.19,2023,completed
3597,27,243.13,2023,completed
3598,28,162.66,2024,completed
3599,458,396.91,2022,completed
3600,407,944.81,2024,cancelled
3601,310,454.65,2022,completed
3602,494,128.79,2020,cancelled
3603,326,835.53,2023,completed
3604,57,998.15,2021,pending
3605,382,774.02,2022,refunded
3606,64,787.73,2020,refunded
3607,444,386.47,2024,completed
3608,11,375.73,2023,completed
3609,396,148.20,2021,refunded
3610,287,952.06,2024,completed
3611,75,890.30,2024,cancelled
3612,464,976.77,2022,completed
3613,125,391.10,2021,cancelled
3614,158,727.34,2022,completed
3615,357,124.49,2020,completed
3616,84,742.64,2020,cancelled
3617,113,578.05,2024,completed
3618,166,648.58,2021,completed
3619,416,389.31,2023,completed
3620,332,428.30,2024,cancelled
3621,122,855.00,2020,pending
3622,454,25.05,2021,pending
3623,70,15.51,2020,cancelled
3624,124,701.52,2020,completed
3625,94,730.98,2024,completed
3626,420,950.44,2023,completed
3627,375,549.83,2023,completed
3628,310,535.89,2020,pending
3629,292,671.88,2023,completed
3630,87,68.08,2023,cancelled
3631,345,162.77,2022,completed
3632,196,845.85,2021,cancelled
3633,483,559.44,2023,completed
3634,157,565.83,2022,cancelled
3635,111,446.10,2020,completed
3636,389,538.10,2020,refunded
3637,273,736.27,2021,completed
3638,467,508.64,2021,refunded
3639,242,902.26,2021,refunded
3640,85,991.80,2024,refunded
3641,464,827.16,2023,refunded
3642,414,771.54,2021,completed
3643,429,983.10,2020,pending
3644,441,965.58,2020,completed
3645,18,716.26,2022,completed
3646,455,435.37,2023,refunded
3647,106,629.80,2024,pending
3648,495,423.05,2021,pending
3649,139,427.07,2021,completed
3650,378,478.74,2020,completed
3651,444,149.80,2020,completed
3652,42,516.80,2022,completed
3653,6,389.12,2021,refunded
3654,27,765.83,2024,refunded
3655,228,272.26,2023,pending
3656,187,129.21,2023,completed
3657,478,75.17,2021,completed
3658,355,240.62,2023,completed
3659,9,155.16,2023,pending
3660,218,788.89,2020,refunded
3661,140,513.53,2021,completed
3662,148,504.40,2020,cancelled
3663,472,942.68,2021,pending
3664,11,70.20,2020,pending
3665,494,928.38,2023,completed
3666,448,306.01,2020,completed
3667,464,224.47,2024,completed
3668,50,477.99,2020,completed
3669,183,271.46,2021,refunded
3670,459,871.54,2023,cancelled
3671,110,397.15,2023,refunded
3672,68,789.50,2024,completed
3673,182,783.74,2022,pending
3674,276,559.22,2020,completed
3675,9,894.80,2022,completed
3676,104,472.86,2022,refunded
3677,428,628.88,2024,completed
3678,325,218.18,2022,refunded
3679,223,258.04,2024,refunded
3680,413,334.73,2021,refunded
3681,242,302.97,2022,completed
3682,277,112.47,2022,completed
3683,174,560.62,2024,refunded
3684,216,419.83,2020,cancelled
3685,29,802.15,2023,completed
3686,228,503.98,2023,completed
3687,126,960.17,2024,completed
3688,149,121.50,2021,cancelled
3689,456,733.51,2022,completed
3690,474,438.20,2021,completed
3691,314,144.07,2021,cancelled
3692,150,902.76,2021,cancelled
3693,453,185.60,2024,cancelled
3694,19,450.73,2022,refunded
3695,208,753.68,2020,completed
3696,127,693.02,2024,refunded
3697,161,950.02,2023,pending
3698,285,653.49,2022,completed
3699,93,501.83,2024,cancelled
3700,228,970.43,2024,completed
3701,218,810.73,2020,cancelled
3702,467,698.78,2023,pending
3703,429,106.63,2020,pending
3704,149,998.41,2022,refunded
3705,199,906.04,2022,pending
3706,319,631.11,2020,pending
3707,217,553.00,2021,pending
3708,189,889.00,2022,completed
3709,166,455.08,2024,completed
3710,449,94.09,2022,completed
3711,488,362.72,2020,completed
3712,308,440.80,2020,completed
3713,391,124.75,2023,completed
3714,451,632.59,2023,cancelled
3715,258,479.81,2022,completed
3716,66,858.48,2021,completed
3717,469,74.81,2024,cancelled
3718,243,616.66,2021,completed
3719,310,577.28,2022,refunded
3720,329,329.73,2021,cancelled
3721,409,893.96,2024,completed
3722,296,223.89,2021,completed
3723,64,559.09,2021,pending
3724,69,532.01,2021,completed
3725,172,456.07,2024,pending
3726,35,632.90,2020,pending
3727,207,763.06,2020,pending
3728,430,428.79,2024,completed
3729,110,813.15,2020,refunded
3730,127,996.88,2023,pending
3731,229,383.54,2024,completed
3732,280,669.49,2021,refunded
3733,245,494.12,2024,pending
3734,65,872.78,2022,pending
3735,244,276.04,2021,completed
3736,413,115.86,2023,completed
3737,495,651.09,2024,pending
3738,235,302.01,2021,completed
3739,278,830.77,2022,completed
3740,322,29.09,2022,pending
3741,158,483.64,2022,completed
3742,169,905.94,2024,refunded
3743,452,837.03,2024,cancelled
3744,69,510.40,2024,completed
3745,80,790.60,2023,completed
3746,73,52.28,2021,refunded
3747,163,657.55,2024,completed
3748,56,401.07,2023,completed
3749,271,171.92,2022,pending
3750,322,940.82,2022,cancelled
3751,103,661.70,2024,cancelled
3752,402,524.70,2020,pending
3753,180,980.71,2022,refunded
3754,350,214.39,2021,completed
3755,371,366.26,2023,completed
3756,106,788.93,2024,completed
3757,77,831.56,2021,pending
3758,365,349.92,2022,completed
3759,183,175.94,2024,refunded
3760,166,116.01,2023,refunded
3761,198,385.35,2022,completed
3762,384,889.89,2021,completed
3763,388,118.39,2020,completed
3764,437,357.07,2023,completed
3765,480,593.24,2021,pending
3766,306,683.36,2024,pending
3767,8,431.85,2020,cancelled
3768,83,907.05,2021,refunded
3769,193,950.54,2021,cancelled
3770,290,939.97,2021,completed
3771,402,798.12,2020,refunded
3772,489,803.48,2021,completed
3773,425,520.70,2021,refunded
3774,406,359.22,2022,completed
3775,88,960.41,2020,refunded
3776,201,93.98,2021,completed
3777,119,849.85,2023,completed
3778,98,807.38,2020,pending
3779,389,78.59,2023,pending
3780,426,758.51,2024,completed
3781,166,50.72,2024,completed
3782,210,486.25,2024,completed
3783,291,876.00,2020,completed
3784,278,276.92,2020,cancelled
3785,280,726.97,2023,pending
3786,23,53.60,2021,completed
3787,444,270.96,2024,completed
3788,455,897.41,2023,pending
3789,84,299.04,2023,completed
3790,68,902.58,2024,completed
3791,32,53.91,2020,completed
3792,465,206.66,2020,refunded
3793,26,646.71,2024,completed
3794,299,438.95,2022,refunded
3795,158,201.64,2022,completed
3796,374,231.51,2021,cancelled
3797,232,63.69,2023,pending
3798,476,87.40,2021,refunded
3799,18,335.11,2021,completed
3800,212,16.51,2022,completed
3801,24,584.14,2023,completed
3802,237,797.73,2023,pending
3803,495,891.95,2021,cancelled
3804,455,511.49,2022,cancelled
3805,270,115.16,2020,completed
3806,280,452.92,2020,completed
3807,177,618.47,2022,pending
3808,11,59.99,2024,cancelled
3809,61,32.05,2024,refunded
3810,239,271.84,2022,cancelled
3811,494,301.05,2020,completed
3812,346,239.86,2021,cancelled
3813,393,638.79,2024,cancelled
3814,155,237.21,2021,refunded
3815,162,227.15,2020,completed
3816,290,677.68,2022,refunded
3817,333,809.43,2023,pending
3818,155,362.65,2020,completed
3819,110,865.01,2024,completed
3820,220,116.31,2020,completed
3821,285,941.01,2022,completed
3822,421,396.39,2021,pending
3823,143,810.80,2021,completed
3824,42,909.25,2024,completed
3825,104,76.71,2023,pending
3826,249,421.32,2024,completed
3827,436,843.88,2020,cancelled
3828,33,773.52,2022,cancelled
3829,308,561.08,2022,refunded
3830,335,134.83,2023,refunded
3831,136,227.64,2024,pending
3832,36,369.16,2020,completed
3833,359,83.75,2023,completed
3834,394,370.41,2022,refunded
3835,473,501.11,2022,completed
3836,457,61.39,2023,refunded
3837,257,746.20,2022,pending
3838,319,156.54,2020,cancelled
3839,168,210.04,2024,pending
3840,258,254.84,2021,completed
3841,290,650.24,2022,refunded
3842,472,962.74,2024,completed
3843,258,74.01,2020,cancelled
3844,127,579.37,2024,completed
3845,269,542.16,2023,completed
3846,398,22.93,2023,cancelled
3847,117,387.19,2020,refunded
3848,286,28.11,2024,completed
3849,433,646.36,2022,pending
3850,203,318.75,2023,completed
3851,35,953.19,2022,completed
3852,247,690.72,2021,completed
3853,481,603.29,2020,cancelled
3854,173,160.37,2023,cancelled
3855,322,90.86,2023,pending
3856,151,75.95,2020,completed
3857,155,115.76,2022,completed
3858,435,836.05,2021,completed
3859,487,331.52,2023,completed
3860,47,514.71,2022,completed
3861,36,325.66,2023,completed
3862,496,450.27,2024,completed
3863,483,672.98,2024,pending
3864,426,223.68,2022,refunded
3865,143,293.34,2022,completed
3866,192,826.46,2024,cancelled
3867,337,517.04,2022,cancelled
3868,61,826.89,2021,completed
3869,189,171.27,2021,completed
3870,327,831.36,2021,refunded
3871,335,925.22,2022,completed
3872,431,635.32,2024,cancelled
3873,258,270.02,2020,cancelled
3874,488,778.26,2023,completed
3875,181,280.29,2022,completed
3876,43,17.49,2024,pending
3877,9,746.53,2024,completed
3878,183,281.03,2023,refunded
3879,362,308.94,2023,completed
3880,234,862.89,2024,cancelled
3881,239,485.63,2024,completed
3882,129,333.88,2020,pending
3883,87,145.56,2021,completed
3884,429,670.33,2020,completed
3885,286,468.45,2022,completed
3886,206,588.52,2020,completed
3887,328,873.06,2022,completed
3888,352,202.09,2024,refunded
3889,325,540.01,2024,completed
3890,206,966.47,2022,refunded
3891,154,313.91,2021,cancelled
3892,261,710.55,2022,refunded
3893,249,624.79,2024,completed
3894,266,686.81,2023,refunded
3895,349,590.24,2022,completed
3896,433,324.60,2020,cancelled
3897,39,664.51,2021,cancelled
3898,364,820.50,2021,completed
3899,403,912.49,2022,cancelled
3900,44,976.43,2022,refunded
3901,199,689.50,2020,cancelled
3902,152,115.25,2021,completed
3903,327,366.94,2022,cancelled
3904,316,234.46,2024,cancelled
3905,277,876.85,2020,completed
3906,247,645.68,2020,refunded
3907,310,175.19,2023,completed
3908,159,577.40,2021,pending
3909,253,367.83,2024,refunded
3910,339,693.71,2021,completed
3911,115,122.40,2023,refunded
3912,74,613.56,2021,refunded
3913,332,862.72,2023,cancelled
3914,17,60.58,2020,completed
3915,137,211.68,2022,completed
3916,367,456.32,2020,refunded
3917,291,664.61,2023,pending
3918,288,172.54,2024,completed
3919,340,263.29,2024,pending
3920,101,626.73,2023,completed
3921,417,597.45,2024,completed
3922,413,782.56,2021,completed
3923,67,793.89,2020,completed
3924,211,256.66,2021,completed
3925,52,632.15,2024,pending
3926,126,522.07,2021,pending
3927,417,212.25,2021,pending
3928,490,885.54,2020,completed
3929,68,34.36,2021,pending
3930,382,661.47,2024,pending
3931,211,565.66,2021,pending
3932,390,265.37,2024,completed
3933,249,557.88,2024,refunded
3934,223,675.39,2020,refunded
3935,471,38.13,2023,refunded
3936,242,361.96,2021,completed
3937,248,775.12,2024,refunded
3938,188,262.74,2024,pending
3939,8,867.35,2023,cancelled
3940,13,252.71,2022,completed
3941,179,886.63,2023,completed
3942,314,896.29,2021,cancelled
3943,482,912.07,2021,refunded
3944,434,437.11,2021,pending
3945,331,293.27,2023,completed
3946,302,916.95,2024,cancelled
3947,100,728.57,2021,refunded
3948,460,237.01,2024,completed
3949,360,831.39,2024,completed
3950,126,422.72,2022,pending
3951,390,219.99,2020,completed
3952,278,873.74,2021,pending
3953,349,679.94,2023,completed
3954,201,96.05,2023,cancelled
3955,183,146.38,2023,completed
3956,441,222.52,2021,completed
3957,4,194.99,2021,pending
3958,389,768.48,2020,completed
3959,491,860.31,2023,completed
3960,338,843.83,2023,refunded
3961,398,851.48,2022,pending
3962,482,212.42,2023,cancelled
3963,57,987.38,2022,completed
3964,489,367.02,2021,refunded
3965,36,780.83,2023,completed
3966,382,925.41,2023,completed
3967,199,76.96,2023,cancelled
3968,277,130.07,2023,completed
3969,385,886.56,2021,completed
3970,270,529.93,2020,pending
3971,38,798.27,2024,completed
3972,154,863.11,2023,completed
3973,146,826.32,2020,completed
3974,92,636.60,2020,completed
3975,265,439.90,2024,pending
3976,445,545.39,2022,completed
3977,383,926.13,2023,completed
3978,68,85.09,2023,refunded
3979,264,381.21,2021,completed
3980,55,803.31,2023,completed
3981,329,487.13,2022,completed
3982,477,97.58,2023,refunded
3983,99,972.40,2024,completed
3984,458,359.04,2024,pending
3985,372,343.40,2022,refunded
3986,129,243.32,2021,pending
3987,6,100.54,2021,refunded
3988,296,771.81,2020,cancelled
3989,424,849.54,2022,pending
3990,67,470.64,2022,completed
3991,332,559.48,2020,completed
3992,139,356.96,2022,refunded
3993,483,389.43,2022,completed
3994,385,148.61,2021,completed
3995,275,912.60,2021,completed
3996,181,118.86,2024,cancelled
3997,136,464.81,2022,pending
3998,155,802.65,2021,refunded
3999,113,330.06,2021,completed
4000,368,529.02,2023,pending
4001,85,50.02,2020,pending
4002,390,840.72,2024,pending
4003,234,970.98,2020,cancelled
4004,340,740.76,2021,completed
4005,363,184.55,2021,refunded
4006,123,871.54,2024,refunded
4007,108,913.98,2020,cancelled
4008,377,652.95,2022,completed
4009,408,402.62,2024,completed
4010,414,398.30,2023,completed
4011,216,440.13,2023,pending
4012,294,219.81,2022,completed
4013,159,436.86,2020,completed
4014,173,176.17,2020,completed
4015,169,698.96,2024,refunded
4016,111,253.15,2021,refunded
4017,92,926.60,2024,refunded
4018,264,529.29,2022,completed
4019,3,879.35,2022,refunded
4020,383,216.81,2023,refunded
4021,320,622.94,2024,cancelled
4022,124,154.04,2022,pending
4023,298,862.14,2020,pending
4024,486,187.00,2020,completed
4025,176,648.32,2022,pending
4026,124,131.28,2023,refunded
4027,176,850.22,2024,completed
4028,316,162.45,2021,refunded
4029,28,534.87,2020,refunded
4030,317,299.95,2024,cancelled
4031,489,823.43,2020,completed
4032,194,884.48,2022,completed
4033,299,13.63,2021,pending
4034,349,403.27,2020,completed
4035,61,846.72,2023,completed
4036,313,841.50,2021,refunded
4037,87,534.30,2020,refunded
4038,485,852.41,2021,cancelled
4039,461,167.47,2024,completed
4040,326,262.25,2024,completed
4041,205,922.47,2020,pending
4042,485,809.24,2021,refunded
4043,341,371.97,2022,pending
4044,306,500.98,2022,completed
4045,153,201.60,2022,completed
4046,100,82.55,2020,pending
4047,459,640.58,2024,completed
4048,172,920.32,2022,refunded
4049,175,933.92,2024,completed
4050,34,554.22,2024,refunded
4051,51,250.79,2023,completed
4052,21,357.64,2024,completed
4053,425,913.24,2024,completed
4054,415,207.40,2023,completed
4055,222,609.34,2021,completed
4056,315,286.16,2023,completed
4057,499,77.95,2023,cancelled
4058,454,754.53,2021,completed
4059,470,401.38,2022,cancelled
4060,373,548.30,2020,cancelled
4061,47,834.37,2022,completed
4062,93,846.72,2022,completed
4063,6,385.34,2020,completed
4064,237,931.46,2024,pending
4065,376,217.15,2020,cancelled
4066,405,437.47,2020,cancelled
4067,313,507.85,2024,pending
4068,500,279.79,2021,cancelled
4069,224,848.22,2023,completed
4070,398,609.32,2022,completed
4071,114,842.76,2024,completed
4072,310,510.22,2024,cancelled
4073,108,72.33,2024,completed
4074,356,982.09,2023,pending
4075,109,90.79,2021,pending
4076,86,123.16,2021,pending
4077,413,525.69,2021,refunded
4078,128,617.99,2023,cancelled
4079,351,475.26,2021,completed
4080,261,158.89,2022,completed
4081,11,803.99,2022,cancelled
4082,421,110.55,2024,completed
4083,404,683.14,2020,completed
4084,325,664.86,2023,cancelled
4085,351,568.64,2020,refunded
4086,44,231.15,2024,completed
4087,277,304.85,2022,pending
4088,499,482.31,2023,completed
4089,129,983.23,2024,pending
4090,457,385.30,2020,completed
4091,229,750.62,2023,completed
4092,460,725.09,2020,completed
4093,236,822.81,2022,cancelled
4094,361,173.64,2022,pending
4095,99,64.75,2023,pending
4096,133,338.80,2021,refunded
4097,462,500.91,2024,pending
4098,215,907.14,2024,completed
4099,255,621.74,2024,pending
4100,321,973.39,2020,refunded
4101,439,382.13,2022,cancelled
4102,273,382.24,2021,refunded
4103,232,715.48,2021,completed
4104,306,52.28,2021,completed
4105,168,237.32,2020,pending
4106,395,306.77,2020,refunded
4107,168,85.74,2022,cancelled
4108,36,58.27,2023,refunded
4109,411,175.07,2021,completed
4110,390,504.56,2024,pending
4111,255,777.93,2021,completed
4112,461,149.45,2022,pending
4113,485,931.01,2022,cancelled
4114,417,988.03,2022,cancelled
4115,355,155.56,2022,completed
4116,112,850.04,2021,completed
4117,430,284.44,2021,pending
4118,167,479.17,2023,completed
4119,488,85.03,2021,completed
4120,415,240.88,2023,completed
4121,211,657.13,2024,completed
4122,221,112.80,2021,pending
4123,319,308.03,2021,pending
4124,385,454.86,2023,cancelled
4125,369,749.85,2024,pending
4126,415,639.44,2023,completed
4127,28,21.57,2020,cancelled
4128,142,128.40,2021,completed
4129,267,917.91,2023,cancelled
4130,407,788.39,2023,completed
4131,350,874.97,2020,refunded
4132,295,122.33,2022,pending
4133,194,743.47,2020,pending
4134,113,32.07,2022,cancelled
4135,113,741.30,2021,completed
4136,206,460.45,2024,cancelled
4137,277,855.73,2021,cancelled
4138,107,739.78,2022,completed
4139,4,479.84,2024,pending
4140,454,372.64,2020,refunded
4141,127,895.30,2022,refunded
4142,229,53.97,2024,completed
4143,156,996.89,2022,refunded
4144,315,889.79,2022,pending
4145,465,17.10,2023,refunded
4146,31,513.55,2023,pending
4147,24,621.75,2021,pending
4148,226,53.74,2020,completed
4149,286,508.30,2020,pending
4150,62,569.42,2020,refunded
4151,24,294.19,2023,pending
4152,426,57.84,2020,cancelled
4153,455,553.27,2024,refunded
4154,111,357.46,2021,completed
4155,476,604.73,2024,refunded
4156,167,681.02,2024,completed
4157,348,895.33,2024,cancelled
4158,369,826.42,2024,cancelled
4159,180,617.51,2024,refunded
4160,465,396.68,2024,cancelled
4161,292,783.73,2023,refunded
4162,135,426.84,2022,completed
4163,407,349.28,2024,completed
4164,201,505.59,2022,completed
4165,14,493.44,2023,completed
4166,145,644.44,2024,completed
4167,68,132.55,2023,cancelled
4168,303,854.80,2021,pending
4169,220,165.36,2021,pending
4170,132,89.37,2024,completed
4171,487,527.50,2023,completed
4172,332,848.64,2022,completed
4173,131,963.72,2024,completed
4174,274,261.89,2024,cancelled
4175,37,435.46,2021,completed
4176,13,294.52,2021,refunded
4177,464,506.64,2024,refunded
4178,20,863.78,2023,completed
4179,251,496.84,2024,completed
4180,447,308.62,2022,pending
4181,164,974.94,2023,completed
4182,323,371.58,2022,completed
4183,422,483.53,2022,completed
4184,291,780.40,2020,completed
4185,207,952.19,2023,completed
4186,392,126.38,2024,completed
4187,89,803.39,2023,completed
4188,106,201.18,2022,refunded
4189,312,171.86,2023,completed
4190,247,440.03,2023,pending
4191,100,696.92,2021,completed
4192,459,455.51,2021,completed
4193,160,154.51,2024,pending
4194,315,124.40,2023,completed
4195,183,191.97,2021,completed
4196,390,814.93,2021,completed
4197,19,87.81,2024,completed
4198,475,244.17,2023,completed
4199,432,134.59,2024,completed
4200,280,650.09,2023,refunded
4201,439,809.40,2022,pending
4202,215,234.74,2021,completed
4203,385,763.62,2022,completed
4204,261,627.86,2024,refunded
4205,301,234.64,2022,refunded
4206,434,217.83,2022,refunded
4207,238,51.97,2024,completed
4208,132,620.49,2024,completed
4209,278,968.39,2023,cancelled
4210,375,453.11,2024,refunded
4211,316,360.30,2020,completed
4212,328,535.34,2021,pending
4213,311,502.26,2021,refunded
4214,180,595.92,2021,pending
4215,437,840.02,2023,pending
4216,138,332.15,2022,pending
4217,344,197.80,2020,pending
4218,379,198.96,2024,completed
4219,183,376.50,2024,completed
4220,383,46.81,2022,completed
4221,410,142.27,2023,pending
4222,107,215.92,2022,completed
4223,406,687.21,2021,pending
4224,293,346.52,2023,completed
4225,363,20.48,2021,cancelled
4226,93,151.23,2023,completed
4227,435,900.85,2022,cancelled
4228,450,832.74,2021,cancelled
4229,360,408.66,2021,pending
4230,219,284.49,2020,completed
4231,226,181.54,2023,pending
4232,228,58.03,2022,completed
4233,124,650.36,2023,completed
4234,314,333.12,2022,completed
4235,134,273.01,2023,cancelled
4236,39,372.77,2023,pending
4237,365,204.23,2023,pending
4238,60,287.44,2020,completed
4239,199,759.74,2024,cancelled
4240,156,383.82,2023,completed
4241,193,159.74,2021,completed
4242,25,231.84,2023,refunded
4243,271,709.54,2021,refunded
4244,137,514.03,2024,completed
4245,331,384.25,2021,refunded
4246,362,819.59,2023,completed
4247,262,175.80,2023,cancelled
4248,194,62.65,2023,refunded
4249,462,920.23,2024,pending
4250,77,938.53,2020,pending
4251,45,59.41,2021,completed
4252,34,271.97,2021,cancelled
4253,381,910.10,2024,pending
4254,166,46.85,2020,refunded
4255,428,322.26,2023,refunded
4256,430,824.78,2020,completed
4257,264,82.27,2023,completed
4258,406,675.88,2021,refunded
4259,253,761.88,2020,completed
4260,464,725.69,2021,refunded
4261,198,515.78,2022,completed
4262,271,567.92,2023,completed
4263,130,566.66,2024,cancelled
4264,156,454.97,2022,refunded
4265,34,845.45,2021,completed
4266,324,991.08,2022,completed
4267,346,321.59,2022,completed
4268,229,106.18,2021,refunded
4269,372,815.87,2022,cancelled
4270,200,637.23,2024,completed
4271,205,967.26,2022,refunded
4272,292,512.07,2020,completed
4273,245,10.20,2021,completed
4274,373,559.88,2020,cancelled
4275,463,663.23,2023,pending
4276,477,169.10,2022,pending
4277,414,697.23,2021,pending
4278,384,819.79,2022,pending
4279,41,643.34,2023,completed
4280,369,398.27,2022,cancelled
4281,254,441.67,2023,completed
4282,162,215.13,2023,completed
4283,230,955.37,2020,completed
4284,57,515.43,2021,refunded
4285,67,441.58,2024,completed
4286,81,557.24,2022,completed
4287,347,23.28,2021,pending
4288,351,453.26,2020,refunded
4289,399,718.39,2021,completed
4290,317,361.19,2023,completed
4291,433,53.90,2022,pending
4292,152,97.57,2020,completed
4293,88,906.12,2023,completed
4294,429,225.58,2023,cancelled
4295,367,359.11,2022,completed
4296,65,92.97,2023,completed
4297,315,15.06,2021,pending
4298,381,22.74,2023,completed
4299,149,621.58,2021,completed
4300,493,174.98,2023,completed
4301,451,655.60,2022,pending
4302,345,327.76,2023,refunded
4303,126,289.51,2021,refunded
4304,142,24.33,2020,pending
4305,286,471.83,2023,pending
4306,411,776.88,2024,pending
4307,172,213.83,2022,completed
4308,285,895.37,2022,cancelled
4309,327,483.71,2022,completed
4310,96,799.96,2022,refunded
4311,218,781.61,2021,cancelled
4312,248,55.48,2023,completed
4313,456,358.64,2020,refunded
4314,74,502.59,2021,refunded
4315,180,255.02,2024,completed
4316,138,202.04,2022,completed
4317,124,318.75,2024,completed
4318,321,381.76,2023,cancelled
4319,90,752.45,2022,pending
4320,41,973.65,2020,completed
4321,127,64.02,2023,completed
4322,360,18.40,2021,completed
4323,208,771.82,2024,pending
4324,346,834.78,2023,completed
4325,375,891.64,2021,refunded
4326,400,444.78,2021,cancelled
4327,426,497.91,2020,refunded
4328,70,673.88,2020,completed
4329,171,140.83,2024,completed
4330,211,211.26,2024,completed
4331,153,414.21,2020,completed
4332,392,787.57,2023,completed
4333,148,381.02,2024,pending
4334,239,776.39,2024,refunded
4335,268,917.12,2020,refunded
4336,74,63.31,2024,refunded
4337,118,933.65,2021,pending
4338,247,596.10,2024,completed
4339,183,714.87,2023,completed
4340,218,603.81,2020,completed
4341,282,441.89,2024,cancelled
4342,337,394.78,2020,completed
4343,315,244.83,2023,cancelled
4344,401,363.93,2023,completed
4345,459,811.49,2020,pending
4346,480,871.39,2024,cancelled
4347,219,283.98,2022,refunded
4348,97,624.27,2023,cancelled
4349,404,237.63,2021,cancelled
4350,250,612.03,2020,completed
4351,262,563.56,2022,completed
4352,149,894.16,2022,completed
4353,464,866.45,2021,cancelled
4354,382,367.78,2020,cancelled
4355,367,741.76,2024,completed
4356,289,573.97,2022,cancelled
4357,265,174.98,2020,cancelled
4358,432,805.44,2023,refunded
4359,78,933.15,2024,cancelled
4360,352,222.10,2021,cancelled
4361,74,87.89,2023,completed
4362,434,658.86,2021,completed
4363,129,973.58,2021,cancelled
4364,425,571.29,2021,completed
4365,307,564.75,2022,refunded
4366,6,498.34,2024,completed
4367,393,14.92,2023,refunded
4368,279,548.31,2020,refunded
4369,268,265.93,2024,completed
4370,178,120.23,2021,pending
4371,95,959.02,2024,cancelled
4372,304,328.70,2024,pending
4373,344,596.09,2021,cancelled
4374,108,368.35,2021,completed
4375,336,586.48,2022,completed
4376,44,538.78,2022,completed
4377,467,561.35,2024,completed
4378,285,476.47,2022,completed
4379,379,824.94,2022,refunded
4380,32,803.47,2021,refunded
4381,115,753.42,2021,pending
4382,221,85.30,2023,completed
4383,203,870.39,2021,cancelled
4384,151,443.91,2022,completed
4385,424,888.67,2022,completed
4386,102,957.55,2021,refunded
4387,264,750.75,2024,completed
4388,230,648.02,2021,completed
4389,443,243.46,2024,refunded
4390,146,714.31,2024,completed
4391,62,403.16,2024,refunded
4392,422,27.62,2024,pending
4393,124,703.37,2021,pending
4394,229,422.74,2024,refunded
4395,166,561.75,2022,cancelled
4396,9,785.84,2023,completed
4397,438,84.10,2020,cancelled
4398,288,549.15,2022,refunded
4399,106,251.68,2024,cancelled
4400,156,348.74,2020,completed
4401,80,528.70,2020,completed
4402,339,82.29,2024,pending
4403,161,791.54,2024,completed
4404,174,215.61,2023,cancelled
4405,228,454.02,2024,cancelled
4406,103,909.97,2020,completed
4407,15,99.10,2024,completed
4408,384,809.47,2020,pending
4409,436,237.92,2022,refunded
4410,87,348.91,2023,completed
4411,450,823.41,2021,completed
4412,145,12.46,2020,cancelled
4413,384,233.66,2023,cancelled
4414,386,476.48,2023,completed
4415,27,499.10,2020,completed
4416,233,796.01,2024,cancelled
4417,361,209.38,2021,refunded
4418,364,57.50,2022,completed
4419,343,239.99,2024,completed
4420,457,611.38,2020,pending
4421,7,254.45,2021,refunded
4422,290,694.12,2022,cancelled
4423,276,781.80,2022,completed
4424,316,215.51,2023,completed
4425,477,296.35,2024,refunded
4426,157,800.98,2023,completed
4427,300,131.68,2023,pending
4428,309,245.80,2022,pending
4429,484,917.99,2022,completed
4430,230,981.26,2024,cancelled
4431,134,114.21,2020,refunded
4432,462,273.23,2022,completed
4433,364,14.62,2024,completed
4434,28,868.48,2022,completed
4435,141,462.44,2023,completed
4436,51,459.63,2022,pending
4437,314,131.36,2021,cancelled
4438,67,301.98,2023,completed
4439,418,397.66,2021,completed
4440,422,915.87,2023,pending
4441,500,36.19,2021,completed
4442,218,392.39,2021,completed
4443,148,547.65,2022,completed
4444,281,701.11,2022,completed
4445,284,52.11,2024,refunded
4446,135,178.74,2022,cancelled
4447,254,604.36,2022,completed
4448,180,372.17,2023,completed
4449,480,983.36,2020,cancelled
4450,136,419.90,2024,pending
4451,396,798.02,2020,completed
4452,497,451.74,2022,pending
4453,451,817.62,2022,completed
4454,439,444.07,2024,refunded
4455,495,60.56,2021,pending
4456,281,711.64,2023,completed
4457,273,263.36,2024,pending
4458,365,984.89,2020,completed
4459,453,784.20,2021,pending
4460,193,596.55,2021,cancelled
4461,250,580.15,2023,completed
4462,224,576.76,2021,cancelled
4463,174,176.75,2022,completed
4464,500,504.77,2022,refunded
4465,206,876.99,2020,refunded
4466,356,372.28,2022,completed
4467,19,978.36,2020,cancelled
4468,70,403.84,2023,cancelled
4469,416,215.44,2022,completed
4470,434,177.88,2020,pending
4471,165,779.86,2021,pending
4472,83,193.81,2021,completed
4473,413,174.79,2020,completed
4474,189,468.92,2020,refunded
4475,238,829.70,2023,completed
4476,85,330.98,2021,cancelled
4477,242,395.05,2024,cancelled
4478,345,713.21,2021,refunded
4479,405,843.95,2022,completed
4480,219,674.29,2022,cancelled
4481,205,80.34,2022,completed
4482,39,351.37,2021,pending
4483,104,945.02,2021,pending
4484,308,620.72,2021,pending
4485,40,736.61,2023,refunded
4486,276,264.35,2020,cancelled
4487,78,118.19,2021,completed
4488,472,140.94,2024,completed
4489,309,999.73,2021,completed
4490,96,703.28,2024,completed
4491,164,696.00,2020,completed
4492,174,425.43,2021,completed
4493,470,969.21,2020,refunded
4494,422,332.97,2023,pending
4495,418,739.88,2023,pending
4496,137,201.96,2024,completed
4497,472,556.94,2024,completed
4498,307,805.96,2024,completed
4499,445,749.40,2020,pending
4500,272,976.45,2021,completed
4501,413,352.34,2021,pending
4502,50,593.60,2024,pending
4503,485,42.62,2022,completed
4504,456,447.75,2023,cancelled
4505,383,729.78,2020,pending
4506,464,362.74,2022,completed
4507,39,186.80,2020,completed
4508,459,842.58,2024,pending
4509,302,589.63,2021,cancelled
4510,395,44.86,2024,completed
4511,65,262.60,2022,pending
4512,303,295.62,2022,refunded
4513,264,383.50,2023,pending
4514,35,719.08,2024,completed
4515,346,290.58,2021,completed
4516,436,452.97,2023,completed
4517,249,745.13,2022,completed
4518,497,79.33,2020,cancelled
4519,88,45.60,2020,completed
4520,116,936.53,2024,completed
4521,214,771.78,2023,cancelled
4522,117,443.31,2021,cancelled
4523,174,600.33,2024,completed
4524,197,922.74,2020,cancelled
4525,197,237.91,2024,cancelled
4526,69,753.27,2020,refunded
4527,50,415.97,2023,refunded
4528,242,929.65,2024,pending
4529,151,83.46,2022,refunded
4530,452,73.17,2023,cancelled
4531,64,705.83,2022,completed
4532,292,987.68,2023,completed
4533,197,718.87,2023,completed
4534,275,40.61,2022,completed
4535,325,148.85,2024,refunded
4536,41,643.60,2021,completed
4537,412,626.58,2023,completed
4538,11,793.82,2024,completed
4539,411,253.46,2021,completed
4540,356,205.34,2022,refunded
4541,444,333.52,2023,refunded
4542,398,570.81,2023,refunded
4543,445,725.15,2023,completed
4544,74,766.81,2020,completed
4545,482,625.81,2020,cancelled
4546,296,31.82,2021,cancelled
4547,8,204.69,2020,refunded
4548,328,594.56,2022,completed
4549,469,650.61,2024,completed
4550,153,874.78,2024,cancelled
4551,43,267.75,2022,completed
4552,208,993.83,2023,completed
4553,102,947.87,2020,refunded
4554,364,210.75,2024,completed
4555,161,739.46,2022,cancelled
4556,32,763.50,2020,cancelled
4557,404,570.25,2024,pending
4558,46,511.87,2023,cancelled
4559,126,561.55,2024,completed
4560,145,915.62,2020,completed
4561,68,45.47,2023,cancelled
4562,473,326.42,2024,completed
4563,309,145.80,2020,completed
4564,97,268.98,2021,completed
4565,325,363.86,2022,completed
4566,93,515.61,2023,pending
4567,438,670.18,2023,cancelled
4568,292,752.51,2024,completed
4569,342,908.42,2022,completed
4570,394,86.45,2024,refunded
4571,465,535.70,2023,completed
4572,475,101.84,2024,completed
4573,246,837.16,2024,refunded
4574,2,615.28,2024,pending
4575,183,327.76,2024,completed
4576,252,993.48,2024,completed
4577,92,785.67,2020,completed
4578,374,788.29,2024,completed
4579,84,695.49,2024,cancelled
4580,238,320.08,2023,cancelled
4581,120,442.94,2022,refunded
4582,450,351.12,2022,cancelled
4583,347,469.80,2022,pending
4584,181,232.26,2021,pending
4585,378,304.58,2023,completed
4586,263,134.74,2024,refunded
4587,247,240.66,2020,cancelled
4588,235,647.97,2020,completed
4589,186,789.16,2024,refunded
4590,348,583.39,2021,completed
4591,463,177.96,2022,refunded
4592,118,453.85,2021,completed
4593,58,867.48,2021,completed
4594,8,627.15,2020,completed
4595,329,835.26,2020,cancelled
4596,88,817.74,2024,completed
4597,380,830.46,2020,completed
4598,242,161.97,2024,pending
4599,37,574.00,2020,completed
4600,411,403.44,2022,cancelled
4601,475,245.81,2020,completed
4602,164,776.30,2021,completed
4603,305,344.30,2023,cancelled
4604,285,330.47,2021,cancelled
4605,198,765.60,2024,cancelled
4606,442,195.75,2023,completed
4607,118,294.01,2020,completed
4608,7,78.75,2023,completed
4609,207,371.49,2021,completed
4610,80,156.60,2020,completed
4611,472,324.53,2021,completed
4612,251,563.90,2021,refunded
4613,240,520.35,2020,completed
4614,107,970.72,2021,refunded
4615,182,709.60,2020,refunded
4616,242,656.98,2021,completed
4617,56,347.49,2022,pending
4618,169,203.28,2021,pending
4619,180,547.91,2021,pending
4620,307,557.48,2021,completed
4621,460,34.12,2024,completed
4622,431,471.09,2024,cancelled
4623,38,880.35,2021,refunded
4624,16,609.53,2020,refunded
4625,93,831.10,2020,completed
4626,273,137.43,2023,completed
4627,464,995.15,2020,pending
4628,256,156.42,2023,completed
4629,131,192.15,2021,completed
4630,30,473.42,2020,completed
4631,215,654.79,2021,completed
4632,5,358.13,2024,completed
4633,422,974.83,2022,completed
4634,35,999.27,2021,completed
4635,58,706.93,2021,refunded
4636,323,499.18,2023,pending
4637,153,527.22,2022,refunded
4638,422,830.04,2023,completed
4639,293,375.09,2020,completed
4640,228,387.27,2021,refunded
4641,238,401.51,2021,refunded
4642,83,548.09,2022,completed
4643,83,250.12,2021,completed
4644,57,812.68,2021,pending
4645,39,336.64,2022,completed
4646,373,684.60,2020,pending
4647,223,61.85,2024,completed
4648,75,866.01,2020,completed
4649,130,175.11,2020,completed
4650,299,469.96,2020,completed
4651,119,38.56,2020,completed
4652,232,206.72,2022,completed
4653,401,501.15,2023,pending
4654,217,671.10,2024,pending
4655,294,323.38,2024,completed
4656,108,52.54,2021,completed
4657,79,617.31,2023,cancelled
4658,99,602.99,2022,pending
4659,392,469.20,2023,pending
4660,324,797.36,2022,completed
4661,83,369.59,2021,completed
4662,391,780.36,2023,completed
4663,184,916.29,2023,completed
4664,407,581.08,2022,completed
4665,133,208.68,2021,pending
4666,70,278.22,2020,completed
4667,466,741.93,2022,completed
4668,468,65.99,2022,refunded
4669,26,838.55,2021,completed
4670,132,133.06,2024,pending
4671,450,470.16,2021,pending
4672,143,694.80,2021,completed
4673,185,518.03,2024,refunded
4674,183,75.24,2023,completed
4675,333,906.99,2020,completed
4676,9,825.52,2023,completed
4677,208,733.61,2022,refunded
4678,267,523.85,2023,cancelled
4679,469,620.33,2023,completed
4680,471,667.36,2020,completed
4681,76,560.18,2024,refunded
4682,390,869.16,2021,completed
4683,5,715.99,2024,completed
4684,116,826.16,2020,completed
4685,29,165.47,2023,refunded
4686,417,667.35,2023,pending
4687,269,368.94,2022,completed
4688,288,199.77,2024,completed
4689,292,238.41,2021,completed
4690,405,591.87,2021,completed
4691,78,13.31,2024,completed
4692,154,479.48,2022,completed
4693,200,178.28,2023,completed
4694,355,160.28,2021,cancelled
4695,68,678.30,2024,refunded
4696,382,781.74,2023,pending
4697,134,234.00,2022,pending
4698,230,329.09,2022,completed
4699,124,564.00,2021,completed
4700,79,550.01,2020,completed
4701,255,806.28,2023,completed
4702,296,808.10,2020,completed
4703,336,50.73,2021,cancelled
4704,50,145.66,2023,completed
4705,280,298.82,2022,completed
4706,29,580.57,2023,cancelled
4707,18,890.72,2020,completed
4708,123,226.99,2023,completed
4709,292,696.35,2020,completed
4710,26,54.96,2020,completed
4711,149,936.80,2021,pending
4712,477,637.62,2024,pending
4713,461,787.45,2021,cancelled
4714,400,254.28,2020,completed
4715,48,301.92,2021,completed
4716,476,641.24,2022,cancelled
4717,301,990.03,2020,completed
4718,312,160.14,2023,pending
4719,494,502.07,2024,cancelled
4720,369,131.24,2020,cancelled
4721,202,689.96,2023,cancelled
4722,20,776.63,2024,pending
4723,69,293.46,2023,completed
4724,372,209.45,2023,completed
4725,439,921.72,2024,completed
4726,452,495.05,2022,cancelled
4727,359,893.10,2022,refunded
4728,128,859.49,2023,refunded
4729,208,877.03,2021,refunded
4730,242,870.89,2021,refunded
4731,311,12.27,2023,refunded
4732,325,896.26,2020,completed
4733,82,817.09,2024,completed
4734,94,484.84,2020,pending
4735,118,116.73,2023,pending
4736,39,845.37,2023,pending
4737,178,428.91,2020,completed
4738,393,618.63,2020,refunded
4739,235,38.98,2024,refunded
4740,161,60.44,2021,completed
4741,332,915.20,2020,cancelled
4742,472,355.07,2020,completed
4743,377,654.29,2023,completed
4744,7,802.49,2023,cancelled
4745,397,611.12,2022,cancelled
4746,250,144.31,2023,completed
4747,75,939.22,2022,refunded
4748,7,57.89,2022,completed
4749,139,58.61,2024,refunded
4750,474,589.01,2024,cancelled
4751,247,71.51,2021,completed
4752,465,240.63,2020,completed
4753,206,230.70,2023,cancelled
4754,123,137.22,2020,completed
4755,185,432.76,2022,completed
4756,352,43.00,2021,completed
4757,415,524.24,2024,refunded
4758,293,72.44,2021,completed
4759,307,851.36,2024,pending
4760,74,452.60,2020,pending
4761,354,12.38,2021,refunded
4762,76,59.42,2021,completed
4763,356,36.98,2023,completed
4764,370,959.85,2020,completed
4765,231,118.58,2024,completed
4766,281,842.77,2020,completed
4767,305,456.14,2021,completed
4768,220,214.41,2022,completed
4769,120,138.82,2024,refunded
4770,349,579.59,2020,completed
4771,227,626.61,2021,cancelled
4772,358,822.80,2022,completed
4773,287,865.61,2020,completed
4774,168,112.78,2020,completed
4775,225,794.42,2022,refunded
4776,412,707.08,2024,completed
4777,149,116.77,2021,pending
4778,267,94.99,2021,completed
4779,324,963.00,2023,refunded
4780,358,821.29,2024,refunded
4781,53,884.49,2022,completed
4782,395,281.73,2021,completed
4783,288,921.36,2021,completed
4784,460,272.50,2023,completed
4785,301,193.18,2020,completed
4786,102,688.81,2023,completed
4787,71,178.61,2024,completed
4788,417,505.81,2021,completed
4789,53,252.83,2020,completed
4790,368,508.74,2022,completed
4791,200,852.61,2023,completed
4792,152,932.17,2020,completed
4793,75,751.25,2020,completed
4794,459,414.96,2021,completed
4795,234,794.56,2022,cancelled
4796,343,560.20,2023,pending
4797,163,669.20,2022,completed
4798,293,583.05,2020,completed
4799,417,810.90,2020,pending
4800,326,472.20,2022,cancelled
4801,437,359.38,2022,cancelled
4802,406,512.58,2023,completed
4803,299,55.97,2024,pending
4804,241,792.97,2023,completed
4805,276,95.41,2024,completed
4806,424,487.23,2024,pending
4807,8,42.46,2020,cancelled
4808,440,759.89,2021,refunded
4809,302,198.17,2020,refunded
4810,158,78.18,2024,completed
4811,331,633.53,2023,completed
4812,363,579.92,2022,completed
4813,371,630.35,2022,cancelled
4814,358,786.45,2023,completed
4815,15,950.59,2024,completed
4816,228,921.48,2022,completed
4817,62,807.46,2022,completed
4818,167,939.26,2024,cancelled
4819,474,198.83,2023,completed
4820,108,229.81,2022,completed
4821,484,16.57,2022,completed
4822,250,977.10,2023,refunded
4823,458,369.93,2021,completed
4824,103,624.29,2022,refunded
4825,284,520.35,2022,completed
4826,92,500.49,2024,completed
4827,453,988.92,2022,refunded
4828,320,954.40,2023,completed
4829,271,482.73,2020,completed
4830,10,926.31,2023,completed
4831,92,792.55,2024,cancelled
4832,349,670.34,2024,cancelled
4833,66,127.86,2022,completed
4834,52,918.38,2020,completed
4835,498,661.05,2021,pending
4836,53,316.98,2021,refunded
4837,137,621.17,2024,pending
4838,203,70.91,2023,completed
4839,197,498.98,2021,refunded
4840,450,685.86,2022,refunded
4841,319,404.51,2020,cancelled
4842,211,990.34,2020,completed
4843,148,414.14,2022,cancelled
4844,118,527.51,2020,completed
4845,279,516.48,2024,refunded
4846,122,631.36,2023,completed
4847,96,807.49,2020,completed
4848,267,291.16,2024,cancelled
4849,334,777.96,2021,pending
4850,153,932.89,2020,completed
4851,232,442.46,2020,cancelled
4852,246,814.36,2024,refunded
4853,419,224.70,2020,cancelled
4854,295,258.00,2021,completed
4855,92,187.87,2024,refunded
4856,264,447.14,2024,completed
4857,266,634.24,2020,cancelled
4858,4,380.07,2020,refunded
4859,97,807.96,2021,refunded
4860,91,222.43,2023,refunded
4861,248,855.53,2023,completed
4862,374,565.43,2023,completed
4863,62,734.02,2023,pending
4864,410,629.04,2024,cancelled
4865,243,262.28,2024,cancelled
4866,115,596.65,2023,pending
4867,291,272.75,2020,pending
4868,188,467.25,2022,pending
4869,185,900.89,2024,completed
4870,82,45.29,2021,refunded
4871,438,756.94,2024,completed
4872,108,43.70,2022,pending
4873,184,933.38,2024,cancelled
4874,406,537.18,2023,cancelled
4875,44,504.58,2022,pending
4876,418,284.88,2021,completed
4877,32,520.41,2022,completed
4878,310,226.16,2021,cancelled
4879,365,346.33,2024,completed
4880,212,764.81,2022,refunded
4881,324,706.56,2024,pending
4882,332,577.68,2020,refunded
4883,451,979.06,2022,completed
4884,149,331.25,2020,completed
4885,51,462.22,2021,completed
4886,207,907.75,2022,completed
4887,451,88.69,2023,cancelled
4888,42,788.45,2024,pending
4889,225,403.05,2022,refunded
4890,37,92.49,2022,completed
4891,490,66.73,2024,cancelled
4892,13,834.18,2021,completed
4893,440,104.38,2024,completed
4894,235,910.32,2024,completed
4895,62,629.66,2023,cancelled
4896,313,244.44,2022,completed
4897,381,794.95,2023,completed
4898,413,152.55,2021,refunded
4899,315,458.86,2020,refunded
4900,315,983.79,2023,refunded
4901,463,517.26,2020,completed
4902,418,340.89,2020,completed
4903,225,231.70,2023,refunded
4904,46,514.11,2024,cancelled
4905,61,778.92,2023,cancelled
4906,50,407.95,2021,completed
4907,55,760.80,2024,pending
4908,69,458.85,2022,pending
4909,469,794.45,2022,completed
4910,449,154.29,2020,completed
4911,65,785.57,2024,pending
4912,383,46.82,2024,cancelled
4913,429,685.21,2024,pending
4914,331,381.64,2022,refunded
4915,147,536.29,2020,completed
4916,468,778.26,2024,completed
4917,324,989.12,2020,pending
4918,97,994.75,2024,refunded
4919,302,327.04,2022,completed
4920,198,146.76,2021,completed
4921,422,736.34,2020,cancelled
4922,262,206.81,2021,cancelled
4923,160,303.81,2021,completed
4924,239,317.34,2021,cancelled
4925,391,475.47,2024,refunded
4926,276,112.06,2023,refunded
4927,423,664.48,2023,completed
4928,153,516.22,2024,cancelled
4929,71,323.06,2020,completed
4930,227,466.55,2021,completed
4931,59,353.58,2022,completed
4932,58,600.37,2022,completed
4933,89,681.29,2021,pending
4934,257,991.39,2020,completed
4935,444,504.48,2021,cancelled
4936,482,604.13,2022,completed
4937,447,770.19,2020,completed
4938,60,204.24,2020,completed
4939,219,406.07,2022,refunded
4940,478,796.89,2024,cancelled
4941,447,915.48,2024,pending
4942,79,108.01,2024,completed
4943,416,517.09,2020,cancelled
4944,341,770.97,2021,refunded
4945,319,534.60,2020,pending
4946,211,559.19,2024,completed
4947,141,949.78,2023,completed
4948,67,352.63,2020,completed
4949,441,53.04,2020,completed
4950,93,478.47,2020,cancelled
4951,307,168.93,2023,completed
4952,366,728.80,2021,completed
4953,18,111.96,2022,completed
4954,303,805.87,2024,completed
4955,466,248.87,2021,pending
4956,58,344.00,2023,completed
4957,383,410.02,2020,pending
4958,400,820.28,2023,completed
4959,56,868.06,2024,completed
4960,412,291.26,2024,pending
4961,331,125.04,2021,pending
4962,431,212.35,2022,refunded
4963,126,257.61,2023,pending
4964,76,60.34,2022,completed
4965,408,437.20,2020,completed
4966,223,352.44,2023,completed
4967,473,997.53,2024,completed
4968,78,760.96,2021,refunded
4969,42,201.54,2021,completed
4970,14,714.10,2023,cancelled
4971,279,848.09,2022,pending
4972,142,741.23,2022,cancelled
4973,28,444.93,2023,completed
4974,193,952.82,2020,cancelled
4975,255,177.51,2020,completed
4976,264,245.86,2024,cancelled
4977,342,129.71,2022,completed
4978,141,315.18,2020,completed
4979,459,842.62,2024,completed
4980,278,52.22,2024,completed
4981,450,437.69,2024,cancelled
4982,211,381.38,2024,pending
4983,361,725.43,2022,completed
4984,431,873.90,2023,pending
4985,312,967.77,2021,completed
4986,40,561.47,2020,refunded
4987,412,136.18,2023,completed
4988,456,414.02,2021,completed
4989,332,125.22,2020,completed
4990,424,143.97,2024,cancelled
4991,443,398.77,2020,completed
4992,160,919.35,2022,completed
4993,83,761.91,2020,cancelled
4994,19,666.10,2020,pending
4995,384,270.18,2023,pending
4996,427,227.53,2024,cancelled
4997,141,552.20,2023,refunded
4998,361,386.01,2023,pending
4999,434,572.22,2022,refunded
5000,45,114.53,2023,refunded
5001,276,379.21,2024,cancelled
5002,389,486.40,2022,refunded
5003,493,278.72,2020,refunded
5004,399,836.12,2020,completed
5005,440,555.47,2023,completed
5006,103,325.92,2023,completed
5007,88,878.55,2023,completed
5008,459,763.35,2023,pending
5009,334,569.43,2021,completed
5010,259,674.35,2024,refunded
5011,11,591.78,2023,pending
5012,254,317.96,2021,completed
5013,208,786.74,2021,refunded
5014,434,374.15,2023,completed
5015,44,385.16,2024,cancelled
5016,302,912.76,2020,completed
5017,400,70.38,2021,completed
5018,36,950.86,2024,completed
5019,326,105.80,2021,completed
5020,143,173.94,2020,completed
5021,259,377.80,2022,refunded
5022,117,43.39,2020,completed
5023,289,316.01,2023,completed
5024,389,727.88,2020,completed
5025,387,617.37,2020,cancelled
5026,402,317.53,2023,pending
5027,102,528.43,2020,completed
5028,90,849.76,2020,completed
5029,76,141.51,2022,pending
5030,466,647.11,2022,completed
5031,324,954.91,2021,pending
5032,386,585.00,2023,pending
5033,67,941.81,2020,cancelled
5034,316,919.39,2024,refunded
5035,456,397.26,2024,pending
5036,355,285.73,2021,completed
5037,277,412.86,2021,completed
5038,142,31.61,2021,refunded
5039,136,183.73,2021,pending
5040,152,600.50,2022,refunded
5041,320,644.87,2022,cancelled
5042,331,658.32,2022,pending
5043,393,354.89,2020,pending
5044,99,416.22,2024,completed
5045,206,598.66,2023,pending
5046,172,952.91,2023,cancelled
5047,462,309.21,2020,cancelled
5048,237,625.86,2022,completed
5049,395,871.77,2024,refunded
5050,88,470.78,2021,completed
5051,473,663.32,2021,pending
5052,49,654.03,2022,completed
5053,344,384.57,2021,completed
5054,120,845.70,2024,completed
5055,286,456.90,2023,refunded
5056,490,247.54,2021,completed
5057,21,163.61,2021,pending
5058,150,301.22,2024,completed
5059,126,568.71,2021,completed
5060,301,887.02,2023,pending
5061,322,824.49,2024,cancelled
5062,382,501.00,2023,refunded
5063,114,325.04,2020,completed
5064,309,616.64,2024,cancelled
5065,96,432.69,2022,completed
5066,118,984.85,2024,refunded
5067,48,84.45,2021,refunded
5068,129,786.35,2024,completed
5069,383,814.33,2023,completed
5070,449,756.85,2022,cancelled
5071,487,259.96,2021,completed
5072,380,174.72,2024,pending
5073,96,369.95,2021,refunded
5074,178,238.99,2024,completed
5075,365,502.93,2023,cancelled
5076,238,903.62,2024,completed
5077,471,216.01,2021,refunded
5078,365,535.98,2021,completed
5079,482,302.69,2022,completed
5080,278,192.20,2020,completed
5081,475,263.87,2021,completed
5082,486,821.78,2024,cancelled
5083,378,357.08,2020,refunded
5084,402,713.49,2024,completed
5085,149,511.25,2021,pending
5086,107,74.02,2020,cancelled
5087,139,889.41,2024,completed
5088,190,226.04,2023,cancelled
5089,97,191.73,2021,completed
5090,288,751.05,2021,refunded
5091,32,639.22,2024,refunded
5092,121,63.43,2024,cancelled
5093,63,620.42,2022,cancelled
5094,335,32.15,2022,completed
5095,282,160.13,2022,refunded
5096,53,786.30,2020,refunded
5097,303,31.02,2024,completed
5098,332,883.42,2021,pending
5099,286,844.08,2020,pending
5100,49,717.45,2021,completed
5101,165,855.15,2021,completed
5102,75,951.84,2023,cancelled
5103,388,358.68,2021,completed
5104,145,981.18,2024,completed
5105,483,641.32,2024,completed
5106,92,292.19,2022,completed
5107,321,153.96,2024,completed
5108,488,642.72,2023,pending
5109,453,461.65,2020,pending
5110,321,292.04,2023,completed
5111,360,871.19,2020,completed
5112,500,401.04,2024,refunded
5113,334,860.16,2024,completed
5114,331,596.47,2021,completed
5115,244,930.01,2020,completed
5116,379,714.52,2020,completed
5117,470,788.30,2023,completed
5118,38,260.52,2020,refunded
5119,462,441.88,2022,completed
5120,461,533.29,2020,cancelled
5121,39,553.15,2022,cancelled
5122,394,312.35,2022,refunded
5123,115,350.83,2020,cancelled
5124,377,509.56,2020,pending
5125,436,309.98,2020,completed
5126,236,174.36,2020,completed
5127,223,165.46,2020,pending
5128,59,198.77,2022,cancelled
5129,163,680.94,2023,pending
5130,249,205.32,2023,refunded
5131,37,413.17,2023,completed
5132,340,747.32,2022,completed
5133,384,317.66,2024,completed
5134,164,155.07,2024,pending
5135,484,989.03,2023,completed
5136,359,547.99,2020,cancelled
5137,134,165.53,2024,completed
5138,218,984.22,2023,cancelled
5139,330,274.51,2021,completed
5140,140,863.34,2020,pending
5141,331,839.93,2022,completed
5142,72,714.42,2020,refunded
5143,246,214.89,2021,cancelled
5144,326,442.90,2020,refunded
5145,155,510.06,2023,refunded
5146,402,764.81,2021,refunded
5147,316,973.61,2023,completed
5148,163,334.76,2024,completed
5149,38,279.25,2023,pending
5150,486,215.32,2023,pending
5151,194,472.42,2022,cancelled
5152,39,73.41,2023,cancelled
5153,123,533.17,2021,completed
5154,363,560.50,2021,cancelled
5155,163,602.23,2024,completed
5156,249,383.45,2023,completed
5157,73,485.76,2020,pending
5158,320,60.83,2021,completed
5159,113,804.64,2023,refunded
5160,390,596.77,2024,completed
5161,79,506.76,2023,completed
5162,233,611.90,2021,pending
5163,458,359.17,2020,completed
5164,500,703.52,2020,completed
5165,239,996.98,2021,cancelled
5166,497,224.13,2024,completed
5167,23,132.29,2020,cancelled
5168,85,504.12,2023,completed
5169,411,167.62,2024,cancelled
5170,232,307.28,2021,completed
5171,268,993.70,2023,pending
5172,455,74.70,2022,refunded
5173,204,997.32,2023,cancelled
5174,12,80.57,2020,completed
5175,434,720.63,2024,completed
5176,170,822.87,2024,completed
5177,263,211.08,2020,cancelled
5178,56,609.22,2021,completed
5179,219,50.67,2024,completed
5180,365,921.97,2023,completed
5181,276,64.89,2024,refunded
5182,404,837.81,2021,completed
5183,143,551.03,2023,completed
5184,26,937.80,2024,cancelled
5185,202,335.91,2024,completed
5186,228,747.67,2023,completed
5187,454,335.98,2024,refunded
5188,414,252.65,2023,completed
5189,405,610.60,2021,cancelled
5190,206,714.28,2020,completed
5191,479,493.65,2020,refunded
5192,245,828.00,2022,pending
5193,190,679.81,2024,completed
5194,328,75.25,2022,cancelled
5195,307,67.36,2020,completed
5196,326,555.01,2023,pending
5197,7,337.54,2024,completed
5198,57,380.64,2023,cancelled
5199,207,400.48,2020,completed
5200,100,759.46,2021,completed
5201,75,693.95,2023,completed
5202,472,258.73,2024,pending
5203,379,622.92,2024,completed
5204,122,624.69,2020,refunded
5205,437,661.98,2024,completed
5206,111,958.73,2020,pending
5207,171,138.06,2023,completed
5208,187,320.75,2020,completed
5209,416,100.35,2021,completed
5210,33,797.91,2022,cancelled
5211,135,334.54,2024,completed
5212,226,497.58,2021,refunded
5213,302,949.02,2023,pending
5214,262,294.65,2021,completed
5215,416,783.03,2024,cancelled
5216,78,551.67,2022,refunded
5217,255,856.01,2021,refunded
5218,289,300.62,2022,pending
5219,94,894.73,2024,completed
5220,294,378.71,2022,completed
5221,334,212.49,2022,refunded
5222,360,892.26,2022,completed
5223,308,717.49,2024,completed
5224,88,95.73,2022,completed
5225,257,695.46,2022,completed
5226,247,860.15,2020,completed
5227,251,135.65,2023,refunded
5228,7,911.18,2024,refunded
5229,347,285.29,2021,completed
5230,40,866.84,2020,cancelled
5231,272,810.03,2022,completed
5232,297,34.52,2023,cancelled
5233,500,803.22,2021,completed
5234,75,707.19,2020,refunded
5235,301,908.53,2021,completed
5236,466,936.73,2021,completed
5237,61,251.32,2020,completed
5238,99,297.06,2024,cancelled
5239,251,878.07,2022,completed
5240,486,304.88,2022,pending
5241,349,448.51,2020,completed
5242,175,266.65,2024,cancelled
5243,384,139.26,2022,refunded
5244,147,419.30,2023,pending
5245,442,128.62,2022,completed
5246,407,646.54,2022,completed
5247,478,803.82,2022,refunded
5248,186,734.33,2021,completed
5249,156,923.12,2021,pending
5250,408,32.70,2020,cancelled
5251,376,259.64,2023,completed
5252,38,581.25,2020,completed
5253,133,750.47,2022,completed
5254,62,379.42,2022,completed
5255,449,506.80,2023,completed
5256,199,249.45,2024,completed
5257,14,293.87,2020,completed
5258,146,781.88,2022,completed
5259,451,20.92,2020,cancelled
5260,116,42.86,2020,refunded
5261,120,38.64,2021,pending
5262,407,913.51,2022,refunded
5263,488,51.65,2021,completed
5264,351,203.20,2021,refunded
5265,489,310.45,2022,completed
5266,202,837.07,2024,completed
5267,429,473.41,2020,completed
5268,303,76.13,2024,cancelled
5269,326,449.84,2021,completed
5270,441,781.83,2024,refunded
5271,210,119.06,2022,completed
5272,348,246.82,2020,completed
5273,258,413.19,2020,refunded
5274,451,981.06,2020,pending
5275,209,122.95,2024,refunded
5276,154,975.96,2022,refunded
5277,81,89.17,2024,refunded
5278,341,653.80,2024,refunded
5279,424,976.05,2023,pending
5280,258,461.86,2024,refunded
5281,402,505.19,2021,completed
5282,31,364.25,2022,completed
5283,454,818.77,2021,completed
5284,397,786.04,2022,refunded
5285,496,892.56,2020,cancelled
5286,284,10.74,2020,cancelled
5287,306,795.28,2024,completed
5288,115,456.65,2022,completed
5289,377,915.83,2021,completed
5290,495,66.74,2021,refunded
5291,495,43.12,2023,completed
5292,423,601.67,2020,cancelled
5293,334,736.27,2023,refunded
5294,430,854.27,2020,pending
5295,93,225.50,2020,cancelled
5296,106,594.94,2020,cancelled
5297,64,22.13,2020,completed
5298,33,635.67,2024,completed
5299,12,794.72,2023,pending
5300,3,983.27,2023,pending
5301,489,464.34,2021,cancelled
5302,473,738.76,2022,completed
5303,403,161.45,2022,completed
5304,433,907.33,2024,completed
5305,139,212.61,2023,pending
5306,477,382.35,2021,completed
5307,375,909.75,2024,refunded
5308,257,223.01,2020,refunded
5309,64,614.28,2023,refunded
5310,303,532.93,2022,completed
5311,14,118.65,2024,completed
5312,414,13.75,2022,refunded
5313,89,369.86,2021,completed
5314,338,138.67,2024,refunded
5315,490,580.33,2021,completed
5316,56,417.80,2024,completed
5317,291,623.86,2024,completed
5318,149,871.15,2022,cancelled
5319,101,406.59,2023,pending
5320,320,470.99,2022,completed
5321,88,442.04,2022,completed
5322,222,49.50,2024,refunded
5323,317,117.38,2022,cancelled
5324,236,72.90,2021,completed
5325,45,804.44,2021,completed
5326,66,620.52,2020,completed
5327,62,763.07,2024,refunded
5328,35,176.33,2023,pending
5329,282,524.62,2023,pending
5330,52,131.63,2020,completed
5331,96,534.57,2023,refunded
5332,200,330.27,2021,pending
5333,281,447.12,2023,cancelled
5334,112,543.20,2021,completed
5335,273,321.60,2020,completed
5336,254,262.70,2023,cancelled
5337,177,426.24,2020,pending
5338,254,43.17,2022,cancelled
5339,190,294.04,2024,completed
5340,275,29.87,2022,refunded
5341,439,639.88,2024,completed
5342,411,811.56,2024,refunded
5343,223,797.59,2020,completed
5344,42,943.34,2020,completed
5345,500,70.44,2023,completed
5346,44,575.98,2023,cancelled
5347,260,348.18,2022,completed
5348,292,271.00,2023,completed
5349,203,925.84,2020,completed
5350,461,391.20,2021,pending
5351,461,242.71,2024,completed
5352,392,586.76,2020,pending
5353,240,558.82,2022,completed
5354,343,289.35,2023,cancelled
5355,319,752.11,2024,completed
5356,323,215.00,2022,cancelled
5357,251,620.01,2024,completed
5358,187,173.68,2021,cancelled
5359,45,796.40,2022,completed
5360,294,937.42,2022,completed
5361,172,873.62,2021,pending
5362,67,498.20,2024,completed
5363,491,539.05,2021,cancelled
5364,390,545.56,2020,completed
5365,93,966.42,2021,completed
5366,329,127.58,2024,completed
5367,142,851.58,2020,refunded
5368,25,244.88,2023,refunded
5369,435,778.00,2023,completed
5370,395,296.86,2022,completed
5371,401,356.86,2024,refunded
5372,241,913.89,2021,completed
5373,39,415.85,2024,refunded
5374,449,613.94,2023,pending
5375,450,848.55,2024,pending
5376,110,504.89,2023,completed
5377,220,520.82,2021,pending
5378,134,939.72,2021,completed
5379,47,65.53,2020,completed
5380,56,509.72,2022,completed
5381,140,245.42,2020,completed
5382,474,549.36,2021,refunded
5383,409,871.05,2023,pending
5384,92,217.15,2020,pending
5385,484,781.52,2024,completed
5386,347,157.41,2021,pending
5387,28,140.00,2021,pending
5388,243,259.83,2023,pending
5389,496,432.36,2024,cancelled
5390,81,419.12,2022,completed
5391,383,804.84,2020,completed
5392,82,89.50,2024,completed
5393,457,404.80,2020,completed
5394,4,762.91,2023,completed
5395,500,541.15,2024,cancelled
5396,388,379.49,2022,completed
5397,361,152.67,2024,completed
5398,52,699.15,2021,pending
5399,267,429.53,2023,completed
5400,354,469.39,2022,pending
5401,47,735.33,2020,cancelled
5402,273,871.86,2024,completed
5403,94,954.35,2021,pending
5404,154,671.37,2020,completed
5405,344,464.84,2023,completed
5406,131,133.58,2020,refunded
5407,271,477.20,2021,cancelled
5408,331,869.49,2021,pending
5409,197,254.57,2022,cancelled
5410,19,99.02,2023,completed
5411,240,578.38,2020,completed
5412,414,73.82,2024,refunded
5413,427,870.16,2022,completed
5414,268,361.53,2021,refunded
5415,168,543.46,2021,completed
5416,52,818.30,2022,completed
5417,10,479.41,2023,completed
5418,349,612.11,2021,refunded
5419,369,148.78,2023,refunded
5420,416,200.99,2022,refunded
5421,247,116.25,2021,cancelled
5422,329,565.43,2023,refunded
5423,409,716.54,2021,pending
5424,294,503.66,2021,completed
5425,49,833.52,2023,completed
5426,40,130.92,2024,completed
5427,83,399.17,2022,cancelled
5428,133,791.50,2022,pending
5429,201,17.68,2022,cancelled
5430,324,752.52,2020,completed
5431,402,86.75,2020,refunded
5432,464,363.26,2023,pending
5433,412,530.01,2021,cancelled
5434,9,703.03,2023,refunded
5435,436,221.01,2020,completed
5436,259,805.94,2023,completed
5437,498,118.55,2020,pending
5438,86,463.68,2021,refunded
5439,220,412.79,2020,completed
5440,284,684.37,2022,completed
5441,196,48.22,2023,completed
5442,1,242.03,2020,cancelled
5443,485,430.90,2024,pending
5444,463,902.02,2023,pending
5445,394,769.13,2024,completed
5446,400,519.81,2022,refunded
5447,388,418.44,2023,cancelled
5448,471,258.08,2023,refunded
5449,87,956.72,2020,completed
5450,470,259.05,2021,pending
5451,23,502.19,2022,cancelled
5452,369,921.68,2022,completed
5453,68,353.86,2024,refunded
5454,438,435.26,2021,refunded
5455,65,82.84,2024,refunded
5456,305,921.51,2024,cancelled
5457,483,341.76,2024,completed
5458,328,113.92,2024,completed
5459,474,797.73,2023,refunded
5460,22,176.40,2021,completed
5461,191,332.90,2022,pending
5462,356,208.33,2022,refunded
5463,128,628.43,2021,completed
5464,282,269.12,2024,completed
5465,325,88.29,2024,cancelled
5466,187,683.05,2022,cancelled
5467,383,884.05,2024,completed
5468,493,50.34,2024,cancelled
5469,464,408.70,2022,refunded
5470,180,713.45,2022,pending
5471,321,203.14,2020,refunded
5472,415,862.32,2020,pending
5473,497,192.38,2020,cancelled
5474,193,183.67,2020,cancelled
5475,137,910.15,2021,completed
5476,26,205.61,2021,completed
5477,210,112.53,2024,completed
5478,382,123.07,2020,refunded
5479,218,807.36,2020,completed
5480,161,684.11,2022,cancelled
5481,448,576.90,2023,cancelled
5482,387,842.08,2024,completed
5483,437,787.23,2021,refunded
5484,360,927.77,2020,pending
5485,42,104.63,2023,completed
5486,189,762.34,2022,pending
5487,121,660.76,2023,refunded
5488,59,20.92,2021,pending
5489,218,359.27,2024,pending
5490,304,220.65,2021,completed
5491,314,785.87,2022,completed
5492,30,397.81,2021,cancelled
5493,329,643.13,2020,completed
5494,451,215.53,2023,cancelled
5495,84,64.27,2023,pending
5496,9,999.22,2021,pending
5497,291,805.91,2020,completed
5498,493,700.38,2022,completed
5499,386,875.15,2022,cancelled
5500,446,622.26,2022,refunded
5501,263,416.14,2024,cancelled
5502,383,145.73,2023,completed
5503,482,624.17,2020,refunded
5504,289,943.16,2020,cancelled
5505,108,633.97,2021,cancelled
5506,419,746.90,2024,pending
5507,255,457.81,2020,completed
5508,251,306.84,2024,refunded
5509,253,240.92,2020,completed
5510,42,552.90,2020,refunded
5511,12,967.82,2024,pending
5512,236,934.58,2023,completed
5513,419,855.40,2023,completed
5514,117,152.24,2020,completed
5515,42,412.20,2023,completed
5516,76,255.18,2023,completed
5517,440,73.60,2024,cancelled
5518,312,808.18,2023,refunded
5519,178,489.98,2023,refunded
5520,323,380.31,2023,cancelled
5521,437,842.14,2020,completed
5522,183,896.94,2020,refunded
5523,154,424.97,2021,cancelled
5524,25,175.58,2024,completed
5525,312,830.51,2023,completed
5526,341,436.95,2023,pending
5527,358,569.83,2022,pending
5528,207,74.26,2023,completed
5529,79,766.35,2020,refunded
5530,4,910.14,2024,completed
5531,177,310.98,2022,completed
5532,104,757.59,2023,completed
5533,96,832.82,2024,pending
5534,419,121.77,2021,completed
5535,227,652.53,2022,completed
5536,255,175.47,2022,completed
5537,133,949.03,2023,cancelled
5538,217,634.53,2020,cancelled
5539,181,679.05,2022,pending
5540,383,383.07,2021,completed
5541,263,138.79,2023,cancelled
5542,432,836.27,2024,completed
5543,472,79.64,2023,completed
5544,275,243.98,2021,completed
5545,389,345.22,2022,pending
5546,262,517.50,2023,refunded
5547,492,657.28,2024,completed
5548,326,475.80,2021,refunded
5549,109,762.36,2021,refunded
5550,266,762.87,2024,refunded
5551,456,626.41,2021,pending
5552,98,684.40,2024,refunded
5553,53,386.39,2024,cancelled
5554,237,958.16,2021,refunded
5555,359,737.33,2021,cancelled
5556,70,92.18,2024,refunded
5557,302,528.61,2021,completed
5558,134,550.77,2022,completed
5559,112,396.51,2023,pending
5560,205,292.76,2022,pending
5561,353,728.03,2024,cancelled
5562,393,274.33,2024,completed
5563,28,798.64,2024,completed
5564,138,178.00,2020,completed
5565,439,469.85,2023,completed
5566,362,385.73,2020,cancelled
5567,447,33.55,2020,completed
5568,180,745.84,2024,completed
5569,124,826.70,2021,pending
5570,341,508.87,2024,completed
5571,475,902.65,2022,completed
5572,495,950.63,2021,completed
5573,53,574.19,2022,cancelled
5574,239,235.01,2023,completed
5575,411,424.20,2022,completed
5576,64,192.76,2020,refunded
5577,461,312.30,2023,completed
5578,313,694.09,2022,completed
5579,57,52.41,2023,refunded
5580,376,938.81,2023,pending
5581,305,160.16,2023,completed
5582,338,837.21,2021,refunded
5583,404,222.63,2023,refunded
5584,418,662.86,2024,cancelled
5585,40,673.93,2023,pending
5586,185,810.09,2024,completed
5587,332,111.84,2022,pending
5588,384,908.87,2024,refunded
5589,95,995.86,2020,pending
5590,448,15.67,2020,cancelled
5591,81,80.23,2022,completed
5592,193,959.85,2023,refunded
5593,150,803.90,2024,completed
5594,308,734.94,2023,completed
5595,458,95.66,2020,pending
5596,347,600.90,2024,pending
5597,430,154.30,2023,pending
5598,279,540.68,2021,pending
5599,486,937.10,2021,completed
5600,66,142.81,2021,pending
5601,61,112.08,2024,completed
5602,355,205.07,2022,refunded
5603,215,208.48,2021,completed
5604,152,651.77,2023,refunded
5605,69,225.43,2021,refunded
5606,70,831.24,2021,cancelled
5607,185,389.45,2022,completed
5608,59,108.44,2020,pending
5609,472,423.79,2020,pending
5610,141,849.74,2023,completed
5611,450,625.53,2021,completed
5612,348,962.56,2021,completed
5613,126,127.62,2020,cancelled
5614,386,937.51,2024,completed
5615,221,557.08,2024,completed
5616,57,856.04,2020,pending
5617,455,908.53,2020,pending
5618,178,269.36,2024,cancelled
5619,64,266.25,2024,completed
5620,410,735.96,2022,completed
5621,357,641.25,2021,refunded
5622,66,254.12,2023,completed
5623,15,109.77,2024,completed
5624,17,438.75,2022,completed
5625,48,67.25,2020,refunded
5626,235,123.48,2024,refunded
5627,427,475.34,2021,completed
5628,345,856.30,2020,pending
5629,210,383.99,2020,completed
5630,329,213.94,2020,refunded
5631,454,722.55,2023,completed
5632,246,980.22,2020,pending
5633,210,183.92,2022,completed
5634,443,909.17,2022,completed
5635,190,701.15,2020,completed
5636,367,329.00,2024,cancelled
5637,426,941.32,2021,completed
5638,271,792.39,2020,completed
5639,159,646.53,2021,pending
5640,435,509.16,2024,refunded
5641,253,317.08,2023,pending
5642,411,448.66,2022,cancelled
5643,472,436.64,2020,cancelled
5644,248,86.45,2023,completed
5645,283,829.47,2020,pending
5646,131,370.15,2023,completed
5647,162,184.66,2022,cancelled
5648,19,159.54,2021,cancelled
5649,1,565.23,2021,completed
5650,170,252.89,2023,completed
5651,354,679.69,2024,cancelled
5652,461,742.85,2024,completed
5653,22,637.17,2023,cancelled
5654,256,704.65,2020,pending
5655,51,351.98,2023,pending
5656,345,134.74,2024,completed
5657,350,205.74,2022,completed
5658,425,590.41,2024,refunded
5659,218,449.37,2023,refunded
5660,105,850.16,2022,completed
5661,367,492.75,2024,cancelled
5662,263,962.47,2020,cancelled
5663,50,302.35,2021,refunded
5664,354,246.72,2021,completed
5665,133,159.23,2020,pending
5666,91,209.19,2022,completed
5667,111,444.85,2024,refunded
5668,493,55.26,2021,completed
5669,401,413.89,2021,cancelled
5670,32,454.14,2023,completed
5671,492,653.30,2024,completed
5672,4,723.66,2021,completed
5673,117,477.28,2023,pending
5674,439,35.37,2023,pending
5675,481,891.04,2022,completed
5676,5,519.82,2024,completed
5677,346,277.13,2022,completed
5678,352,407.63,2024,completed
5679,406,273.89,2022,completed
5680,9,179.74,2020,completed
5681,298,852.31,2024,completed
5682,377,876.91,2023,completed
5683,251,484.90,2021,completed
5684,213,459.86,2021,refunded
5685,428,873.23,2021,completed
5686,245,973.55,2021,completed
5687,488,763.38,2023,completed
5688,312,118.61,2022,refunded
5689,445,228.55,2021,completed
5690,7,330.19,2022,completed
5691,38,192.87,2023,completed
5692,478,664.08,2024,completed
5693,499,741.18,2021,completed
5694,464,672.38,2023,completed
5695,311,836.89,2021,refunded
5696,207,825.50,2024,completed
5697,183,399.20,2022,cancelled
5698,262,388.03,2020,completed
5699,90,839.80,2020,completed
5700,335,687.52,2020,refunded
5701,411,463.58,2024,refunded
5702,471,462.00,2023,cancelled
5703,341,550.25,2022,refunded
5704,342,109.02,2020,refunded
5705,16,494.95,2020,completed
5706,68,64.10,2022,pending
5707,113,32.46,2022,completed
5708,490,972.68,2022,cancelled
5709,19,586.80,2022,cancelled
5710,379,756.55,2022,cancelled
5711,209,822.30,2022,pending
5712,289,380.18,2023,completed
5713,124,849.88,2023,completed
5714,396,636.28,2021,pending
5715,199,73.21,2022,completed
5716,66,540.39,2021,completed
5717,393,984.93,2021,refunded
5718,268,935.39,2021,completed
5719,290,994.61,2024,completed
5720,278,270.12,2022,completed
5721,230,524.95,2023,refunded
5722,414,77.23,2023,completed
5723,410,484.15,2023,completed
5724,362,463.44,2021,completed
5725,440,735.40,2024,pending
5726,115,516.43,2024,pending
5727,438,498.19,2024,completed
5728,101,467.82,2022,refunded
5729,433,483.77,2022,completed
5730,369,957.99,2021,cancelled
5731,292,702.54,2023,completed
5732,85,972.33,2024,completed
5733,500,29.05,2024,completed
5734,17,256.73,2020,completed
5735,167,709.28,2021,completed
5736,280,736.58,2023,completed
5737,108,153.17,2024,refunded
5738,144,86.42,2024,completed
5739,287,847.31,2024,pending
5740,361,683.41,2023,pending
5741,482,644.72,2021,pending
5742,87,752.54,2023,pending
5743,181,731.47,2024,refunded
5744,195,38.42,2020,completed
5745,179,401.46,2023,cancelled
5746,208,793.37,2023,cancelled
5747,414,23.62,2021,pending
5748,56,246.02,2020,cancelled
5749,24,826.91,2021,cancelled
5750,283,891.97,2022,cancelled
5751,120,23.34,2022,cancelled
5752,437,260.88,2020,cancelled
5753,240,376.19,2021,completed
5754,439,939.46,2023,completed
5755,416,346.03,2024,pending
5756,117,875.09,2021,cancelled
5757,178,491.86,2024,completed
5758,63,101.03,2020,completed
5759,134,612.20,2024,pending
5760,137,47.69,2023,completed
5761,42,316.14,2021,completed
5762,386,448.95,2021,completed
5763,493,851.42,2021,pending
5764,191,901.10,2020,cancelled
5765,27,366.79,2024,completed
5766,434,717.78,2024,completed
5767,304,681.95,2020,cancelled
5768,303,803.12,2023,cancelled
5769,231,401.06,2020,completed
5770,150,559.98,2024,completed
5771,33,993.93,2023,completed
5772,178,842.62,2020,completed
5773,422,758.04,2024,cancelled
5774,470,758.41,2020,cancelled
5775,235,962.97,2023,pending
5776,359,772.86,2024,completed
5777,269,61.17,2022,cancelled
5778,446,226.90,2022,pending
5779,133,938.27,2022,pending
5780,453,391.49,2023,completed
5781,149,174.46,2022,cancelled
5782,81,456.92,2020,cancelled
5783,17,676.50,2024,completed
5784,475,432.23,2024,completed
5785,282,205.21,2020,completed
5786,143,715.41,2023,refunded
5787,327,687.95,2020,cancelled
5788,275,28.84,2022,completed
5789,72,743.04,2021,completed
5790,86,297.41,2021,pending
5791,73,589.47,2020,pending
5792,286,341.32,2024,cancelled
5793,420,863.09,2022,completed
5794,30,600.70,2020,cancelled
5795,121,468.43,2022,completed
5796,417,463.92,2024,completed
5797,195,725.62,2020,completed
5798,180,306.82,2022,completed
5799,244,723.24,2020,refunded
5800,281,729.87,2020,completed
5801,446,222.38,2023,completed
5802,1,54.13,2020,refunded
5803,462,295.42,2022,pending
5804,287,712.41,2023,completed
5805,165,491.55,2022,refunded
5806,326,623.10,2021,pending
5807,303,498.28,2020,refunded
5808,475,553.89,2021,completed
5809,211,736.66,2021,completed
5810,297,449.78,2021,refunded
5811,452,789.51,2021,refunded
5812,30,660.76,2020,completed
5813,29,767.44,2022,completed
5814,212,809.18,2024,completed
5815,278,542.26,2022,completed
5816,474,420.83,2020,completed
5817,199,395.90,2020,refunded
5818,180,721.48,2022,refunded
5819,183,550.44,2021,completed
5820,236,179.77,2023,refunded
5821,95,28.32,2021,refunded
5822,323,408.22,2024,pending
5823,368,425.56,2021,cancelled
5824,447,405.47,2024,cancelled
5825,245,789.62,2023,refunded
5826,315,587.24,2023,cancelled
5827,58,853.29,2021,pending
5828,474,797.93,2020,refunded
5829,11,529.83,2023,completed
5830,83,255.11,2021,completed
5831,202,448.47,2021,completed
5832,286,125.11,2020,completed
5833,351,498.63,2021,refunded
5834,169,780.54,2020,completed
5835,251,445.13,2021,completed
5836,399,964.11,2022,completed
5837,36,555.05,2023,completed
5838,488,932.12,2024,cancelled
5839,46,125.49,2020,completed
5840,40,114.21,2020,completed
5841,157,788.15,2022,completed
5842,233,134.85,2021,pending
5843,210,661.36,2021,completed
5844,267,726.63,2021,cancelled
5845,375,159.64,2021,refunded
5846,456,51.66,2021,completed
5847,172,128.89,2024,completed
5848,267,379.26,2021,refunded
5849,257,814.47,2022,pending
5850,369,264.01,2020,completed
5851,200,449.68,2021,refunded
5852,113,597.34,2022,cancelled
5853,309,48.59,2024,refunded
5854,39,12.57,2021,completed
5855,472,168.81,2021,completed
5856,210,356.89,2020,completed
5857,212,948.15,2020,completed
5858,88,236.98,2022,pending
5859,301,94.25,2024,completed
5860,300,266.41,2022,refunded
5861,374,72.68,2020,completed
5862,111,403.07,2020,refunded
5863,289,798.47,2021,completed
5864,50,67.11,2021,completed
5865,453,564.48,2021,completed
5866,73,202.19,2024,completed
5867,57,518.35,2022,pending
5868,480,202.35,2020,cancelled
5869,92,744.21,2020,completed
5870,149,459.32,2022,refunded
5871,188,386.32,2022,refunded
5872,53,648.77,2023,pending
5873,46,745.11,2023,completed
5874,125,403.78,2022,refunded
5875,477,58.35,2020,completed
5876,480,711.28,2024,pending
5877,443,72.44,2021,completed
5878,279,880.42,2023,refunded
5879,131,343.99,2022,completed
5880,152,687.79,2022,pending
5881,456,963.66,2020,pending
5882,250,799.51,2023,completed
5883,44,21.66,2024,refunded
5884,378,698.28,2022,completed
5885,464,858.37,2024,pending
5886,414,809.98,2023,completed
5887,83,399.53,2024,cancelled
5888,383,253.40,2022,completed
5889,365,152.00,2020,cancelled
5890,180,942.85,2023,completed
5891,260,83.09,2024,refunded
5892,83,908.48,2022,completed
5893,479,144.09,2022,completed
5894,500,815.85,2021,cancelled
5895,100,80.81,2023,pending
5896,267,274.21,2020,completed
5897,347,463.04,2024,completed
5898,357,942.21,2023,completed
5899,194,114.57,2021,pending
5900,117,581.65,2021,pending
5901,263,185.92,2021,cancelled
5902,271,729.75,2020,completed
5903,46,99.72,2022,completed
5904,3,393.52,2023,completed
5905,172,553.91,2024,pending
5906,77,391.05,2022,pending
5907,334,326.59,2020,completed
5908,374,844.80,2024,completed
5909,23,969.30,2020,completed
5910,226,740.70,2021,refunded
5911,361,247.75,2023,cancelled
5912,449,613.84,2024,completed
5913,260,700.87,2021,refunded
5914,490,34.20,2024,cancelled
5915,304,838.21,2021,cancelled
5916,416,396.51,2020,refunded
5917,428,980.52,2020,pending
5918,250,180.85,2022,cancelled
5919,395,618.29,2024,pending
5920,175,461.32,2021,completed
5921,387,916.32,2022,cancelled
5922,242,860.89,2024,completed
5923,475,523.31,2023,cancelled
5924,25,954.47,2021,pending
5925,163,458.07,2022,refunded
5926,99,261.72,2020,cancelled
5927,364,697.97,2021,cancelled
5928,168,820.02,2024,cancelled
5929,10,291.78,2023,pending
5930,443,706.51,2024,cancelled
5931,83,364.09,2020,pending
5932,140,101.83,2024,completed
5933,214,553.88,2024,refunded
5934,285,442.23,2020,completed
5935,59,193.38,2024,completed
5936,140,43.22,2022,refunded
5937,154,930.99,2024,completed
5938,212,123.99,2021,refunded
5939,341,500.62,2020,completed
5940,430,204.60,2023,refunded
5941,64,797.08,2022,refunded
5942,207,481.89,2024,pending
5943,428,825.77,2024,pending
5944,8,978.09,2022,completed
5945,359,601.55,2023,pending
5946,364,437.99,2021,completed
5947,489,168.21,2023,completed
5948,17,953.56,2022,completed
5949,487,660.36,2024,pending
5950,264,327.66,2021,completed
5951,239,357.93,2024,cancelled
5952,162,593.33,2022,refunded
5953,311,758.41,2021,refunded
5954,272,634.87,2020,completed
5955,452,824.80,2020,completed
5956,153,221.94,2022,completed
5957,270,703.80,2024,completed
5958,14,237.08,2023,pending
5959,338,316.43,2021,completed
5960,436,40.17,2020,completed
5961,130,512.87,2021,cancelled
5962,185,199.28,2022,completed
5963,234,469.12,2022,cancelled
5964,266,710.49,2021,completed
5965,331,470.73,2024,pending
5966,322,545.35,2022,completed
5967,138,297.28,2023,pending
5968,30,437.80,2022,completed
5969,137,941.11,2021,completed
5970,81,896.86,2023,completed
5971,246,481.27,2020,cancelled
5972,50,896.65,2023,completed
5973,324,449.07,2021,completed
5974,46,891.08,2022,completed
5975,473,502.59,2024,pending
5976,18,322.95,2021,refunded
5977,397,961.16,2022,completed
5978,222,949.43,2022,completed
5979,84,731.75,2020,refunded
5980,159,65.00,2021,completed
5981,339,612.78,2023,cancelled
5982,437,606.33,2024,refunded
5983,202,582.67,2024,completed
5984,400,263.91,2024,cancelled
5985,471,940.80,2021,completed
5986,65,225.10,2020,cancelled
5987,86,490.22,2020,completed
5988,369,537.82,2021,pending
5989,323,964.08,2024,completed
5990,447,291.73,2022,pending
5991,42,718.47,2022,completed
5992,72,292.98,2023,refunded
5993,317,39.36,2020,completed
5994,414,188.56,2023,pending
5995,112,811.95,2020,pending
5996,32,743.13,2020,completed
5997,29,214.08,2022,pending
5998,53,543.98,2023,refunded
5999,315,676.44,2023,pending
6000,17,944.27,2024,cancelled
6001,236,114.37,2023,cancelled
6002,485,462.30,2020,completed
6003,86,91.29,2021,pending
6004,293,455.37,2020,cancelled
6005,255,833.68,2023,refunded
6006,32,490.70,2020,cancelled
6007,323,313.41,2024,completed
6008,131,830.41,2024,completed
6009,437,541.09,2024,completed
6010,93,289.22,2020,completed
6011,300,757.15,2020,completed
6012,280,540.25,2023,completed
6013,52,725.64,2020,refunded
6014,99,516.97,2020,pending
6015,440,637.82,2021,pending
6016,247,666.71,2024,completed
6017,89,313.48,2022,completed
6018,329,997.10,2021,completed
6019,458,199.58,2024,refunded
6020,289,929.27,2020,cancelled
6021,152,554.23,2022,completed
6022,475,192.34,2022,cancelled
6023,456,782.93,2024,pending
6024,210,351.76,2021,completed
6025,427,242.35,2023,completed
6026,97,930.52,2022,completed
6027,291,694.08,2024,completed
6028,368,934.83,2024,cancelled
6029,129,529.07,2024,completed
6030,403,485.46,2023,pending
6031,403,336.38,2021,completed
6032,398,469.79,2022,completed
6033,65,886.05,2023,refunded
6034,16,387.52,2022,cancelled
6035,404,756.20,2024,completed
6036,59,312.66,2022,cancelled
6037,417,865.00,2024,pending
6038,294,554.72,2023,completed
6039,215,523.21,2024,completed
6040,109,64.34,2020,refunded
6041,404,178.25,2020,completed
6042,310,254.12,2023,pending
6043,49,975.05,2021,completed
6044,175,456.79,2022,completed
6045,153,354.69,2022,refunded
6046,450,349.63,2021,refunded
6047,359,171.53,2022,completed
6048,164,691.08,2024,refunded
6049,354,894.64,2020,cancelled
6050,127,438.49,2022,pending
6051,359,455.04,2020,cancelled
6052,390,60.94,2024,completed
6053,336,689.70,2021,refunded
6054,428,355.27,2020,completed
6055,15,194.91,2023,completed
6056,128,961.42,2021,completed
6057,196,761.59,2024,cancelled
6058,165,254.19,2021,completed
6059,332,23.20,2022,cancelled
6060,54,963.83,2022,pending
6061,418,886.72,2023,cancelled
6062,231,739.37,2022,cancelled
6063,90,726.25,2021,refunded
6064,166,376.53,2021,completed
6065,265,903.37,2023,cancelled
6066,1,180.28,2020,completed
6067,468,351.09,2021,refunded
6068,347,749.22,2023,completed
6069,311,777.48,2022,cancelled
6070,78,859.04,2021,cancelled
6071,468,928.25,2022,pending
6072,352,78.20,2020,cancelled
6073,280,681.42,2020,refunded
6074,240,12.09,2023,completed
6075,227,259.13,2022,completed
6076,495,899.72,2023,pending
6077,64,191.36,2020,cancelled
6078,498,556.42,2020,completed
6079,50,519.37,2020,completed
6080,1,331.18,2021,completed
6081,119,348.12,2020,completed
6082,141,995.81,2023,cancelled
6083,497,615.65,2023,completed
6084,473,793.53,2022,refunded
6085,277,11.04,2023,completed
6086,140,185.58,2023,completed
6087,184,942.92,2022,completed
6088,429,81.38,2021,cancelled
6089,363,840.11,2020,completed
6090,173,213.51,2024,refunded
6091,468,414.38,2021,completed
6092,156,925.20,2022,pending
6093,312,115.87,2020,completed
6094,217,115.56,2023,refunded
6095,225,794.99,2020,completed
6096,396,431.40,2023,completed
6097,456,331.30,2021,completed
6098,31,964.04,2023,cancelled
6099,238,947.16,2024,completed
6100,149,674.71,2020,refunded
6101,374,783.51,2020,completed
6102,343,899.39,2024,completed
6103,481,348.55,2022,cancelled
6104,397,335.62,2023,cancelled
6105,40,243.35,2021,completed
6106,367,913.00,2022,pending
6107,445,948.92,2022,cancelled
6108,470,857.42,2020,completed
6109,350,745.13,2022,refunded
6110,404,232.14,2024,completed
6111,18,999.33,2023,completed
6112,199,199.21,2023,pending
6113,95,598.41,2023,completed
6114,473,472.40,2024,refunded
6115,152,555.26,2024,completed
6116,76,279.77,2020,pending
6117,489,874.72,2021,completed
6118,73,756.45,2021,cancelled
6119,403,261.13,2022,pending
6120,131,140.95,2022,pending
6121,450,917.30,2022,pending
6122,446,944.66,2021,completed
6123,119,363.73,2024,completed
6124,121,822.16,2024,cancelled
6125,214,33.73,2024,completed
6126,217,483.88,2020,refunded
6127,247,26.09,2020,completed
6128,181,553.26,2022,cancelled
6129,188,145.30,2023,refunded
6130,255,318.26,2022,completed
6131,173,666.99,2021,completed
6132,377,921.67,2020,cancelled
6133,12,580.03,2020,completed
6134,150,335.03,2020,completed
6135,157,257.60,2023,completed
6136,205,963.48,2023,completed
6137,118,873.22,2020,refunded
6138,394,45.91,2022,pending
6139,20,475.38,2021,completed
6140,440,527.39,2023,completed
6141,298,698.62,2023,completed
6142,412,904.29,2020,refunded
6143,463,698.54,2024,completed
6144,13,449.05,2020,completed
6145,39,521.92,2022,completed
6146,457,528.77,2022,refunded
6147,328,478.25,2022,completed
6148,375,416.04,2021,completed
6149,458,250.87,2024,completed
6150,353,666.51,2022,completed
6151,411,967.36,2022,refunded
6152,353,226.93,2021,pending
6153,93,796.12,2024,refunded
6154,53,693.21,2021,cancelled
6155,159,103.90,2022,cancelled
6156,438,403.02,2023,completed
6157,422,910.52,2022,cancelled
6158,421,169.45,2023,completed
6159,152,964.26,2020,completed
6160,345,516.27,2020,cancelled
6161,245,678.13,2020,completed
6162,344,10.61,2020,completed
6163,418,859.39,2024,refunded
6164,458,504.33,2021,completed
6165,277,759.27,2021,completed
6166,54,358.47,2020,cancelled
6167,428,329.47,2020,pending
6168,309,964.68,2024,completed
6169,258,359.65,2022,completed
6170,10,765.68,2024,completed
6171,49,812.42,2024,completed
6172,238,772.05,2022,pending
6173,381,498.17,2020,completed
6174,168,348.57,2020,completed
6175,227,771.35,2020,pending
6176,298,558.38,2022,refunded
6177,80,880.66,2020,refunded
6178,252,292.39,2020,refunded
6179,245,72.66,2020,completed
6180,130,610.94,2023,completed
6181,113,730.96,2023,completed
6182,315,297.34,2022,completed
6183,481,216.81,2022,cancelled
6184,429,560.23,2022,refunded
6185,371,655.93,2021,refunded
6186,487,135.30,2021,completed
6187,84,953.13,2022,cancelled
6188,256,797.06,2024,completed
6189,200,883.43,2022,completed
6190,67,830.76,2021,completed
6191,274,971.22,2023,completed
6192,360,261.52,2020,completed
6193,300,270.63,2020,completed
6194,469,109.48,2020,completed
6195,241,783.38,2021,refunded
6196,218,825.53,2021,cancelled
6197,200,654.35,2024,pending
6198,12,398.96,2020,cancelled
6199,407,954.09,2020,completed
6200,382,426.13,2022,cancelled
6201,174,496.80,2022,completed
6202,349,241.32,2023,refunded
6203,454,861.85,2022,pending
6204,33,874.80,2022,completed
6205,228,942.92,2021,refunded
6206,193,364.70,2021,completed
6207,429,678.07,2022,refunded
6208,421,118.27,2021,refunded
6209,413,168.94,2024,completed
6210,60,444.27,2024,completed
6211,182,128.61,2024,completed
6212,434,84.80,2022,pending
6213,471,92.90,2021,refunded
6214,241,733.19,2022,refunded
6215,3,633.79,2020,refunded
6216,435,932.22,2023,completed
6217,249,20.70,2020,completed
6218,473,96.28,2021,completed
6219,229,991.01,2024,completed
6220,37,449.04,2023,pending
6221,157,468.42,2023,pending
6222,10,579.89,2021,completed
6223,187,903.13,2022,cancelled
6224,97,118.82,2021,pending
6225,435,844.30,2022,refunded
6226,93,707.62,2020,completed
6227,319,197.58,2024,cancelled
6228,458,669.11,2021,completed
6229,171,102.49,2022,completed
6230,104,288.80,2023,pending
6231,334,700.61,2023,pending
6232,162,182.35,2022,refunded
6233,344,74.05,2020,completed
6234,353,365.72,2024,cancelled
6235,413,683.47,2022,cancelled
6236,253,632.71,2022,completed
6237,55,715.18,2022,completed
6238,231,591.75,2024,cancelled
6239,291,955.49,2022,pending
6240,316,38.51,2024,completed
6241,305,523.73,2023,completed
6242,47,594.59,2024,completed
6243,334,296.47,2022,cancelled
6244,19,87.15,2023,completed
6245,362,704.09,2021,completed
6246,74,86.73,2021,refunded
6247,102,271.94,2022,pending
6248,446,976.66,2023,refunded
6249,293,590.25,2021,completed
6250,96,514.45,2022,completed
6251,290,419.14,2024,completed
6252,129,654.78,2024,cancelled
6253,224,616.95,2024,pending
6254,248,53.55,2024,completed
6255,81,60.88,2020,completed
6256,304,527.78,2024,completed
6257,461,151.64,2023,refunded
6258,492,623.93,2020,cancelled
6259,418,135.35,2024,completed
6260,274,593.64,2020,completed
6261,240,799.30,2022,completed
6262,102,877.68,2020,cancelled
6263,190,198.13,2021,completed
6264,467,827.02,2021,cancelled
6265,111,149.86,2020,pending
6266,51,858.92,2024,completed
6267,196,263.68,2023,pending
6268,362,422.22,2021,completed
6269,263,648.58,2021,refunded
6270,412,981.60,2020,completed
6271,54,895.66,2024,completed
6272,500,479.47,2021,refunded
6273,113,159.23,2023,refunded
6274,441,195.67,2021,completed
6275,495,127.32,2020,refunded
6276,331,308.22,2022,refunded
6277,62,40.84,2022,completed
6278,39,318.70,2024,pending
6279,342,219.00,2022,completed
6280,10,406.47,2020,completed
6281,7,442.45,2023,refunded
6282,92,311.98,2022,pending
6283,431,143.23,2023,completed
6284,221,46.15,2023,pending
6285,16,313.46,2022,pending
6286,195,765.75,2022,cancelled
6287,330,61.29,2023,pending
6288,496,998.33,2020,completed
6289,12,568.13,2020,completed
6290,90,386.43,2024,completed
6291,388,564.13,2021,completed
6292,367,328.36,2021,completed
6293,282,188.14,2021,completed
6294,134,442.07,2022,completed
6295,225,41.95,2020,cancelled
6296,448,688.47,2020,cancelled
6297,399,83.82,2020,cancelled
6298,198,598.62,2023,pending
6299,203,59.15,2024,cancelled
6300,7,84.15,2024,completed
6301,97,910.46,2022,completed
6302,346,47.25,2021,refunded
6303,135,113.95,2020,cancelled
6304,461,231.21,2020,completed
6305,171,301.02,2022,refunded
6306,450,92.49,2023,cancelled
6307,352,241.05,2021,completed
6308,468,581.26,2020,cancelled
6309,419,277.36,2023,completed
6310,345,323.96,2023,completed
6311,45,833.67,2024,completed
6312,8,80.74,2021,cancelled
6313,48,975.06,2020,completed
6314,391,891.47,2021,completed
6315,49,49.05,2020,completed
6316,45,797.26,2022,completed
6317,70,340.24,2020,refunded
6318,4,379.42,2023,pending
6319,189,223.92,2023,completed
6320,74,791.28,2022,cancelled
6321,394,957.05,2021,completed
6322,58,424.26,2021,cancelled
6323,43,340.53,2023,completed
6324,453,406.34,2022,completed
6325,165,897.69,2023,completed
6326,175,283.95,2024,completed
6327,34,574.44,2022,completed
6328,318,730.21,2023,completed
6329,366,638.95,2020,refunded
6330,10,721.91,2023,refunded
6331,128,756.81,2020,pending
6332,354,602.97,2022,completed
6333,479,653.34,2023,completed
6334,492,942.80,2021,cancelled
6335,349,415.60,2024,refunded
6336,97,395.43,2022,completed
6337,496,44.14,2022,cancelled
6338,189,955.92,2022,completed
6339,27,149.43,2020,completed
6340,29,577.66,2024,completed
6341,167,237.32,2021,completed
6342,117,590.78,2023,pending
6343,195,209.90,2022,cancelled
6344,254,254.86,2021,pending
6345,85,847.76,2021,cancelled
6346,33,929.83,2023,refunded
6347,263,140.04,2021,completed
6348,138,754.41,2020,pending
6349,24,92.60,2022,completed
6350,162,46.91,2024,completed
6351,216,994.14,2023,pending
6352,388,770.40,2022,completed
6353,32,441.48,2024,refunded
6354,342,265.63,2023,completed
6355,17,735.76,2020,completed
6356,412,171.66,2020,completed
6357,196,494.67,2024,refunded
6358,167,123.63,2020,completed
6359,317,921.88,2020,completed
6360,89,528.36,2021,refunded
6361,106,721.99,2023,completed
6362,231,304.40,2021,pending
6363,409,799.00,2024,pending
6364,26,97.28,2022,cancelled
6365,187,272.07,2024,cancelled
6366,301,495.23,2023,completed
6367,32,836.46,2020,pending
6368,322,867.02,2024,completed
6369,301,981.72,2021,cancelled
6370,190,379.78,2020,refunded
6371,288,836.08,2023,refunded
6372,411,640.97,2020,completed
6373,280,876.84,2024,refunded
6374,372,943.03,2021,cancelled
6375,383,404.13,2022,cancelled
6376,417,947.39,2021,refunded
6377,304,686.52,2021,refunded
6378,211,355.33,2020,pending
6379,147,731.87,2022,refunded
6380,192,158.47,2023,completed
6381,242,362.26,2021,completed
6382,240,518.26,2023,completed
6383,182,42.56,2021,refunded
6384,48,157.53,2020,completed
6385,360,385.36,2022,completed
6386,106,70.34,2024,completed
6387,350,402.22,2022,pending
6388,340,322.20,2024,completed
6389,83,337.17,2020,completed
6390,338,464.50,2023,pending
6391,116,544.68,2020,cancelled
6392,7,400.58,2021,refunded
6393,74,753.61,2020,cancelled
6394,459,918.85,2020,refunded
6395,21,597.31,2022,completed
6396,378,512.01,2024,completed
6397,221,428.64,2023,completed
6398,426,223.10,2021,cancelled
6399,140,429.70,2020,completed
6400,69,363.67,2023,completed
6401,364,587.95,2024,completed
6402,15,171.14,2022,cancelled
6403,151,302.22,2024,completed
6404,54,310.54,2023,pending
6405,423,368.22,2024,completed
6406,186,528.90,2024,completed
6407,196,611.12,2024,completed
6408,400,854.51,2021,completed
6409,316,653.03,2023,refunded
6410,371,390.25,2021,refunded
6411,186,332.63,2021,cancelled
6412,122,286.80,2023,cancelled
6413,414,529.63,2023,cancelled
6414,199,438.96,2022,refunded
6415,382,15.90,2021,completed
6416,358,35.71,2024,cancelled
6417,25,395.00,2021,completed
6418,87,335.71,2023,cancelled
6419,455,851.11,2022,completed
6420,204,355.12,2023,completed
6421,239,878.59,2022,refunded
6422,204,569.73,2020,completed
6423,222,46.10,2020,cancelled
6424,73,790.92,2022,completed
6425,53,776.95,2020,refunded
6426,314,359.17,2022,completed
6427,299,910.81,2021,refunded
6428,223,471.90,2020,refunded
6429,175,782.20,2024,completed
6430,485,59.84,2021,refunded
6431,321,915.34,2020,cancelled
6432,117,877.00,2020,completed
6433,497,342.14,2020,cancelled
6434,112,680.97,2020,cancelled
6435,403,848.79,2021,cancelled
6436,156,433.20,2021,pending
6437,305,587.71,2024,pending
6438,496,661.38,2023,cancelled
6439,275,363.90,2024,pending
6440,425,808.75,2021,cancelled
6441,493,909.12,2021,pending
6442,383,942.34,2022,cancelled
6443,480,641.75,2023,cancelled
6444,489,743.15,2024,completed
6445,189,160.00,2022,refunded
6446,348,91.47,2022,pending
6447,21,662.43,2022,refunded
6448,253,259.82,2020,cancelled
6449,172,87.47,2024,completed
6450,201,869.05,2023,pending
6451,480,396.43,2020,completed
6452,431,707.03,2023,pending
6453,62,335.23,2022,completed
6454,372,33.85,2023,completed
6455,30,95.98,2023,completed
6456,470,291.83,2021,pending
6457,352,113.80,2023,pending
6458,349,768.13,2021,refunded
6459,239,36.75,2020,cancelled
6460,132,781.26,2023,pending
6461,135,154.15,2020,cancelled
6462,72,379.60,2022,pending
6463,467,451.76,2022,completed
6464,94,801.17,2020,refunded
6465,352,357.77,2020,pending
6466,3,28.16,2020,completed
6467,272,83.48,2021,pending
6468,474,730.33,2024,pending
6469,110,913.62,2024,completed
6470,12,842.84,2020,cancelled
6471,364,866.21,2020,completed
6472,296,994.49,2023,completed
6473,244,213.39,2022,refunded
6474,442,917.73,2021,cancelled
6475,214,621.38,2020,completed
6476,444,379.91,2020,refunded
6477,464,314.03,2023,completed
6478,23,89.66,2020,cancelled
6479,490,439.08,2021,refunded
6480,369,399.36,2021,completed
6481,65,334.95,2022,refunded
6482,219,224.43,2024,cancelled
6483,78,770.34,2021,cancelled
6484,95,59.73,2023,completed
6485,422,205.13,2022,cancelled
6486,295,733.01,2022,completed
6487,37,146.65,2021,refunded
6488,324,648.53,2023,completed
6489,228,503.16,2023,completed
6490,119,509.64,2023,completed
6491,222,199.25,2020,refunded
6492,187,911.83,2021,completed
6493,203,160.87,2024,completed
6494,353,907.09,2023,cancelled
6495,309,799.93,2024,refunded
6496,388,159.61,2021,completed
6497,491,718.41,2024,completed
6498,330,451.09,2022,completed
6499,122,714.76,2022,completed
6500,195,532.00,2022,pending
6501,9,551.03,2021,refunded
6502,258,221.23,2023,completed
6503,2,119.05,2023,refunded
6504,455,449.83,2023,cancelled
6505,188,878.18,2022,completed
6506,284,647.90,2020,completed
6507,435,900.89,2021,cancelled
6508,262,39.55,2022,completed
6509,125,245.47,2022,refunded
6510,348,455.11,2024,cancelled
6511,75,76.57,2022,refunded
6512,43,504.12,2021,completed
6513,362,679.28,2022,pending
6514,72,654.65,2022,cancelled
6515,225,929.05,2021,completed
6516,421,12.45,2024,completed
6517,88,450.28,2023,completed
6518,51,19.18,2023,completed
6519,449,801.16,2020,pending
6520,375,576.02,2024,completed
6521,283,973.44,2022,refunded
6522,467,687.99,2020,completed
6523,463,789.46,2024,completed
6524,31,392.83,2022,cancelled
6525,154,201.36,2022,completed
6526,12,950.39,2022,refunded
6527,399,17.53,2021,pending
6528,64,65.37,2021,pending
6529,248,188.93,2020,cancelled
6530,163,929.96,2021,pending
6531,364,588.32,2024,refunded
6532,143,564.79,2023,completed
6533,345,307.39,2020,completed
6534,266,468.84,2022,completed
6535,257,601.66,2023,completed
6536,408,254.67,2020,completed
6537,437,651.01,2024,completed
6538,356,64.04,2022,pending
6539,289,568.51,2021,cancelled
6540,205,545.29,2024,completed
6541,229,959.32,2021,completed
6542,319,796.59,2023,refunded
6543,432,140.84,2022,completed
6544,458,910.43,2023,refunded
6545,406,136.09,2020,refunded
6546,115,546.62,2022,completed
6547,66,689.51,2021,completed
6548,497,220.72,2021,refunded
6549,404,279.51,2020,completed
6550,435,984.99,2021,completed
6551,370,218.01,2021,pending
6552,353,210.57,2020,pending
6553,462,974.79,2020,refunded
6554,372,779.53,2022,cancelled
6555,185,877.64,2023,cancelled
6556,32,99.44,2023,completed
6557,115,321.31,2022,cancelled
6558,10,89.76,2020,completed
6559,267,766.62,2023,completed
6560,292,431.46,2020,refunded
6561,126,669.27,2020,pending
6562,310,376.78,2021,cancelled
6563,342,359.90,2022,pending
6564,255,16.23,2024,refunded
6565,184,364.54,2020,completed
6566,478,642.02,2023,completed
6567,365,481.61,2023,completed
6568,432,798.38,2024,completed
6569,123,261.86,2020,completed
6570,161,440.80,2020,completed
6571,469,898.08,2022,cancelled
6572,49,140.39,2022,completed
6573,110,528.27,2023,cancelled
6574,82,617.72,2023,refunded
6575,102,866.37,2023,completed
6576,119,162.79,2022,refunded
6577,499,654.98,2023,cancelled
6578,267,379.24,2022,refunded
6579,451,911.93,2024,completed
6580,208,706.75,2023,completed
6581,233,653.99,2024,completed
6582,371,580.85,2023,completed
6583,326,402.98,2022,completed
6584,159,296.60,2021,cancelled
6585,182,434.66,2024,completed
6586,121,922.60,2022,completed
6587,70,415.93,2020,completed
6588,195,385.22,2023,completed
6589,164,377.59,2022,completed
6590,19,240.85,2022,refunded
6591,203,449.18,2020,completed
6592,256,327.54,2024,pending
6593,76,765.38,2022,completed
6594,228,868.62,2023,completed
6595,184,330.10,2021,refunded
6596,29,489.31,2021,cancelled
6597,397,871.11,2020,refunded
6598,23,661.56,2022,completed
6599,330,542.50,2020,refunded
6600,260,976.25,2022,completed
6601,284,353.63,2022,completed
6602,474,887.16,2022,completed
6603,425,215.67,2022,refunded
6604,500,718.79,2023,completed
6605,166,380.93,2021,cancelled
6606,181,215.94,2020,completed
6607,58,270.88,2024,pending
6608,7,712.97,2021,pending
6609,411,97.94,2024,completed
6610,205,501.84,2020,completed
6611,255,670.22,2023,completed
6612,443,492.31,2023,cancelled
6613,193,736.08,2023,completed
6614,327,423.18,2021,completed
6615,475,471.92,2021,completed
6616,390,862.56,2021,pending
6617,6,187.12,2021,completed
6618,486,630.30,2021,completed
6619,372,279.39,2024,pending
6620,362,538.48,2023,refunded
6621,82,716.01,2024,pending
6622,432,300.44,2020,refunded
6623,138,973.21,2024,cancelled
6624,129,122.21,2020,refunded
6625,23,282.74,2023,refunded
6626,423,778.09,2021,completed
6627,286,519.73,2020,refunded
6628,16,661.92,2020,pending
6629,198,616.61,2021,completed
6630,485,773.99,2021,pending
6631,285,294.04,2020,completed
6632,13,683.06,2020,completed
6633,441,303.54,2022,pending
6634,409,388.18,2023,completed
6635,445,212.41,2023,refunded
6636,364,431.16,2022,cancelled
6637,340,785.08,2023,completed
6638,99,127.75,2021,refunded
6639,163,949.60,2021,cancelled
6640,161,242.98,2024,pending
6641,328,554.99,2024,completed
6642,153,985.56,2023,cancelled
6643,60,155.07,2020,cancelled
6644,247,157.64,2020,refunded
6645,109,297.36,2021,refunded
6646,435,320.76,2024,pending
6647,497,494.34,2022,completed
6648,464,56.84,2021,completed
6649,475,760.65,2020,pending
6650,431,540.73,2023,pending
6651,482,22.89,2020,completed
6652,227,910.95,2023,completed
6653,307,818.84,2023,refunded
6654,342,867.05,2022,cancelled
6655,430,460.92,2023,completed
6656,477,901.71,2024,completed
6657,106,739.62,2024,cancelled
6658,492,826.94,2024,refunded
6659,461,398.66,2022,refunded
6660,137,847.86,2021,completed
6661,365,109.77,2023,pending
6662,499,347.37,2024,completed
6663,294,140.57,2020,cancelled
6664,45,986.86,2023,refunded
6665,151,33.26,2020,completed
6666,77,65.24,2021,pending
6667,339,461.01,2024,pending
6668,459,858.98,2023,completed
6669,316,947.24,2024,completed
6670,109,590.82,2021,refunded
6671,401,171.51,2021,completed
6672,481,572.42,2022,completed
6673,396,889.43,2024,completed
6674,87,801.95,2023,pending
6675,421,760.51,2024,pending
6676,345,430.70,2023,cancelled
6677,438,478.98,2023,completed
6678,414,442.83,2024,completed
6679,65,83.30,2022,completed
6680,225,980.65,2020,completed
6681,56,914.78,2022,completed
6682,83,855.16,2024,refunded
6683,153,511.45,2023,pending
6684,381,154.93,2021,cancelled
6685,169,365.50,2024,pending
6686,475,909.15,2021,completed
6687,118,532.20,2023,cancelled
6688,303,439.16,2021,completed
6689,459,129.47,2024,completed
6690,335,721.75,2022,completed
6691,191,641.71,2021,completed
6692,337,840.41,2024,pending
6693,499,247.33,2024,completed
6694,312,525.28,2020,completed
6695,59,71.20,2024,completed
6696,491,113.34,2023,pending
6697,255,495.26,2022,pending
6698,328,211.68,2024,completed
6699,455,928.41,2023,cancelled
6700,332,289.45,2024,completed
6701,344,615.49,2022,completed
6702,179,532.67,2023,pending
6703,459,627.09,2020,refunded
6704,287,123.95,2020,refunded
6705,151,793.67,2022,completed
6706,401,67.09,2020,completed
6707,3,171.84,2024,completed
6708,336,440.15,2024,refunded
6709,435,46.24,2023,completed
6710,459,868.75,2024,refunded
6711,248,673.37,2024,refunded
6712,22,72.03,2021,completed
6713,76,501.76,2023,refunded
6714,279,715.13,2021,completed
6715,444,642.57,2023,completed
6716,257,376.56,2021,pending
6717,19,103.90,2021,completed
6718,293,956.00,2020,completed
6719,242,57.74,2023,completed
6720,230,222.63,2021,completed
6721,144,144.00,2024,refunded
6722,249,243.89,2023,pending
6723,356,231.41,2020,completed
6724,121,823.73,2020,completed
6725,219,573.25,2020,completed
6726,153,34.05,2023,completed
6727,71,805.20,2020,pending
6728,317,959.88,2022,completed
6729,275,190.93,2021,completed
6730,415,802.65,2023,completed
6731,493,786.06,2022,completed
6732,37,794.74,2021,cancelled
6733,16,868.25,2024,completed
6734,180,919.63,2024,pending
6735,11,198.93,2022,completed
6736,57,215.22,2023,pending
6737,365,451.52,2023,completed
6738,281,830.46,2023,refunded
6739,69,211.11,2020,cancelled
6740,126,762.33,2020,completed
6741,297,523.79,2023,pending
6742,213,411.00,2024,completed
6743,249,203.54,2020,refunded
6744,201,29.72,2022,completed
6745,169,753.60,2023,refunded
6746,41,44.24,2022,completed
6747,363,398.22,2021,completed
6748,87,390.45,2022,pending
6749,343,671.94,2020,completed
6750,436,903.79,2022,cancelled
6751,141,228.55,2021,cancelled
6752,394,86.48,2021,completed
6753,378,661.31,2024,refunded
6754,168,533.55,2021,refunded
6755,420,324.83,2022,cancelled
6756,412,73.08,2020,refunded
6757,376,445.82,2021,completed
6758,156,521.31,2021,pending
6759,50,794.15,2023,pending
6760,304,415.86,2020,cancelled
6761,102,81.44,2023,completed
6762,33,431.37,2022,refunded
6763,197,362.14,2024,refunded
6764,163,463.56,2024,refunded
6765,330,315.09,2020,completed
6766,149,880.18,2023,completed
6767,414,206.01,2023,refunded
6768,365,663.78,2022,refunded
6769,458,523.87,2021,completed
6770,493,632.22,2023,cancelled
6771,257,821.48,2023,completed
6772,490,330.45,2024,refunded
6773,292,631.23,2020,completed
6774,98,228.16,2022,completed
6775,311,527.42,2020,cancelled
6776,430,550.26,2022,cancelled
6777,460,542.85,2021,pending
6778,222,488.97,2024,cancelled
6779,145,164.81,2023,refunded
6780,411,374.35,2024,cancelled
6781,447,27.39,2022,cancelled
6782,356,559.68,2020,completed
6783,477,237.70,2021,completed
6784,294,897.77,2020,completed
6785,240,939.81,2021,completed
6786,139,757.67,2023,refunded
6787,30,564.35,2021,completed
6788,260,211.21,2020,completed
6789,290,722.22,2023,completed
6790,167,200.60,2021,completed
6791,424,860.47,2022,pending
6792,164,280.42,2022,refunded
6793,401,356.82,2024,cancelled
6794,389,782.53,2022,pending
6795,2,642.28,2021,completed
6796,98,106.27,2024,pending
6797,377,436.97,2022,completed
6798,161,440.93,2021,pending
6799,422,232.29,2020,completed
6800,441,327.17,2020,completed
6801,128,862.06,2020,pending
6802,434,506.85,2023,completed
6803,175,826.64,2024,pending
6804,469,934.16,2020,completed
6805,451,214.96,2020,cancelled
6806,172,503.63,2022,completed
6807,131,438.40,2024,refunded
6808,2,239.01,2022,completed
6809,1,206.91,2023,completed
6810,428,516.77,2022,completed
6811,260,278.30,2023,refunded
6812,288,970.67,2022,refunded
6813,122,18.87,2024,refunded
6814,383,612.66,2021,completed
6815,338,562.75,2023,completed
6816,139,27.32,2023,completed
6817,398,55.42,2022,pending
6818,421,454.45,2021,pending
6819,409,684.33,2020,pending
6820,250,44.56,2021,completed
6821,28,149.23,2022,cancelled
6822,61,775.78,2022,cancelled
6823,486,745.40,2020,refunded
6824,322,204.03,2024,completed
6825,153,395.43,2023,pending
6826,202,162.90,2023,completed
6827,489,91.95,2024,completed
6828,352,472.08,2023,pending
6829,243,274.17,2024,pending
6830,142,527.38,2024,completed
6831,70,70.08,2022,refunded
6832,457,15.62,2024,completed
6833,136,14.14,2020,refunded
6834,287,900.28,2024,refunded
6835,485,52.90,2024,refunded
6836,114,70.18,2021,completed
6837,184,781.74,2022,pending
6838,50,200.04,2020,pending
6839,433,37.05,2022,completed
6840,208,999.11,2020,completed
6841,361,363.16,2023,completed
6842,330,48.93,2021,pending
6843,452,654.78,2020,completed
6844,393,123.37,2021,cancelled
6845,340,327.03,2023,completed
6846,215,315.71,2020,pending
6847,316,544.00,2021,completed
6848,12,440.49,2023,cancelled
6849,251,842.41,2022,completed
6850,312,985.51,2024,cancelled
6851,373,932.20,2020,completed
6852,210,53.66,2023,pending
6853,288,243.91,2020,completed
6854,310,366.93,2023,pending
6855,29,697.41,2021,cancelled
6856,439,74.42,2023,refunded
6857,422,984.20,2021,completed
6858,112,30.26,2021,completed
6859,468,819.51,2022,pending
6860,423,995.70,2021,completed
6861,252,367.78,2024,refunded
6862,288,744.56,2021,refunded
6863,11,748.30,2021,cancelled
6864,248,769.59,2023,completed
6865,207,287.53,2021,completed
6866,372,471.25,2023,pending
6867,262,561.52,2024,refunded
6868,106,466.68,2024,refunded
6869,388,284.65,2023,completed
6870,299,525.73,2023,completed
6871,231,23.46,2024,completed
6872,419,112.50,2024,completed
6873,347,121.14,2023,completed
6874,241,716.28,2020,pending
6875,157,859.64,2021,refunded
6876,9,568.21,2020,pending
6877,284,163.41,2024,completed
6878,403,635.08,2023,completed
6879,317,435.40,2022,cancelled
6880,294,850.92,2022,completed
6881,256,920.09,2022,refunded
6882,137,666.50,2022,completed
6883,1,279.43,2021,completed
6884,340,156.90,2023,refunded
6885,394,972.58,2023,cancelled
6886,276,151.16,2022,completed
6887,269,90.58,2023,completed
6888,5,174.05,2020,completed
6889,65,192.49,2024,completed
6890,244,499.82,2022,refunded
6891,296,52.69,2021,pending
6892,32,116.67,2023,pending
6893,230,448.29,2022,refunded
6894,71,579.89,2022,completed
6895,381,775.63,2021,pending
6896,21,708.49,2024,pending
6897,450,458.10,2022,completed
6898,381,110.83,2021,completed
6899,429,218.69,2022,refunded
6900,256,944.42,2021,refunded
6901,285,663.74,2023,refunded
6902,431,247.05,2023,pending
6903,276,329.38,2022,completed
6904,259,459.71,2023,pending
6905,242,955.87,2023,pending
6906,154,987.11,2020,completed
6907,12,546.13,2022,completed
6908,407,956.14,2024,completed
6909,318,780.60,2020,pending
6910,91,648.02,2020,pending
6911,19,638.73,2023,refunded
6912,81,565.44,2024,refunded
6913,448,426.62,2023,completed
6914,26,498.09,2020,completed
6915,7,590.68,2021,completed
6916,491,915.92,2020,refunded
6917,101,53.45,2022,refunded
6918,483,197.21,2023,completed
6919,54,783.06,2023,cancelled
6920,472,16.12,2024,completed
6921,482,863.83,2021,completed
6922,24,998.87,2023,completed
6923,152,684.41,2021,completed
6924,207,742.93,2024,completed
6925,279,337.36,2024,cancelled
6926,205,799.60,2024,cancelled
6927,78,681.99,2022,completed
6928,443,384.90,2023,completed
6929,365,153.30,2020,pending
6930,113,194.97,2023,pending
6931,269,903.61,2022,completed
6932,224,715.56,2021,cancelled
6933,390,760.20,2023,completed
6934,455,921.58,2022,cancelled
6935,79,259.43,2020,completed
6936,387,808.23,2021,completed
6937,380,124.05,2020,refunded
6938,157,951.70,2023,completed
6939,21,817.65,2024,completed
6940,116,277.19,2024,refunded
6941,460,216.96,2020,completed
6942,138,707.76,2020,cancelled
6943,137,651.67,2022,completed
6944,15,518.73,2020,completed
6945,364,531.51,2021,completed
6946,329,696.63,2024,cancelled
6947,310,760.79,2022,refunded
6948,16,275.01,2020,pending
6949,192,815.45,2021,cancelled
6950,366,619.26,2023,pending
6951,424,989.40,2020,completed
6952,346,108.94,2022,completed
6953,403,143.52,2020,completed
6954,296,939.31,2023,cancelled
6955,399,655.93,2024,completed
6956,82,735.16,2020,pending
6957,187,567.65,2023,completed
6958,224,523.96,2024,completed
6959,317,659.13,2024,completed
6960,97,780.23,2023,completed
6961,138,765.96,2020,completed
6962,164,584.66,2023,completed
6963,66,277.74,2024,pending
6964,325,294.79,2021,completed
6965,461,244.72,2021,completed
6966,329,428.54,2023,completed
6967,286,86.31,2024,completed
6968,10,406.21,2020,completed
6969,24,887.63,2023,completed
6970,174,707.99,2020,completed
6971,496,509.98,2024,completed
6972,472,391.97,2024,cancelled
6973,280,290.71,2021,cancelled
6974,348,174.92,2024,pending
6975,148,63.62,2020,pending
6976,443,18.19,2024,pending
6977,448,558.59,2021,refunded
6978,437,221.49,2023,pending
6979,473,839.45,2021,refunded
6980,125,666.27,2021,completed
6981,69,171.34,2021,completed
6982,138,46.38,2024,pending
6983,330,333.71,2024,completed
6984,364,157.42,2023,refunded
6985,63,514.99,2022,cancelled
6986,280,174.88,2023,completed
6987,486,216.63,2024,cancelled
6988,122,252.60,2023,completed
6989,353,25.50,2024,refunded
6990,438,670.54,2023,pending
6991,384,865.90,2021,pending
6992,382,422.55,2023,completed
6993,382,686.29,2021,completed
6994,150,400.86,2024,pending
6995,123,960.54,2023,pending
6996,100,819.32,2022,cancelled
6997,180,86.27,2023,refunded
6998,410,214.53,2022,pending
6999,30,270.41,2023,completed
7000,115,181.30,2022,cancelled
7001,23,112.26,2022,refunded
7002,363,238.40,2022,completed
7003,409,945.00,2022,refunded
7004,309,708.13,2021,completed
7005,7,947.19,2022,cancelled
7006,235,235.61,2021,completed
7007,306,833.53,2020,completed
7008,126,402.90,2024,cancelled
7009,57,578.03,2020,pending
7010,481,863.08,2022,completed
7011,228,873.54,2022,cancelled
7012,73,954.35,2024,completed
7013,12,32.29,2020,refunded
7014,211,757.47,2024,completed
7015,112,848.53,2024,completed
7016,464,681.13,2024,completed
7017,296,710.74,2022,pending
7018,132,951.38,2021,completed
7019,446,495.97,2021,refunded
7020,81,285.41,2021,refunded
7021,190,275.11,2024,completed
7022,420,621.77,2023,refunded
7023,7,534.13,2023,pending
7024,430,716.27,2020,completed
7025,467,799.51,2020,completed
7026,147,247.50,2024,cancelled
7027,261,893.65,2023,refunded
7028,340,771.72,2023,refunded
7029,37,452.78,2023,completed
7030,441,55.49,2023,refunded
7031,66,619.91,2024,pending
7032,209,82.96,2020,cancelled
7033,266,596.63,2022,completed
7034,309,693.10,2021,cancelled
7035,245,262.32,2020,completed
7036,404,897.73,2022,completed
7037,305,892.71,2021,refunded
7038,51,566.36,2024,completed
7039,150,812.52,2020,cancelled
7040,273,832.27,2023,completed
7041,297,979.30,2021,cancelled
7042,486,130.30,2023,completed
7043,216,888.30,2023,completed
7044,44,137.62,2022,pending
7045,256,449.58,2022,completed
7046,164,999.87,2024,completed
7047,181,556.52,2021,completed
7048,286,813.18,2024,refunded
7049,235,50.77,2023,pending
7050,275,93.68,2022,completed
7051,48,715.22,2023,completed
7052,193,796.35,2023,pending
7053,332,312.31,2023,completed
7054,130,491.24,2020,completed
7055,469,92.63,2020,pending
7056,93,104.43,2020,completed
7057,59,229.47,2024,completed
7058,58,350.69,2023,completed
7059,189,835.73,2024,completed
7060,243,576.84,2021,pending
7061,178,583.79,2023,pending
7062,424,223.35,2021,cancelled
7063,146,579.45,2023,cancelled
7064,299,461.58,2024,refunded
7065,118,865.51,2024,cancelled
7066,97,98.17,2024,cancelled
7067,415,366.46,2021,cancelled
7068,407,965.19,2022,completed
7069,484,190.75,2022,pending
7070,340,492.55,2020,refunded
7071,108,971.52,2023,pending
7072,392,359.07,2020,refunded
7073,71,746.32,2023,cancelled
7074,252,803.24,2023,pending
7075,229,55.67,2021,completed
7076,379,38.42,2024,completed
7077,18,967.12,2023,completed
7078,75,585.71,2024,refunded
7079,12,182.03,2023,cancelled
7080,96,683.31,2020,cancelled
7081,450,147.81,2021,completed
7082,477,115.35,2021,cancelled
7083,136,902.77,2024,refunded
7084,397,654.32,2022,completed
7085,322,84.96,2020,completed
7086,183,194.81,2020,completed
7087,292,700.47,2020,refunded
7088,96,573.85,2020,refunded
7089,170,268.30,2024,cancelled
7090,329,38.93,2024,completed
7091,492,696.61,2023,completed
7092,139,95.71,2022,completed
7093,418,517.32,2021,completed
7094,289,579.74,2020,cancelled
7095,475,510.97,2024,completed
7096,420,319.61,2022,completed
7097,303,239.32,2021,completed
7098,408,205.92,2020,refunded
7099,317,838.44,2022,refunded
7100,398,223.94,2023,cancelled
7101,332,760.83,2021,cancelled
7102,373,829.52,2021,pending
7103,338,398.14,2020,cancelled
7104,262,440.64,2021,completed
7105,492,18.68,2022,refunded
7106,292,410.75,2021,refunded
7107,353,639.00,2023,refunded
7108,196,300.56,2021,cancelled
7109,446,526.03,2021,completed
7110,203,722.77,2022,refunded
7111,28,855.98,2020,completed
7112,454,517.51,2024,pending
7113,166,350.93,2020,cancelled
7114,100,960.57,2020,completed
7115,241,698.34,2020,cancelled
7116,252,490.65,2023,pending
7117,143,463.99,2020,completed
7118,322,634.43,2021,completed
7119,200,793.96,2020,completed
7120,7,976.16,2023,completed
7121,400,834.63,2024,completed
7122,248,381.19,2021,pending
7123,69,354.23,2023,cancelled
7124,123,448.25,2024,completed
7125,81,412.88,2022,completed
7126,336,681.37,2024,refunded
7127,24,633.28,2021,pending
7128,410,107.63,2020,cancelled
7129,365,238.94,2023,completed
7130,481,409.25,2023,pending
7131,11,140.82,2022,pending
7132,118,19.52,2022,pending
7133,142,550.61,2021,completed
7134,294,363.63,2022,cancelled
7135,308,834.63,2020,completed
7136,261,711.72,2022,completed
7137,216,494.73,2023,pending
7138,34,370.74,2024,completed
7139,146,151.36,2020,refunded
7140,45,613.28,2020,refunded
7141,200,81.82,2021,cancelled
7142,161,435.67,2023,pending
7143,205,981.09,2022,completed
7144,374,693.74,2022,completed
7145,99,430.60,2020,cancelled
7146,430,639.96,2021,completed
7147,73,116.32,2022,pending
7148,276,702.72,2020,refunded
7149,415,103.76,2022,refunded
7150,56,157.25,2022,pending
7151,27,473.68,2020,refunded
7152,241,766.73,2021,completed
7153,24,881.56,2024,completed
7154,429,626.28,2022,completed
7155,151,914.89,2024,completed
7156,286,268.09,2022,pending
7157,405,726.25,2022,completed
7158,12,331.43,2021,completed
7159,290,833.52,2021,completed
7160,167,529.43,2020,completed
7161,273,920.12,2020,completed
7162,297,816.96,2024,completed
7163,342,865.81,2023,pending
7164,465,91.26,2023,pending
7165,126,473.37,2021,pending
7166,39,947.54,2022,completed
7167,270,459.62,2023,completed
7168,374,527.75,2021,cancelled
7169,374,419.89,2020,completed
7170,130,767.52,2020,completed
7171,219,487.59,2023,completed
7172,228,940.24,2022,completed
7173,158,42.99,2023,completed
7174,86,742.84,2022,completed
7175,470,94.33,2023,completed
7176,24,186.53,2021,cancelled
7177,490,76.70,2022,cancelled
7178,30,225.90,2024,cancelled
7179,102,830.97,2022,cancelled
7180,296,585.91,2022,pending
7181,364,253.53,2022,cancelled
7182,381,554.99,2021,completed
7183,80,686.54,2022,completed
7184,265,758.17,2023,pending
7185,171,275.47,2024,cancelled
7186,70,476.87,2021,completed
7187,106,287.09,2024,completed
7188,132,513.78,2022,completed
7189,463,845.22,2022,cancelled
7190,411,924.43,2024,refunded
7191,452,603.95,2021,pending
7192,97,340.45,2023,completed
7193,115,732.19,2023,completed
7194,20,16.70,2021,cancelled
7195,309,517.51,2023,completed
7196,479,596.22,2024,completed
7197,21,631.93,2024,refunded
7198,415,42.35,2022,cancelled
7199,374,398.93,2020,completed
7200,383,357.19,2021,refunded
7201,313,103.71,2021,completed
7202,6,791.61,2022,cancelled
7203,414,25.29,2023,completed
7204,112,121.96,2024,refunded
7205,113,302.11,2024,completed
7206,196,248.18,2024,cancelled
7207,280,751.89,2024,completed
7208,373,78.34,2024,refunded
7209,98,223.77,2023,cancelled
7210,336,446.07,2021,completed
7211,440,482.85,2020,refunded
7212,418,73.99,2022,completed
7213,316,660.62,2021,completed
7214,12,377.97,2023,cancelled
7215,405,394.57,2024,completed
7216,351,901.25,2023,pending
7217,376,515.09,2024,cancelled
7218,339,366.60,2022,completed
7219,433,931.72,2020,cancelled
7220,1,282.69,2021,completed
7221,246,240.10,2022,refunded
7222,227,367.96,2020,completed
7223,75,929.43,2024,completed
7224,167,289.50,2021,refunded
7225,321,335.49,2021,completed
7226,83,370.74,2021,completed
7227,496,360.00,2023,completed
7228,221,124.12,2023,completed
7229,294,767.70,2022,cancelled
7230,390,570.05,2020,completed
7231,292,619.04,2021,pending
7232,7,857.46,2024,completed
7233,482,385.90,2021,refunded
7234,177,99.52,2024,cancelled
7235,152,945.50,2023,cancelled
7236,223,151.89,2021,pending
7237,189,62.11,2021,refunded
7238,233,913.58,2023,pending
7239,192,224.39,2020,refunded
7240,89,140.82,2020,completed
7241,119,870.77,2024,refunded
7242,81,819.95,2023,completed
7243,82,260.93,2021,completed
7244,13,301.46,2020,pending
7245,24,826.03,2023,cancelled
7246,73,350.76,2023,cancelled
7247,404,317.04,2020,refunded
7248,206,506.14,2020,pending
7249,137,143.79,2021,completed
7250,408,299.96,2023,cancelled
7251,259,265.90,2023,refunded
7252,407,11.06,2023,pending
7253,441,986.90,2021,cancelled
7254,300,235.18,2021,completed
7255,337,292.75,2021,completed
7256,413,916.93,2022,pending
7257,449,496.65,2022,pending
7258,318,872.88,2022,completed
7259,55,981.15,2023,pending
7260,228,966.15,2021,completed
7261,476,511.55,2023,completed
7262,50,317.01,2023,pending
7263,305,359.76,2021,pending
7264,332,665.01,2021,completed
7265,249,561.11,2023,pending
7266,219,159.01,2022,completed
7267,305,193.37,2023,completed
7268,445,778.84,2020,completed
7269,274,242.01,2024,completed
7270,425,957.09,2021,completed
7271,297,24.09,2021,completed
7272,231,633.50,2022,completed
7273,478,947.37,2022,completed
7274,168,970.79,2023,completed
7275,239,991.84,2020,completed
7276,117,511.16,2020,completed
7277,37,872.31,2023,completed
7278,263,143.34,2022,pending
7279,386,642.64,2023,completed
7280,191,222.22,2022,cancelled
7281,185,466.17,2022,completed
7282,66,509.99,2024,completed
7283,380,285.97,2024,completed
7284,7,904.07,2021,completed
7285,270,638.09,2023,completed
7286,139,788.24,2022,pending
7287,399,65.95,2022,completed
7288,131,852.10,2023,completed
7289,122,355.94,2022,completed
7290,194,284.15,2022,refunded
7291,438,454.14,2020,completed
7292,245,425.00,2024,completed
7293,355,189.06,2022,completed
7294,69,491.26,2022,completed
7295,103,787.76,2024,cancelled
7296,42,827.03,2021,cancelled
7297,210,243.38,2022,refunded
7298,366,164.37,2022,completed
7299,355,572.92,2021,pending
7300,348,22.20,2021,completed
7301,454,503.24,2021,refunded
7302,3,890.28,2022,completed
7303,312,988.97,2024,refunded
7304,83,147.46,2024,refunded
7305,225,320.55,2021,completed
7306,162,433.20,2022,refunded
7307,48,737.04,2024,cancelled
7308,294,950.40,2022,completed
7309,483,825.68,2021,pending
7310,365,699.10,2024,completed
7311,350,701.77,2020,pending
7312,143,283.42,2021,completed
7313,412,894.85,2020,completed
7314,295,148.37,2024,completed
7315,475,418.52,2020,completed
7316,123,57.72,2023,completed
7317,215,528.81,2022,completed
7318,28,121.27,2022,completed
7319,5,425.55,2023,refunded
7320,171,20.70,2024,refunded
7321,105,297.01,2024,completed
7322,315,60.34,2024,completed
7323,376,326.33,2021,completed
7324,379,84.20,2021,completed
7325,173,80.54,2023,completed
7326,157,873.83,2021,completed
7327,67,425.14,2020,completed
7328,444,298.00,2020,refunded
7329,64,535.14,2022,refunded
7330,438,887.91,2023,completed
7331,107,923.43,2022,refunded
7332,420,584.30,2020,pending
7333,419,784.39,2022,pending
7334,99,224.30,2023,cancelled
7335,498,973.87,2023,pending
7336,217,396.27,2021,completed
7337,186,862.42,2021,cancelled
7338,213,497.64,2023,completed
7339,305,744.50,2024,refunded
7340,215,49.01,2020,completed
7341,458,545.58,2021,cancelled
7342,289,952.72,2024,completed
7343,433,105.13,2022,completed
7344,279,650.48,2023,pending
7345,497,140.03,2022,refunded
7346,100,353.06,2021,completed
7347,65,136.70,2022,pending
7348,51,561.25,2021,cancelled
7349,241,152.79,2022,completed
7350,107,627.47,2022,completed
7351,175,187.08,2023,completed
7352,390,302.29,2021,completed
7353,157,894.98,2020,cancelled
7354,216,243.24,2022,refunded
7355,461,215.66,2021,completed
7356,339,278.19,2023,cancelled
7357,135,217.67,2024,cancelled
7358,60,645.32,2023,pending
7359,79,258.37,2023,cancelled
7360,439,562.91,2024,pending
7361,130,226.46,2020,completed
7362,416,684.41,2021,completed
7363,166,718.39,2021,refunded
7364,186,337.75,2021,pending
7365,295,350.08,2022,completed
7366,466,506.33,2022,completed
7367,197,761.40,2022,completed
7368,1,572.53,2020,pending
7369,346,489.26,2023,cancelled
7370,75,170.42,2024,cancelled
7371,306,383.27,2022,completed
7372,82,795.83,2020,completed
7373,474,383.87,2023,pending
7374,138,357.84,2020,refunded
7375,491,839.80,2024,completed
7376,264,116.45,2024,pending
7377,377,318.24,2021,completed
7378,337,622.41,2023,pending
7379,364,760.73,2022,pending
7380,59,943.20,2020,pending
7381,29,289.40,2020,completed
7382,380,989.77,2022,cancelled
7383,317,202.05,2020,completed
7384,174,493.14,2020,completed
7385,285,398.43,2022,cancelled
7386,56,710.93,2021,completed
7387,360,175.05,2021,completed
7388,37,56.21,2021,completed
7389,388,36.87,2021,completed
7390,423,580.34,2022,completed
7391,458,872.74,2023,completed
7392,188,482.34,2024,cancelled
7393,490,724.43,2022,cancelled
7394,299,186.53,2024,pending
7395,250,774.60,2024,cancelled
7396,337,893.31,2024,completed
7397,373,939.66,2024,pending
7398,43,236.40,2020,pending
7399,237,888.48,2022,completed
7400,66,900.84,2020,completed
7401,153,172.04,2022,completed
7402,227,559.36,2022,completed
7403,51,108.50,2021,refunded
7404,48,797.90,2023,refunded
7405,337,134.15,2023,refunded
7406,199,479.14,2023,refunded
7407,293,503.25,2022,refunded
7408,329,359.29,2024,pending
7409,115,228.04,2024,refunded
7410,257,850.28,2021,refunded
7411,194,470.48,2021,pending
7412,66,289.42,2020,cancelled
7413,452,487.38,2023,completed
7414,404,833.70,2023,completed
7415,329,954.97,2022,completed
7416,383,317.19,2023,completed
7417,449,91.54,2024,cancelled
7418,395,991.52,2021,completed
7419,362,397.77,2020,refunded
7420,428,668.65,2021,cancelled
7421,369,737.22,2024,cancelled
7422,145,973.73,2021,completed
7423,366,621.98,2022,pending
7424,50,44.63,2021,completed
7425,267,351.34,2021,completed
7426,319,533.85,2021,completed
7427,318,548.25,2022,completed
7428,244,68.38,2021,pending
7429,307,390.55,2022,cancelled
7430,56,325.74,2020,completed
7431,229,471.40,2024,pending
7432,464,847.88,2021,cancelled
7433,9,336.21,2023,completed
7434,171,487.43,2023,completed
7435,7,983.97,2024,completed
7436,475,670.40,2024,refunded
7437,436,110.62,2024,cancelled
7438,30,674.35,2020,completed
7439,167,167.66,2022,completed
7440,483,161.25,2020,refunded
7441,211,922.58,2024,completed
7442,215,678.07,2020,refunded
7443,201,356.60,2024,pending
7444,358,922.28,2023,pending
7445,341,599.31,2022,pending
7446,225,61.80,2020,completed
7447,57,580.71,2020,completed
7448,492,137.16,2021,refunded
7449,172,231.51,2021,completed
7450,362,232.40,2021,completed
7451,43,743.65,2021,completed
7452,79,464.40,2022,pending
7453,424,610.98,2021,completed
7454,473,902.79,2022,refunded
7455,260,98.98,2022,cancelled
7456,384,138.67,2022,completed
7457,226,179.01,2023,completed
7458,361,395.11,2024,completed
7459,105,819.75,2021,refunded
7460,123,154.70,2023,completed
7461,257,726.56,2024,pending
7462,138,369.15,2020,completed
7463,265,913.80,2024,completed
7464,256,587.67,2022,pending
7465,130,47.98,2024,refunded
7466,488,800.86,2024,cancelled
7467,424,475.35,2024,completed
7468,500,38.90,2024,cancelled
7469,351,226.52,2022,completed
7470,474,342.98,2023,completed
7471,136,191.86,2024,completed
7472,465,39.35,2022,pending
7473,165,813.45,2021,pending
7474,273,442.86,2022,pending
7475,210,679.59,2020,completed
7476,222,294.44,2021,pending
7477,15,590.16,2022,cancelled
7478,142,359.04,2021,completed
7479,302,543.04,2021,completed
7480,213,29.90,2022,pending
7481,442,44.05,2022,pending
7482,339,885.99,2020,pending
7483,12,779.04,2021,completed
7484,20,95.79,2020,refunded
7485,100,128.47,2024,completed
7486,243,275.90,2020,refunded
7487,348,79.16,2020,completed
7488,258,953.97,2020,cancelled
7489,11,169.75,2022,refunded
7490,214,881.33,2022,completed
7491,140,142.67,2024,pending
7492,249,547.34,2023,completed
7493,495,978.29,2024,refunded
7494,243,107.08,2022,refunded
7495,95,224.40,2020,pending
7496,463,743.44,2020,cancelled
7497,472,676.59,2020,completed
7498,342,46.17,2022,pending
7499,123,616.40,2023,cancelled
7500,99,188.82,2022,completed
7501,104,288.26,2023,pending
7502,185,62.56,2021,completed
7503,431,286.56,2022,pending
7504,228,776.53,2021,completed
7505,383,81.01,2020,completed
7506,100,961.23,2021,completed
7507,85,939.72,2022,completed
7508,461,517.51,2022,completed
7509,130,901.60,2020,pending
7510,333,198.01,2023,completed
7511,392,960.47,2020,completed
7512,193,87.26,2021,cancelled
7513,59,740.99,2024,cancelled
7514,141,880.22,2022,completed
7515,481,911.61,2021,refunded
7516,260,555.59,2021,completed
7517,26,475.12,2023,completed
7518,70,148.12,2022,cancelled
7519,75,280.58,2024,refunded
7520,200,518.54,2022,cancelled
7521,188,46.57,2023,pending
7522,352,51.10,2021,completed
7523,172,865.69,2022,completed
7524,330,969.27,2020,completed
7525,67,362.72,2024,cancelled
7526,241,863.67,2024,completed
7527,443,61.95,2024,refunded
7528,415,699.42,2020,cancelled
7529,383,782.28,2022,completed
7530,382,241.66,2021,completed
7531,201,23.57,2020,completed
7532,265,669.86,2020,cancelled
7533,27,459.94,2023,completed
7534,108,662.41,2024,completed
7535,286,990.26,2022,pending
7536,484,248.40,2020,cancelled
7537,227,773.90,2022,completed
7538,422,244.10,2023,pending
7539,445,225.55,2022,completed
7540,135,351.05,2020,refunded
7541,446,247.94,2022,completed
7542,381,448.93,2022,completed
7543,199,644.65,2024,refunded
7544,342,829.57,2020,cancelled
7545,187,380.08,2024,cancelled
7546,415,392.85,2021,cancelled
7547,351,85.28,2020,refunded
7548,141,711.88,2024,completed
7549,238,709.50,2020,cancelled
7550,359,633.42,2023,completed
7551,398,794.33,2024,completed
7552,332,584.92,2020,cancelled
7553,358,589.43,2020,completed
7554,447,279.99,2021,refunded
7555,393,334.90,2020,cancelled
7556,321,509.98,2022,refunded
7557,309,482.93,2023,completed
7558,46,335.41,2024,completed
7559,56,916.03,2022,completed
7560,445,268.51,2023,completed
7561,96,184.62,2023,completed
7562,258,200.15,2022,completed
7563,133,523.68,2023,completed
7564,79,939.74,2021,refunded
7565,130,715.77,2021,pending
7566,322,638.57,2024,completed
7567,132,362.84,2023,refunded
7568,241,899.66,2020,completed
7569,166,626.67,2020,pending
7570,22,960.22,2021,pending
7571,15,520.40,2022,completed
7572,95,184.58,2024,pending
7573,180,582.90,2023,completed
7574,497,921.01,2020,refunded
7575,454,529.46,2023,completed
7576,472,544.07,2023,pending
7577,390,426.94,2020,completed
7578,356,403.94,2023,refunded
7579,141,258.79,2024,cancelled
7580,304,808.04,2023,cancelled
7581,8,218.28,2024,refunded
7582,490,23.45,2020,refunded
7583,246,417.03,2021,cancelled
7584,69,101.36,2022,completed
7585,167,505.98,2022,completed
7586,96,405.52,2020,completed
7587,396,970.15,2020,completed
7588,390,252.07,2022,completed
7589,353,315.73,2023,pending
7590,327,879.32,2024,completed
7591,241,249.74,2021,completed
7592,388,538.19,2021,pending
7593,98,405.37,2023,completed
7594,200,624.76,2022,pending
7595,442,672.20,2023,pending
7596,276,690.26,2022,completed
7597,137,972.46,2022,pending
7598,360,16.51,2020,cancelled
7599,100,51.03,2024,cancelled
7600,401,944.00,2024,cancelled
7601,214,533.53,2024,completed
7602,157,762.10,2023,completed
7603,462,26.15,2024,pending
7604,422,494.91,2024,cancelled
7605,80,528.20,2020,completed
7606,308,539.29,2024,cancelled
7607,177,666.26,2022,completed
7608,414,73.15,2020,completed
7609,48,737.24,2022,completed
7610,439,757.68,2020,refunded
7611,468,703.00,2020,cancelled
7612,437,222.74,2020,completed
7613,180,992.91,2020,refunded
7614,375,386.34,2020,completed
7615,363,45.13,2022,completed
7616,396,35.98,2022,completed
7617,394,339.89,2023,pending
7618,49,342.12,2021,completed
7619,105,150.64,2021,refunded
7620,55,171.07,2022,pending
7621,378,829.82,2020,completed
7622,362,657.09,2024,completed
7623,198,621.16,2021,completed
7624,229,447.43,2023,completed
7625,10,853.54,2021,cancelled
7626,204,424.34,2021,pending
7627,18,436.46,2021,cancelled
7628,1,608.90,2024,cancelled
7629,462,97.43,2022,completed
7630,40,369.66,2023,pending
7631,109,575.31,2023,cancelled
7632,468,232.42,2023,completed
7633,221,309.91,2024,pending
7634,337,465.72,2022,completed
7635,69,450.48,2020,cancelled
7636,261,645.22,2023,cancelled
7637,338,944.71,2023,completed
7638,299,550.44,2023,pending
7639,275,822.55,2023,completed
7640,233,891.59,2021,completed
7641,256,154.60,2020,pending
7642,270,127.06,2021,cancelled
7643,224,717.12,2021,completed
7644,209,129.60,2022,pending
7645,246,521.48,2023,cancelled
7646,193,494.02,2021,completed
7647,203,344.13,2023,completed
7648,434,177.59,2021,pending
7649,392,151.89,2022,completed
7650,41,767.68,2021,completed
7651,208,724.16,2020,refunded
7652,500,759.03,2023,pending
7653,357,74.21,2021,completed
7654,497,662.27,2024,completed
7655,71,27.35,2024,pending
7656,466,607.77,2022,completed
7657,162,122.14,2024,refunded
7658,24,957.71,2022,cancelled
7659,272,512.35,2021,pending
7660,33,344.71,2023,completed
7661,483,472.45,2021,completed
7662,443,339.62,2023,cancelled
7663,374,388.51,2021,pending
7664,476,91.87,2022,completed
7665,14,377.09,2021,pending
7666,117,671.91,2022,cancelled
7667,128,753.21,2024,completed
7668,446,161.65,2021,cancelled
7669,332,224.46,2023,cancelled
7670,83,416.94,2020,refunded
7671,137,420.40,2020,completed
7672,13,214.62,2022,cancelled
7673,454,278.58,2024,completed
7674,228,890.27,2022,completed
7675,462,552.47,2023,completed
7676,35,395.71,2022,refunded
7677,322,963.87,2022,completed
7678,239,223.73,2021,completed
7679,405,463.85,2024,completed
7680,278,949.14,2020,cancelled
7681,10,893.70,2023,completed
7682,388,196.88,2020,completed
7683,57,861.76,2024,completed
7684,314,38.51,2020,refunded
7685,110,879.73,2023,cancelled
7686,101,356.78,2022,completed
7687,384,988.41,2023,cancelled
7688,327,337.06,2023,pending
7689,418,490.64,2022,refunded
7690,306,905.73,2023,refunded
7691,41,431.88,2023,pending
7692,487,435.07,2022,cancelled
7693,413,969.96,2022,cancelled
7694,426,495.26,2022,completed
7695,184,588.37,2020,completed
7696,203,709.14,2020,refunded
7697,198,214.73,2024,completed
7698,284,568.91,2020,completed
7699,345,665.45,2021,completed
7700,282,840.03,2020,refunded
7701,92,230.43,2022,pending
7702,331,118.51,2022,completed
7703,400,10.33,2022,completed
7704,158,525.39,2020,completed
7705,268,502.40,2022,refunded
7706,436,828.48,2020,completed
7707,72,660.06,2021,completed
7708,327,946.62,2020,completed
7709,50,68.42,2024,completed
7710,229,658.38,2020,completed
7711,78,125.29,2024,completed
7712,300,844.76,2021,pending
7713,217,613.30,2024,completed
7714,289,553.35,2021,completed
7715,149,362.31,2024,pending
7716,499,819.98,2023,refunded
7717,224,446.12,2022,completed
7718,113,915.21,2022,completed
7719,130,312.88,2024,refunded
7720,78,458.11,2021,completed
7721,268,334.08,2020,refunded
7722,439,472.85,2022,pending
7723,349,823.05,2022,pending
7724,489,688.16,2020,completed
7725,208,448.85,2021,completed
7726,425,671.92,2024,completed
7727,277,559.22,2021,refunded
7728,331,273.30,2021,completed
7729,210,594.43,2022,completed
7730,495,49.14,2020,cancelled
7731,120,106.42,2022,refunded
7732,317,221.05,2022,pending
7733,260,220.09,2024,completed
7734,4,371.74,2024,completed
7735,466,189.88,2022,completed
7736,377,714.29,2020,pending
7737,226,912.92,2023,completed
7738,106,669.19,2023,refunded
7739,157,938.91,2022,cancelled
7740,286,215.97,2020,pending
7741,460,626.31,2022,completed
7742,353,233.60,2021,pending
7743,400,206.24,2021,completed
7744,180,140.19,2024,completed
7745,417,140.94,2024,pending
7746,220,864.88,2024,cancelled
7747,303,851.64,2023,pending
7748,120,721.17,2022,pending
7749,370,454.79,2021,cancelled
7750,471,523.69,2024,refunded
7751,312,253.09,2020,refunded
7752,270,792.53,2021,completed
7753,24,936.44,2021,completed
7754,291,595.28,2022,pending
7755,242,215.79,2023,completed
7756,152,111.48,2021,completed
7757,34,208.22,2022,completed
7758,421,187.41,2024,cancelled
7759,379,374.11,2023,completed
7760,495,799.80,2024,completed
7761,180,154.05,2024,completed
7762,124,134.59,2023,completed
7763,161,781.30,2021,pending
7764,226,95.54,2024,completed
7765,154,107.86,2020,completed
7766,125,664.81,2023,completed
7767,185,726.85,2022,pending
7768,26,432.39,2021,completed
7769,293,876.72,2022,completed
7770,343,321.97,2021,pending
7771,57,637.52,2022,completed
7772,394,978.00,2021,completed
7773,416,290.44,2024,completed
7774,279,602.06,2024,completed
7775,248,972.15,2022,completed
7776,147,668.71,2020,pending
7777,486,481.55,2021,cancelled
7778,386,935.53,2020,completed
7779,471,300.65,2024,refunded
7780,18,69.79,2022,cancelled
7781,33,241.35,2024,completed
7782,158,139.58,2022,completed
7783,500,312.94,2022,completed
7784,36,938.30,2020,refunded
7785,50,365.55,2021,cancelled
7786,137,227.24,2023,cancelled
7787,437,894.25,2024,completed
7788,433,98.09,2020,completed
7789,407,636.93,2023,refunded
7790,401,875.42,2021,completed
7791,223,946.22,2020,completed
7792,103,216.72,2020,completed
7793,379,142.91,2022,refunded
7794,91,464.15,2024,completed
7795,115,52.59,2022,completed
7796,356,791.91,2024,pending
7797,166,814.97,2021,pending
7798,426,759.28,2022,cancelled
7799,8,411.94,2023,completed
7800,122,931.21,2020,completed
7801,498,261.02,2024,refunded
7802,212,611.84,2020,completed
7803,434,481.30,2020,refunded
7804,41,76.90,2024,completed
7805,385,823.71,2024,completed
7806,305,175.23,2022,completed
7807,322,217.94,2023,cancelled
7808,346,991.72,2024,completed
7809,312,24.61,2022,cancelled
7810,17,963.16,2021,pending
7811,188,926.00,2022,completed
7812,383,751.81,2024,pending
7813,174,414.54,2024,completed
7814,217,637.45,2024,completed
7815,259,871.01,2024,completed
7816,53,765.38,2020,pending
7817,294,589.72,2022,completed
7818,124,840.97,2022,cancelled
7819,344,877.81,2021,refunded
7820,492,597.57,2021,refunded
7821,5,917.31,2020,completed
7822,308,246.40,2021,pending
7823,72,628.83,2023,completed
7824,200,455.20,2023,pending
7825,87,515.38,2020,refunded
7826,271,335.29,2023,cancelled
7827,83,652.06,2020,completed
7828,33,688.37,2021,pending
7829,17,288.24,2023,cancelled
7830,418,175.98,2020,completed
7831,14,532.25,2021,pending
7832,229,537.87,2024,cancelled
7833,234,925.43,2023,completed
7834,377,770.27,2022,refunded
7835,494,324.18,2020,completed
7836,236,385.68,2023,pending
7837,52,633.47,2020,pending
7838,453,51.52,2023,completed
7839,157,219.48,2024,refunded
7840,482,879.52,2020,refunded
7841,253,767.23,2021,pending
7842,68,343.21,2023,completed
7843,435,700.74,2020,pending
7844,28,979.86,2022,completed
7845,14,701.12,2021,completed
7846,338,450.25,2024,pending
7847,121,275.55,2022,cancelled
7848,204,607.52,2021,cancelled
7849,87,810.31,2023,completed
7850,375,840.59,2022,pending
7851,85,843.05,2023,pending
7852,65,200.26,2020,cancelled
7853,475,139.14,2020,completed
7854,399,269.34,2020,pending
7855,494,62.79,2020,completed
7856,207,837.76,2021,completed
7857,370,978.25,2021,pending
7858,363,953.22,2022,completed
7859,205,24.09,2022,cancelled
7860,64,270.91,2020,refunded
7861,318,779.35,2023,cancelled
7862,412,791.97,2020,completed
7863,72,877.17,2020,pending
7864,366,288.79,2021,completed
7865,81,289.61,2024,completed
7866,493,838.63,2021,pending
7867,401,844.06,2022,pending
7868,141,278.43,2021,cancelled
7869,271,530.50,2021,refunded
7870,187,881.96,2020,completed
7871,328,172.51,2020,refunded
7872,267,465.95,2023,cancelled
7873,475,804.86,2024,completed
7874,92,108.53,2021,completed
7875,37,161.40,2022,pending
7876,63,175.43,2023,completed
7877,186,797.44,2023,pending
7878,293,315.91,2022,completed
7879,264,95.50,2020,cancelled
7880,487,513.79,2024,refunded
7881,495,727.27,2023,pending
7882,362,836.11,2024,completed
7883,21,776.58,2022,pending
7884,368,240.11,2023,completed
7885,469,917.44,2022,pending
7886,81,528.18,2020,completed
7887,100,169.15,2023,completed
7888,303,156.30,2020,completed
7889,113,305.47,2021,completed
7890,224,681.12,2024,completed
7891,495,785.15,2024,completed
7892,232,420.34,2022,completed
7893,65,507.74,2020,cancelled
7894,36,195.78,2020,pending
7895,271,944.38,2021,completed
7896,349,485.54,2024,refunded
7897,268,588.98,2024,pending
7898,474,561.79,2022,cancelled
7899,39,234.83,2020,completed
7900,383,846.65,2021,refunded
7901,115,760.14,2020,cancelled
7902,1,109.96,2021,completed
7903,273,704.02,2023,refunded
7904,437,454.78,2020,refunded
7905,471,468.95,2021,pending
7906,222,966.86,2024,completed
7907,465,243.32,2021,refunded
7908,153,692.63,2021,completed
7909,218,617.79,2021,completed
7910,280,63.34,2020,cancelled
7911,492,77.56,2020,completed
7912,7,708.96,2024,completed
7913,455,28.79,2021,completed
7914,276,14.25,2023,refunded
7915,11,666.44,2020,completed
7916,372,698.25,2023,completed
7917,5,641.50,2023,completed
7918,362,330.72,2020,cancelled
7919,201,956.21,2023,completed
7920,104,240.37,2020,completed
7921,262,420.30,2020,completed
7922,255,628.34,2022,completed
7923,313,830.87,2022,refunded
7924,303,473.41,2023,cancelled
7925,208,927.48,2022,pending
7926,133,54.01,2021,refunded
7927,200,918.24,2022,refunded
7928,208,114.14,2024,completed
7929,136,532.75,2022,completed
7930,386,811.90,2023,completed
7931,255,729.94,2020,pending
7932,311,480.51,2023,completed
7933,247,64.84,2023,refunded
7934,373,818.21,2022,refunded
7935,19,535.26,2020,completed
7936,257,329.05,2024,completed
7937,69,448.46,2022,completed
7938,423,839.67,2023,refunded
7939,13,599.49,2021,completed
7940,396,471.28,2023,completed
7941,257,601.70,2020,completed
7942,164,652.88,2023,cancelled
7943,331,386.74,2024,pending
7944,400,578.61,2022,completed
7945,115,789.18,2022,refunded
7946,482,200.82,2022,pending
7947,13,921.25,2022,completed
7948,134,988.31,2023,refunded
7949,271,863.03,2020,refunded
7950,105,753.33,2020,refunded
7951,237,649.95,2024,refunded
7952,272,152.78,2023,pending
7953,144,706.74,2020,cancelled
7954,193,408.32,2022,completed
7955,280,927.63,2022,pending
7956,150,902.14,2022,completed
7957,316,227.62,2022,completed
7958,148,146.58,2024,pending
7959,136,380.40,2020,pending
7960,424,106.18,2020,cancelled
7961,402,95.53,2023,completed
7962,302,142.64,2024,completed
7963,376,557.53,2024,completed
7964,341,370.85,2023,completed
7965,497,26.89,2024,completed
7966,74,428.65,2021,cancelled
7967,110,677.18,2021,pending
7968,81,828.66,2020,completed
7969,484,248.94,2021,completed
7970,127,925.17,2024,completed
7971,411,245.60,2021,pending
7972,190,840.48,2020,cancelled
7973,461,801.54,2021,refunded
7974,460,567.68,2021,pending
7975,29,145.86,2020,completed
7976,209,202.90,2021,cancelled
7977,200,227.19,2020,refunded
7978,155,692.04,2022,completed
7979,226,319.20,2023,completed
7980,458,413.36,2020,pending
7981,70,958.27,2023,refunded
7982,123,967.34,2021,completed
7983,274,812.66,2022,completed
7984,24,445.12,2021,completed
7985,155,596.32,2020,refunded
7986,90,546.85,2022,completed
7987,32,796.16,2021,cancelled
7988,460,427.15,2022,completed
7989,247,550.31,2023,pending
7990,1,262.30,2020,completed
7991,266,994.65,2024,refunded
7992,204,168.34,2022,completed
7993,361,15.14,2020,refunded
7994,124,69.10,2023,refunded
7995,91,485.26,2022,cancelled
7996,483,812.79,2024,completed
7997,356,893.51,2020,cancelled
7998,211,804.37,2023,cancelled
7999,446,507.90,2020,completed
8000,240,616.13,2021,completed
8001,51,975.00,2024,completed
8002,113,358.62,2021,refunded
8003,464,243.54,2023,refunded
8004,302,40.14,2021,refunded
8005,390,743.99,2024,completed
8006,268,510.17,2020,completed
8007,216,480.28,2024,completed
8008,332,163.25,2023,completed
8009,238,888.70,2020,pending
8010,175,179.63,2024,cancelled
8011,186,472.22,2023,completed
8012,372,74.65,2022,cancelled
8013,455,733.04,2020,refunded
8014,498,925.78,2024,completed
8015,89,502.84,2022,cancelled
8016,380,540.59,2021,cancelled
8017,280,540.18,2024,pending
8018,235,196.44,2020,completed
8019,34,539.96,2024,pending
8020,341,994.74,2023,completed
8021,496,150.52,2021,completed
8022,295,810.17,2021,completed
8023,497,714.82,2020,pending
8024,406,666.71,2024,refunded
8025,10,755.43,2020,completed
8026,91,883.75,2020,completed
8027,463,78.71,2022,cancelled
8028,208,887.53,2021,pending
8029,244,75.14,2021,cancelled
8030,199,102.99,2022,pending
8031,346,626.42,2024,refunded
8032,498,416.56,2023,pending
8033,229,31.29,2020,completed
8034,379,506.50,2021,refunded
8035,188,445.82,2023,pending
8036,243,70.14,2024,completed
8037,54,183.59,2024,pending
8038,317,682.76,2021,completed
8039,88,67.18,2021,cancelled
8040,267,416.52,2024,refunded
8041,480,583.74,2020,pending
8042,72,640.50,2024,completed
8043,285,567.66,2020,pending
8044,488,413.73,2023,refunded
8045,190,782.41,2020,pending
8046,57,648.25,2023,completed
8047,89,728.65,2022,refunded
8048,254,91.60,2020,completed
8049,480,234.29,2023,completed
8050,221,15.06,2021,cancelled
8051,108,322.22,2021,completed
8052,254,40.61,2023,cancelled
8053,357,773.03,2020,completed
8054,259,656.00,2020,completed
8055,333,455.70,2020,refunded
8056,413,560.76,2022,cancelled
8057,85,797.95,2022,refunded
8058,389,738.71,2020,completed
8059,92,238.11,2021,refunded
8060,216,150.43,2024,pending
8061,261,767.97,2022,completed
8062,76,866.62,2024,completed
8063,221,57.39,2021,cancelled
8064,58,294.16,2023,refunded
8065,496,982.38,2022,completed
8066,358,663.72,2024,pending
8067,394,126.46,2020,completed
8068,202,300.34,2022,completed
8069,137,985.39,2020,pending
8070,282,462.40,2022,pending
8071,314,259.78,2021,cancelled
8072,244,473.40,2023,completed
8073,100,32.17,2023,cancelled
8074,388,25.36,2021,cancelled
8075,112,103.91,2024,completed
8076,329,786.33,2021,pending
8077,140,814.26,2022,refunded
8078,269,926.56,2023,cancelled
8079,293,735.94,2024,pending
8080,175,813.97,2020,cancelled
8081,462,702.76,2022,completed
8082,377,389.20,2022,refunded
8083,368,446.55,2022,cancelled
8084,120,623.70,2024,completed
8085,270,415.72,2022,refunded
8086,380,570.62,2023,cancelled
8087,252,40.61,2023,completed
8088,306,776.34,2023,pending
8089,32,98.95,2022,cancelled
8090,269,843.43,2023,refunded
8091,277,932.75,2020,completed
8092,427,215.09,2024,pending
8093,368,166.94,2024,refunded
8094,316,571.66,2024,completed
8095,121,67.71,2023,refunded
8096,227,327.12,2023,cancelled
8097,230,101.30,2022,pending
8098,307,634.23,2023,completed
8099,160,432.67,2023,completed
8100,187,579.41,2021,refunded
8101,409,318.80,2024,completed
8102,337,871.54,2021,refunded
8103,459,343.08,2020,completed
8104,227,317.73,2023,completed
8105,90,421.18,2023,completed
8106,456,179.64,2020,completed
8107,252,818.02,2024,completed
8108,496,482.24,2020,cancelled
8109,323,417.21,2022,refunded
8110,390,251.31,2020,pending
8111,453,191.23,2023,cancelled
8112,185,116.47,2023,refunded
8113,136,841.33,2021,completed
8114,400,658.88,2020,cancelled
8115,96,843.05,2023,completed
8116,220,777.41,2020,refunded
8117,191,966.66,2022,completed
8118,221,875.65,2024,completed
8119,461,769.96,2024,completed
8120,42,162.28,2020,cancelled
8121,110,430.97,2020,completed
8122,109,935.48,2024,completed
8123,50,921.77,2021,cancelled
8124,295,616.97,2020,completed
8125,455,421.80,2023,completed
8126,374,97.10,2024,completed
8127,199,534.89,2024,refunded
8128,294,264.83,2023,completed
8129,12,832.74,2023,completed
8130,478,191.40,2020,completed
8131,67,880.28,2021,completed
8132,147,40.43,2022,completed
8133,97,463.61,2023,cancelled
8134,91,101.03,2023,completed
8135,200,475.70,2024,completed
8136,99,407.90,2021,completed
8137,8,436.77,2022,pending
8138,280,338.65,2021,completed
8139,332,69.17,2021,cancelled
8140,488,559.78,2023,completed
8141,167,122.00,2020,pending
8142,96,631.75,2023,completed
8143,491,536.32,2022,refunded
8144,336,617.72,2021,pending
8145,127,761.95,2022,refunded
8146,478,118.32,2020,pending
8147,327,564.34,2020,cancelled
8148,99,162.94,2024,completed
8149,344,530.74,2023,pending
8150,485,344.46,2024,completed
8151,404,480.09,2024,refunded
8152,369,42.14,2023,completed
8153,370,969.91,2022,completed
8154,489,956.10,2020,completed
8155,123,431.86,2022,cancelled
8156,390,622.49,2024,refunded
8157,93,76.82,2022,completed
8158,204,405.64,2021,completed
8159,228,877.34,2021,completed
8160,32,973.32,2023,completed
8161,135,618.07,2024,pending
8162,175,195.50,2024,refunded
8163,170,971.81,2023,refunded
8164,112,609.67,2023,completed
8165,481,17.53,2022,cancelled
8166,451,840.21,2021,refunded
8167,499,972.70,2022,completed
8168,292,195.24,2024,pending
8169,296,517.06,2020,completed
8170,473,897.65,2024,refunded
8171,10,56.17,2021,completed
8172,32,927.80,2024,completed
8173,71,689.87,2023,completed
8174,158,769.35,2021,refunded
8175,127,746.54,2021,pending
8176,244,969.49,2024,refunded
8177,235,384.50,2022,pending
8178,332,78.98,2024,completed
8179,422,644.56,2024,completed
8180,375,880.27,2022,completed
8181,314,975.81,2023,pending
8182,459,159.78,2021,refunded
8183,39,785.48,2021,refunded
8184,465,222.82,2024,completed
8185,329,799.49,2020,refunded
8186,317,502.39,2021,completed
8187,280,908.27,2022,completed
8188,303,256.33,2024,completed
8189,421,544.14,2024,refunded
8190,184,718.95,2020,completed
8191,250,525.37,2023,pending
8192,258,793.16,2022,completed
8193,331,970.23,2020,completed
8194,177,225.65,2022,cancelled
8195,160,626.11,2022,refunded
8196,454,279.74,2024,refunded
8197,142,273.37,2020,pending
8198,127,622.73,2023,pending
8199,111,656.39,2020,completed
8200,219,841.86,2023,completed
8201,290,684.77,2021,completed
8202,49,726.52,2023,completed
8203,166,295.92,2020,cancelled
8204,13,671.19,2023,pending
8205,175,653.41,2021,pending
8206,122,707.04,2021,completed
8207,37,652.07,2023,completed
8208,140,316.91,2020,completed
8209,464,427.53,2022,completed
8210,274,90.03,2022,completed
8211,151,569.40,2024,refunded
8212,64,740.85,2023,pending
8213,254,812.75,2024,completed
8214,489,558.29,2021,completed
8215,49,802.42,2020,refunded
8216,40,764.87,2023,completed
8217,396,653.15,2020,cancelled
8218,379,631.40,2021,completed
8219,441,936.75,2022,completed
8220,369,908.57,2022,completed
8221,378,868.40,2021,completed
8222,43,614.97,2022,pending
8223,465,642.57,2022,completed
8224,249,887.50,2024,completed
8225,106,227.78,2020,cancelled
8226,165,731.70,2021,completed
8227,414,519.07,2023,refunded
8228,462,130.00,2024,refunded
8229,314,353.85,2023,cancelled
8230,25,312.95,2020,completed
8231,338,330.57,2022,completed
8232,303,702.00,2024,pending
8233,56,221.78,2021,completed
8234,192,43.26,2020,cancelled
8235,80,439.05,2021,refunded
8236,84,679.73,2022,completed
8237,214,260.55,2021,cancelled
8238,378,415.50,2021,completed
8239,165,229.87,2022,cancelled
8240,321,563.36,2024,cancelled
8241,129,576.56,2021,completed
8242,302,255.24,2020,completed
8243,13,966.19,2023,pending
8244,186,814.13,2024,cancelled
8245,459,551.34,2023,completed
8246,46,467.74,2021,completed
8247,280,802.25,2022,completed
8248,38,40.17,2020,refunded
8249,367,481.87,2022,refunded
8250,470,229.31,2024,completed
8251,271,686.49,2022,completed
8252,195,546.28,2024,completed
8253,280,981.78,2020,completed
8254,418,859.35,2021,refunded
8255,214,447.23,2023,cancelled
8256,452,473.47,2021,refunded
8257,378,926.51,2023,pending
8258,233,146.21,2020,completed
8259,261,421.88,2024,refunded
8260,439,469.09,2021,completed
8261,396,340.06,2021,refunded
8262,14,672.29,2021,refunded
8263,332,902.68,2022,completed
8264,126,479.18,2021,refunded
8265,346,248.54,2023,refunded
8266,157,58.10,2024,refunded
8267,255,981.75,2021,completed
8268,375,431.70,2024,completed
8269,429,678.44,2023,completed
8270,36,436.23,2024,pending
8271,487,14.18,2021,cancelled
8272,92,874.09,2023,completed
8273,290,815.68,2021,pending
8274,407,704.59,2023,completed
8275,15,833.33,2023,completed
8276,41,417.90,2020,refunded
8277,396,369.73,2020,cancelled
8278,385,117.84,2023,completed
8279,497,200.77,2020,completed
8280,21,913.55,2022,completed
8281,7,651.10,2020,pending
8282,110,114.01,2024,cancelled
8283,341,692.24,2023,completed
8284,398,236.66,2023,completed
8285,457,328.31,2021,completed
8286,149,900.06,2021,pending
8287,481,551.13,2022,completed
8288,14,712.24,2023,completed
8289,279,104.07,2022,cancelled
8290,45,504.31,2021,completed
8291,85,371.88,2024,cancelled
8292,63,329.74,2020,cancelled
8293,128,116.25,2024,completed
8294,109,893.52,2020,completed
8295,131,343.57,2023,cancelled
8296,360,317.09,2020,completed
8297,12,721.69,2024,completed
8298,218,459.34,2023,completed
8299,358,364.18,2023,completed
8300,345,384.76,2024,pending
8301,176,688.78,2024,refunded
8302,412,820.28,2022,pending
8303,16,258.21,2024,completed
8304,368,560.87,2022,refunded
8305,209,69.37,2022,completed
8306,354,980.99,2022,completed
8307,200,872.49,2020,refunded
8308,112,458.22,2024,completed
8309,298,853.10,2020,cancelled
8310,28,85.39,2021,cancelled
8311,97,638.18,2021,refunded
8312,264,317.44,2022,completed
8313,278,628.02,2021,completed
8314,21,361.66,2020,completed
8315,371,618.13,2023,completed
8316,417,495.04,2023,completed
8317,162,257.43,2020,pending
8318,372,817.10,2023,completed
8319,363,961.90,2023,refunded
8320,227,80.01,2024,cancelled
8321,265,702.97,2024,completed
8322,398,856.29,2024,completed
8323,132,373.71,2021,pending
8324,21,74.33,2024,completed
8325,230,654.54,2022,refunded
8326,42,529.11,2023,cancelled
8327,369,168.45,2020,completed
8328,306,599.95,2020,completed
8329,348,972.60,2022,completed
8330,112,542.28,2021,completed
8331,78,24.22,2023,completed
8332,176,220.76,2023,pending
8333,137,813.80,2024,completed
8334,261,295.13,2021,refunded
8335,22,761.85,2020,refunded
8336,483,714.24,2021,cancelled
8337,242,740.16,2023,cancelled
8338,269,621.50,2022,completed
8339,25,45.62,2022,refunded
8340,22,817.80,2021,refunded
8341,427,847.43,2024,completed
8342,259,885.00,2020,completed
8343,114,527.86,2022,pending
8344,402,572.64,2021,completed
8345,304,194.40,2024,completed
8346,89,400.85,2021,cancelled
8347,191,601.78,2021,pending
8348,3,782.32,2020,completed
8349,253,558.61,2023,completed
8350,191,74.93,2021,completed
8351,267,157.52,2020,completed
8352,406,594.64,2023,completed
8353,416,994.69,2023,cancelled
8354,376,922.98,2021,completed
8355,113,825.17,2020,completed
8356,118,898.55,2021,cancelled
8357,457,77.01,2023,completed
8358,269,932.34,2020,completed
8359,469,596.02,2020,completed
8360,10,976.64,2020,completed
8361,103,343.89,2024,cancelled
8362,388,758.11,2024,cancelled
8363,302,264.03,2023,completed
8364,33,416.57,2020,cancelled
8365,22,316.20,2021,cancelled
8366,371,676.86,2024,cancelled
8367,144,840.29,2021,refunded
8368,186,711.37,2024,completed
8369,228,599.52,2020,pending
8370,470,626.51,2024,pending
8371,477,426.34,2022,completed
8372,395,106.87,2022,refunded
8373,207,154.58,2022,completed
8374,357,962.15,2022,pending
8375,88,510.59,2023,completed
8376,381,529.26,2020,completed
8377,449,669.16,2021,completed
8378,197,24.26,2020,refunded
8379,454,677.12,2022,cancelled
8380,497,955.06,2024,cancelled
8381,76,527.61,2023,refunded
8382,162,836.37,2022,completed
8383,453,273.03,2024,completed
8384,253,713.57,2023,completed
8385,376,449.67,2020,cancelled
8386,82,257.17,2020,cancelled
8387,289,700.64,2024,cancelled
8388,445,395.16,2023,pending
8389,385,484.15,2024,cancelled
8390,245,269.56,2020,completed
8391,3,523.87,2024,pending
8392,21,216.14,2020,completed
8393,492,668.05,2020,cancelled
8394,279,470.30,2024,completed
8395,436,77.32,2020,pending
8396,357,108.29,2022,refunded
8397,57,729.53,2020,pending
8398,78,831.52,2024,completed
8399,167,967.45,2020,pending
8400,177,193.19,2022,refunded
8401,14,381.15,2024,completed
8402,394,192.73,2023,completed
8403,35,541.58,2021,completed
8404,98,135.30,2024,pending
8405,459,728.41,2021,cancelled
8406,445,201.57,2020,cancelled
8407,341,290.87,2021,completed
8408,226,820.40,2023,completed
8409,432,775.90,2020,completed
8410,449,125.94,2023,cancelled
8411,117,670.05,2020,completed
8412,258,533.06,2020,cancelled
8413,289,256.68,2024,cancelled
8414,355,830.39,2021,refunded
8415,378,343.66,2024,completed
8416,175,89.11,2022,completed
8417,362,849.54,2022,pending
8418,50,362.28,2023,completed
8419,182,76.80,2022,refunded
8420,28,17.91,2024,completed
8421,422,45.08,2020,completed
8422,389,313.17,2023,pending
8423,374,731.50,2023,pending
8424,88,727.26,2020,completed
8425,144,757.09,2020,refunded
8426,353,930.85,2024,completed
8427,340,586.74,2023,completed
8428,68,780.60,2024,pending
8429,315,914.10,2021,pending
8430,53,55.26,2022,refunded
8431,241,720.80,2023,refunded
8432,68,465.79,2021,pending
8433,248,870.32,2024,refunded
8434,237,978.05,2024,pending
8435,255,201.05,2020,completed
8436,410,308.02,2021,completed
8437,412,493.88,2022,pending
8438,498,836.47,2021,completed
8439,322,719.22,2022,completed
8440,45,739.12,2021,pending
8441,230,419.50,2024,completed
8442,191,953.22,2024,pending
8443,370,143.56,2020,refunded
8444,287,823.69,2021,refunded
8445,182,386.64,2022,refunded
8446,205,734.24,2022,refunded
8447,416,732.06,2023,refunded
8448,359,856.79,2022,completed
8449,140,54.31,2024,completed
8450,189,207.73,2020,completed
8451,262,718.08,2023,pending
8452,201,834.83,2024,completed
8453,52,823.27,2021,cancelled
8454,229,378.19,2023,completed
8455,404,48.16,2020,refunded
8456,374,369.98,2021,cancelled
8457,490,954.47,2020,cancelled
8458,394,793.29,2024,completed
8459,217,417.78,2023,pending
8460,202,851.32,2023,completed
8461,236,430.65,2020,completed
8462,89,933.80,2022,cancelled
8463,335,536.63,2021,completed
8464,496,90.04,2022,completed
8465,498,439.40,2021,refunded
8466,313,790.59,2020,pending
8467,267,23.92,2020,refunded
8468,51,846.15,2022,refunded
8469,158,201.99,2024,pending
8470,163,334.61,2022,completed
8471,324,554.50,2023,completed
8472,434,340.45,2020,completed
8473,170,376.38,2021,refunded
8474,79,638.91,2024,completed
8475,136,681.91,2024,cancelled
8476,306,918.37,2023,refunded
8477,329,751.57,2024,completed
8478,86,543.14,2022,refunded
8479,434,58.58,2020,completed
8480,435,669.91,2024,completed
8481,70,969.64,2023,pending
8482,160,714.36,2023,refunded
8483,34,994.99,2021,completed
8484,155,99.65,2024,cancelled
8485,58,333.33,2024,cancelled
8486,329,677.32,2022,completed
8487,486,957.63,2021,refunded
8488,12,249.94,2023,completed
8489,282,662.23,2024,cancelled
8490,11,988.20,2022,pending
8491,179,716.02,2020,completed
8492,434,31.95,2021,completed
8493,139,913.06,2020,completed
8494,220,479.86,2021,completed
8495,456,930.00,2022,pending
8496,390,789.15,2021,cancelled
8497,88,81.93,2024,cancelled
8498,366,460.93,2023,completed
8499,391,95.90,2023,completed
8500,303,208.91,2021,completed
8501,444,600.42,2024,cancelled
8502,39,771.26,2020,completed
8503,338,418.63,2021,completed
8504,387,241.38,2022,completed
8505,119,181.26,2022,completed
8506,492,620.82,2023,pending
8507,410,895.93,2022,completed
8508,338,31.16,2021,cancelled
8509,166,31.87,2022,pending
8510,188,403.02,2024,cancelled
8511,438,871.75,2023,completed
8512,456,504.42,2024,completed
8513,366,671.70,2021,completed
8514,192,62.59,2022,completed
8515,40,370.84,2021,pending
8516,442,383.65,2020,completed
8517,227,845.83,2023,completed
8518,381,681.89,2024,completed
8519,5,958.37,2024,completed
8520,346,904.09,2022,pending
8521,261,532.50,2023,refunded
8522,239,525.95,2022,completed
8523,88,203.39,2020,pending
8524,55,941.58,2020,refunded
8525,242,737.08,2020,completed
8526,453,798.43,2021,cancelled
8527,204,848.06,2024,cancelled
8528,486,495.11,2020,completed
8529,267,958.28,2021,pending
8530,328,290.51,2024,completed
8531,92,427.22,2020,cancelled
8532,323,310.12,2024,completed
8533,129,266.26,2022,pending
8534,202,35.56,2021,refunded
8535,355,786.35,2023,completed
8536,198,685.70,2024,refunded
8537,161,131.07,2021,pending
8538,314,803.85,2024,pending
8539,57,709.04,2022,completed
8540,214,59.78,2020,cancelled
8541,184,895.69,2021,completed
8542,44,859.73,2020,pending
8543,364,180.44,2024,pending
8544,84,80.83,2020,completed
8545,26,711.04,2023,refunded
8546,156,476.94,2024,completed
8547,36,144.98,2021,completed
8548,437,228.12,2022,completed
8549,92,92.24,2022,refunded
8550,65,23.49,2023,refunded
8551,25,623.87,2021,pending
8552,361,378.80,2023,cancelled
8553,205,573.55,2022,completed
8554,35,805.26,2023,cancelled
8555,31,549.03,2024,pending
8556,223,682.98,2022,completed
8557,448,194.86,2020,completed
8558,322,320.76,2023,completed
8559,165,366.45,2021,completed
8560,440,64.53,2020,pending
8561,94,431.29,2022,pending
8562,478,358.78,2024,cancelled
8563,256,142.13,2023,refunded
8564,53,164.64,2021,refunded
8565,252,467.77,2020,completed
8566,418,865.51,2021,completed
8567,162,575.98,2022,completed
8568,197,603.60,2023,pending
8569,416,265.30,2020,completed
8570,361,605.58,2020,completed
8571,82,217.20,2021,completed
8572,181,714.47,2024,completed
8573,470,696.61,2021,cancelled
8574,20,580.69,2022,completed
8575,220,974.86,2024,refunded
8576,436,350.74,2021,completed
8577,184,47.67,2022,completed
8578,368,860.16,2021,completed
8579,367,908.59,2021,refunded
8580,275,236.85,2023,cancelled
8581,269,710.37,2023,completed
8582,171,262.58,2023,completed
8583,273,287.16,2024,cancelled
8584,48,670.17,2020,pending
8585,485,46.71,2020,cancelled
8586,491,438.73,2024,refunded
8587,442,93.76,2020,refunded
8588,225,714.29,2022,completed
8589,7,789.33,2021,refunded
8590,125,77.04,2020,completed
8591,138,305.94,2023,pending
8592,375,414.45,2022,completed
8593,473,789.17,2024,completed
8594,207,624.33,2021,completed
8595,481,827.03,2024,pending
8596,147,621.96,2022,completed
8597,95,183.35,2021,completed
8598,186,222.55,2024,cancelled
8599,369,125.97,2020,refunded
8600,131,517.54,2022,completed
8601,498,489.16,2024,refunded
8602,425,382.78,2022,completed
8603,247,674.26,2022,completed
8604,341,544.00,2024,completed
8605,493,863.35,2021,pending
8606,143,756.82,2024,refunded
8607,201,770.71,2021,completed
8608,270,100.84,2023,completed
8609,295,135.13,2020,cancelled
8610,261,408.48,2023,cancelled
8611,447,635.31,2024,cancelled
8612,421,944.47,2020,refunded
8613,226,711.25,2020,completed
8614,235,414.30,2024,cancelled
8615,56,778.73,2023,completed
8616,25,645.07,2023,refunded
8617,483,984.79,2024,cancelled
8618,299,191.10,2021,completed
8619,304,41.50,2020,completed
8620,473,832.57,2023,completed
8621,223,489.31,2024,completed
8622,422,975.82,2024,cancelled
8623,333,920.33,2024,refunded
8624,335,744.51,2022,refunded
8625,90,205.23,2022,completed
8626,244,36.21,2021,completed
8627,164,428.95,2022,refunded
8628,233,725.97,2020,pending
8629,115,266.17,2020,completed
8630,284,931.95,2023,cancelled
8631,368,384.73,2021,pending
8632,442,83.34,2023,completed
8633,124,574.04,2023,completed
8634,465,899.60,2024,cancelled
8635,150,495.73,2023,pending
8636,25,937.35,2023,completed
8637,360,395.96,2021,pending
8638,313,137.76,2023,completed
8639,487,603.91,2024,pending
8640,350,645.54,2022,completed
8641,91,640.68,2021,completed
8642,263,284.92,2024,completed
8643,304,706.83,2022,pending
8644,499,492.28,2021,refunded
8645,391,663.06,2022,cancelled
8646,278,81.41,2022,refunded
8647,40,284.78,2024,refunded
8648,91,241.29,2021,completed
8649,152,177.57,2020,completed
8650,368,371.66,2024,cancelled
8651,180,585.81,2022,refunded
8652,217,318.10,2022,completed
8653,230,870.23,2021,refunded
8654,475,425.64,2020,completed
8655,86,697.90,2023,pending
8656,243,31.91,2022,completed
8657,134,295.17,2021,completed
8658,7,844.71,2022,completed
8659,99,940.09,2021,completed
8660,347,448.99,2021,pending
8661,321,304.78,2021,completed
8662,263,98.62,2024,pending
8663,65,787.22,2020,cancelled
8664,177,677.22,2024,cancelled
8665,402,73.40,2022,completed
8666,118,39.11,2020,completed
8667,144,458.71,2020,pending
8668,155,430.07,2020,cancelled
8669,297,804.48,2024,completed
8670,205,431.21,2023,pending
8671,476,735.13,2024,completed
8672,1,703.96,2024,completed
8673,328,204.64,2023,cancelled
8674,357,314.39,2021,completed
8675,493,977.62,2023,completed
8676,366,572.66,2022,completed
8677,410,256.23,2020,completed
8678,474,163.53,2020,cancelled
8679,424,569.79,2024,pending
8680,11,60.90,2021,refunded
8681,240,670.20,2021,cancelled
8682,410,262.04,2023,refunded
8683,436,746.71,2020,pending
8684,60,162.66,2022,completed
8685,498,95.49,2021,completed
8686,353,297.47,2023,completed
8687,10,413.11,2021,completed
8688,342,723.93,2024,completed
8689,176,606.46,2022,completed
8690,79,90.28,2021,pending
8691,432,621.86,2020,completed
8692,292,470.07,2024,refunded
8693,178,332.35,2022,cancelled
8694,72,364.39,2024,cancelled
8695,278,745.32,2021,refunded
8696,94,474.03,2023,refunded
8697,236,351.93,2020,pending
8698,151,421.07,2023,completed
8699,478,212.51,2021,completed
8700,200,734.36,2022,refunded
8701,416,767.96,2023,completed
8702,60,142.06,2022,cancelled
8703,352,743.06,2020,completed
8704,486,157.71,2024,completed
8705,200,864.78,2024,completed
8706,64,345.33,2022,pending
8707,417,878.92,2021,completed
8708,421,620.10,2021,cancelled
8709,295,356.13,2024,completed
8710,176,176.99,2023,refunded
8711,187,127.76,2022,refunded
8712,12,892.39,2020,completed
8713,220,152.59,2021,refunded
8714,100,772.00,2020,refunded
8715,500,53.37,2020,cancelled
8716,446,482.63,2020,cancelled
8717,297,711.06,2020,pending
8718,278,242.82,2023,pending
8719,89,893.24,2021,pending
8720,382,563.12,2024,completed
8721,202,571.68,2022,refunded
8722,282,772.35,2021,completed
8723,396,567.03,2022,refunded
8724,173,907.33,2024,completed
8725,87,706.76,2020,pending
8726,490,169.30,2022,cancelled
8727,227,672.38,2020,refunded
8728,408,411.15,2022,completed
8729,277,225.08,2021,completed
8730,81,477.72,2024,cancelled
8731,25,737.51,2023,refunded
8732,4,521.21,2021,cancelled
8733,140,514.55,2021,cancelled
8734,29,662.66,2023,completed
8735,201,164.69,2022,completed
8736,205,415.41,2023,cancelled
8737,305,542.66,2024,completed
8738,94,391.21,2022,pending
8739,467,689.42,2024,completed
8740,422,939.88,2024,pending
8741,130,541.28,2022,completed
8742,111,449.67,2023,cancelled
8743,221,390.10,2020,pending
8744,212,736.97,2024,cancelled
8745,347,353.34,2024,completed
8746,247,935.46,2020,refunded
8747,436,704.37,2021,refunded
8748,248,696.80,2024,cancelled
8749,302,528.46,2021,pending
8750,288,395.29,2024,completed
8751,388,631.97,2021,completed
8752,302,692.05,2023,completed
8753,197,751.38,2024,completed
8754,226,465.57,2020,cancelled
8755,64,321.47,2020,completed
8756,15,963.41,2021,completed
8757,451,999.42,2020,completed
8758,378,708.78,2023,refunded
8759,440,43.26,2021,completed
8760,63,683.49,2021,refunded
8761,16,883.97,2022,completed
8762,359,493.65,2022,completed
8763,315,179.96,2022,cancelled
8764,160,393.01,2022,refunded
8765,246,460.10,2024,refunded
8766,226,297.26,2024,completed
8767,86,580.62,2022,refunded
8768,84,49.54,2023,completed
8769,430,196.58,2021,completed
8770,462,419.03,2021,pending
8771,263,129.27,2023,cancelled
8772,142,576.10,2022,refunded
8773,33,547.60,2024,completed
8774,153,369.47,2021,completed
8775,61,472.91,2024,pending
8776,478,737.96,2022,completed
8777,299,243.47,2021,completed
8778,327,122.32,2022,refunded
8779,377,813.42,2021,pending
8780,17,410.59,2020,completed
8781,423,395.34,2020,completed
8782,192,745.16,2023,completed
8783,157,316.78,2024,cancelled
8784,369,145.74,2020,completed
8785,179,410.28,2021,refunded
8786,353,269.57,2024,completed
8787,262,387.07,2020,completed
8788,203,552.20,2020,refunded
8789,472,147.84,2022,completed
8790,445,196.83,2023,completed
8791,289,259.42,2022,completed
8792,28,181.11,2023,completed
8793,163,424.65,2022,refunded
8794,376,690.86,2021,completed
8795,250,210.46,2023,completed
8796,459,778.33,2020,completed
8797,30,877.05,2021,completed
8798,204,294.59,2022,pending
8799,47,200.49,2022,refunded
8800,435,320.37,2022,completed
8801,303,52.93,2023,completed
8802,354,883.24,2024,pending
8803,440,996.50,2021,completed
8804,34,430.29,2024,completed
8805,394,266.96,2024,cancelled
8806,108,430.42,2022,completed
8807,111,538.61,2023,pending
8808,383,843.87,2020,completed
8809,235,495.15,2024,completed
8810,486,597.78,2022,cancelled
8811,318,637.47,2020,completed
8812,273,93.64,2022,completed
8813,113,844.91,2023,refunded
8814,422,941.95,2021,refunded
8815,298,65.95,2020,completed
8816,479,102.45,2023,refunded
8817,287,925.12,2023,completed
8818,405,632.22,2023,completed
8819,315,519.26,2021,cancelled
8820,409,992.69,2023,pending
8821,3,767.59,2022,cancelled
8822,456,782.52,2020,pending
8823,327,638.45,2020,cancelled
8824,428,400.39,2023,completed
8825,439,373.09,2020,refunded
8826,307,581.32,2020,completed
8827,149,82.69,2020,cancelled
8828,51,189.80,2022,pending
8829,31,774.54,2022,pending
8830,41,409.95,2021,completed
8831,139,877.79,2022,completed
8832,475,511.85,2020,completed
8833,281,280.89,2024,completed
8834,205,588.65,2021,pending
8835,410,481.75,2021,completed
8836,487,267.43,2024,completed
8837,160,807.39,2023,completed
8838,481,35.27,2021,cancelled
8839,402,593.79,2022,completed
8840,467,252.57,2022,refunded
8841,154,598.69,2024,completed
8842,283,38.71,2020,refunded
8843,267,390.44,2023,completed
8844,111,355.69,2022,completed
8845,277,723.44,2024,refunded
8846,326,238.75,2022,refunded
8847,219,965.04,2020,completed
8848,325,391.53,2020,pending
8849,315,476.75,2024,completed
8850,123,526.82,2023,completed
8851,227,961.19,2022,refunded
8852,275,329.92,2023,cancelled
8853,219,284.89,2021,completed
8854,184,118.36,2024,cancelled
8855,329,98.44,2022,refunded
8856,63,920.58,2021,cancelled
8857,40,142.45,2022,completed
8858,470,784.91,2021,completed
8859,470,913.85,2020,completed
8860,437,772.83,2024,cancelled
8861,324,844.92,2023,completed
8862,298,196.88,2024,completed
8863,334,890.75,2024,completed
8864,90,974.15,2020,pending
8865,186,898.42,2022,completed
8866,282,269.64,2020,completed
8867,250,954.41,2024,completed
8868,302,984.77,2023,pending
8869,477,994.55,2020,completed
8870,109,145.38,2022,completed
8871,280,859.10,2021,completed
8872,94,182.13,2023,completed
8873,195,123.31,2022,cancelled
8874,443,675.94,2024,refunded
8875,80,744.15,2023,refunded
8876,107,266.79,2020,completed
8877,441,103.31,2021,completed
8878,146,905.36,2020,completed
8879,11,760.06,2021,refunded
8880,341,401.14,2024,completed
8881,172,336.59,2022,cancelled
8882,302,920.36,2023,completed
8883,79,975.02,2021,completed
8884,203,548.07,2022,completed
8885,277,701.47,2023,refunded
8886,37,936.05,2020,pending
8887,155,773.04,2021,refunded
8888,87,758.44,2021,pending
8889,145,232.69,2023,completed
8890,22,594.72,2021,completed
8891,423,123.75,2023,refunded
8892,493,964.81,2020,pending
8893,207,903.03,2020,completed
8894,309,148.89,2020,completed
8895,182,820.78,2023,refunded
8896,416,484.82,2021,completed
8897,387,193.43,2021,pending
8898,395,967.35,2022,completed
8899,37,122.23,2020,cancelled
8900,203,639.37,2020,refunded
8901,289,975.92,2023,completed
8902,295,96.91,2021,completed
8903,38,946.29,2022,refunded
8904,34,959.64,2022,completed
8905,142,940.78,2024,pending
8906,365,791.72,2022,cancelled
8907,34,388.79,2020,refunded
8908,252,431.07,2020,completed
8909,363,640.35,2022,completed
8910,164,427.01,2023,pending
8911,61,237.51,2023,completed
8912,274,658.49,2024,refunded
8913,9,115.39,2024,completed
8914,409,37.32,2023,completed
8915,216,264.69,2020,completed
8916,149,612.56,2020,cancelled
8917,264,454.69,2022,completed
8918,175,673.81,2023,refunded
8919,258,548.52,2022,pending
8920,466,183.35,2024,completed
8921,286,502.15,2022,completed
8922,3,756.02,2022,completed
8923,460,369.02,2022,refunded
8924,477,918.40,2020,pending
8925,164,541.86,2022,completed
8926,180,234.89,2024,pending
8927,121,632.85,2021,completed
8928,343,361.78,2024,completed
8929,431,525.90,2023,pending
8930,448,536.59,2024,completed
8931,309,323.59,2020,refunded
8932,184,487.25,2022,completed
8933,391,591.79,2022,completed
8934,474,517.29,2021,completed
8935,163,542.33,2024,completed
8936,316,864.73,2020,pending
8937,82,457.29,2023,cancelled
8938,490,376.15,2024,completed
8939,39,61.17,2023,cancelled
8940,265,306.19,2023,cancelled
8941,127,309.68,2023,cancelled
8942,34,711.42,2023,completed
8943,106,492.30,2022,pending
8944,471,474.41,2022,cancelled
8945,6,807.30,2023,completed
8946,405,475.44,2022,completed
8947,372,274.68,2020,refunded
8948,27,738.27,2023,cancelled
8949,449,939.62,2021,refunded
8950,307,777.51,2020,completed
8951,55,909.69,2020,completed
8952,284,935.00,2023,cancelled
8953,101,44.85,2024,refunded
8954,163,661.29,2021,pending
8955,491,472.22,2024,completed
8956,169,409.74,2020,completed
8957,299,995.41,2024,completed
8958,46,450.35,2023,refunded
8959,498,434.10,2021,refunded
8960,350,587.34,2023,completed
8961,278,549.42,2023,completed
8962,357,426.76,2020,completed
8963,464,161.06,2023,completed
8964,412,152.06,2021,pending
8965,458,954.55,2023,completed
8966,216,44.88,2020,pending
8967,370,871.11,2022,completed
8968,434,103.66,2022,completed
8969,433,965.35,2023,refunded
8970,412,12.91,2023,completed
8971,492,937.90,2024,completed
8972,355,932.01,2023,pending
8973,10,893.86,2021,completed
8974,453,95.75,2023,pending
8975,458,727.75,2023,completed
8976,362,576.34,2021,pending
8977,221,659.83,2021,completed
8978,295,649.10,2022,pending
8979,416,369.12,2024,completed
8980,418,601.72,2024,cancelled
8981,396,674.79,2022,pending
8982,332,843.18,2020,completed
8983,441,469.90,2021,pending
8984,321,425.21,2024,completed
8985,276,149.62,2021,completed
8986,324,579.24,2024,cancelled
8987,175,99.06,2024,completed
8988,9,621.42,2020,cancelled
8989,484,382.00,2020,refunded
8990,65,68.34,2020,completed
8991,425,219.90,2022,pending
8992,360,568.07,2023,completed
8993,496,252.64,2022,cancelled
8994,162,809.69,2021,pending
8995,263,567.16,2021,completed
8996,452,404.40,2020,refunded
8997,206,645.48,2022,pending
8998,401,996.87,2020,completed
8999,198,514.08,2020,completed
9000,95,588.50,2022,cancelled
9001,161,826.72,2022,completed
9002,432,181.48,2020,refunded
9003,56,892.51,2020,completed
9004,385,391.45,2022,refunded
9005,412,985.01,2021,cancelled
9006,461,399.15,2021,completed
9007,258,754.78,2024,completed
9008,388,812.81,2022,refunded
9009,310,520.57,2020,refunded
9010,198,797.69,2023,pending
9011,474,767.56,2020,refunded
9012,335,849.83,2023,completed
9013,128,787.44,2023,cancelled
9014,432,263.23,2020,completed
9015,89,443.34,2020,completed
9016,273,775.05,2024,cancelled
9017,486,854.36,2022,cancelled
9018,204,857.58,2024,pending
9019,103,450.64,2023,refunded
9020,194,940.32,2021,cancelled
9021,482,171.58,2020,completed
9022,405,935.98,2021,completed
9023,387,984.63,2024,pending
9024,395,64.46,2022,refunded
9025,351,243.95,2020,cancelled
9026,385,184.55,2020,cancelled
9027,265,437.30,2020,completed
9028,277,325.05,2023,completed
9029,369,825.59,2020,pending
9030,140,532.36,2020,refunded
9031,475,950.89,2023,refunded
9032,405,948.80,2024,completed
9033,404,176.76,2022,cancelled
9034,285,915.00,2023,cancelled
9035,201,426.73,2023,completed
9036,434,991.43,2021,refunded
9037,497,639.37,2024,pending
9038,288,845.66,2020,completed
9039,374,65.55,2020,cancelled
9040,69,194.94,2020,completed
9041,363,391.97,2024,refunded
9042,349,250.73,2021,cancelled
9043,201,86.62,2022,pending
9044,329,799.09,2022,cancelled
9045,464,653.92,2023,cancelled
9046,223,721.22,2020,refunded
9047,93,569.23,2024,completed
9048,324,454.01,2024,refunded
9049,21,258.20,2022,cancelled
9050,321,659.51,2022,completed
9051,125,860.91,2024,cancelled
9052,424,236.21,2022,refunded
9053,214,442.08,2020,completed
9054,111,359.35,2020,cancelled
9055,8,319.58,2024,completed
9056,86,218.23,2023,cancelled
9057,199,165.47,2020,refunded
9058,120,757.81,2021,pending
9059,12,835.92,2020,cancelled
9060,404,449.55,2020,cancelled
9061,364,555.09,2022,completed
9062,154,590.57,2023,pending
9063,236,419.12,2023,refunded
9064,390,817.38,2024,cancelled
9065,400,614.77,2024,completed
9066,214,60.39,2021,pending
9067,93,873.49,2023,completed
9068,50,114.52,2020,cancelled
9069,325,661.44,2021,completed
9070,279,16.46,2024,pending
9071,333,488.79,2022,completed
9072,341,329.91,2020,refunded
9073,224,742.93,2022,completed
9074,281,505.35,2022,refunded
9075,390,89.32,2021,completed
9076,453,720.23,2021,pending
9077,456,417.26,2023,completed
9078,44,298.61,2023,refunded
9079,236,145.66,2023,refunded
9080,273,85.62,2022,completed
9081,387,778.78,2020,completed
9082,224,550.71,2020,completed
9083,195,327.21,2022,completed
9084,420,115.76,2023,completed
9085,157,474.41,2023,pending
9086,285,725.35,2020,cancelled
9087,162,263.20,2021,cancelled
9088,330,239.28,2020,completed
9089,421,25.87,2020,completed
9090,392,448.19,2022,completed
9091,366,150.73,2022,refunded
9092,259,612.39,2024,completed
9093,33,669.75,2024,pending
9094,63,383.04,2024,cancelled
9095,406,282.61,2020,pending
9096,249,358.60,2024,completed
9097,379,791.13,2023,completed
9098,250,248.84,2023,cancelled
9099,313,974.99,2021,cancelled
9100,429,131.39,2022,refunded
9101,166,204.01,2021,pending
9102,339,633.01,2022,cancelled
9103,387,794.83,2023,completed
9104,123,353.28,2023,completed
9105,483,993.15,2020,cancelled
9106,238,804.73,2022,completed
9107,129,961.98,2021,refunded
9108,58,685.34,2020,completed
9109,441,161.30,2024,completed
9110,481,233.27,2021,completed
9111,197,572.59,2022,completed
9112,351,15.28,2020,completed
9113,19,448.06,2022,pending
9114,36,971.17,2020,refunded
9115,318,559.97,2021,cancelled
9116,88,133.17,2023,completed
9117,419,337.75,2023,refunded
9118,437,750.51,2022,refunded
9119,134,538.97,2020,completed
9120,269,295.12,2024,completed
9121,478,679.46,2023,completed
9122,449,772.70,2023,completed
9123,195,753.92,2021,completed
9124,12,728.67,2020,pending
9125,68,808.47,2022,refunded
9126,60,912.15,2020,completed
9127,181,705.45,2020,completed
9128,359,89.34,2022,pending
9129,409,939.19,2021,cancelled
9130,25,19.14,2024,completed
9131,171,572.69,2020,refunded
9132,306,436.71,2020,completed
9133,127,475.25,2023,completed
9134,38,843.04,2023,completed
9135,460,737.17,2020,completed
9136,182,427.86,2022,refunded
9137,354,902.27,2024,cancelled
9138,86,697.81,2023,completed
9139,225,452.58,2023,completed
9140,114,926.60,2023,refunded
9141,45,698.57,2021,refunded
9142,367,870.28,2023,pending
9143,108,152.72,2020,pending
9144,403,499.12,2023,completed
9145,229,258.87,2023,cancelled
9146,53,99.62,2021,pending
9147,274,71.27,2024,cancelled
9148,327,18.95,2021,completed
9149,228,986.30,2021,refunded
9150,413,980.46,2023,refunded
9151,121,497.88,2023,completed
9152,178,886.17,2020,completed
9153,275,170.61,2020,completed
9154,341,957.30,2021,refunded
9155,140,551.67,2021,cancelled
9156,55,204.72,2020,cancelled
9157,438,313.36,2020,completed
9158,489,971.09,2024,completed
9159,151,764.64,2024,completed
9160,199,415.80,2022,completed
9161,117,417.35,2021,completed
9162,65,302.11,2023,completed
9163,144,975.71,2022,completed
9164,419,787.09,2022,completed
9165,202,400.20,2024,completed
9166,44,546.84,2021,completed
9167,118,513.18,2023,completed
9168,438,961.75,2023,pending
9169,237,328.14,2022,completed
9170,18,361.79,2021,completed
9171,2,998.89,2021,completed
9172,188,417.76,2024,cancelled
9173,418,639.61,2024,pending
9174,327,986.85,2020,pending
9175,487,127.44,2024,completed
9176,293,57.75,2024,pending
9177,212,82.49,2024,pending
9178,359,110.73,2021,completed
9179,18,955.95,2022,cancelled
9180,276,741.68,2022,cancelled
9181,490,799.35,2024,cancelled
9182,422,192.00,2020,pending
9183,18,287.38,2023,cancelled
9184,82,143.21,2022,completed
9185,254,633.38,2024,cancelled
9186,22,695.47,2021,completed
9187,138,883.60,2022,pending
9188,490,466.40,2023,completed
9189,37,423.14,2020,completed
9190,186,869.84,2020,completed
9191,342,762.83,2022,completed
9192,469,920.15,2024,completed
9193,94,97.15,2024,refunded
9194,303,632.67,2022,completed
9195,45,235.36,2020,completed
9196,129,436.00,2021,cancelled
9197,225,98.80,2022,completed
9198,111,975.07,2022,refunded
9199,169,718.63,2021,completed
9200,17,262.97,2020,completed
9201,52,614.03,2024,completed
9202,299,789.01,2022,completed
9203,498,892.56,2020,cancelled
9204,411,33.52,2021,refunded
9205,253,39.38,2023,cancelled
9206,24,990.87,2024,cancelled
9207,403,386.19,2022,pending
9208,159,106.61,2021,cancelled
9209,16,236.62,2022,completed
9210,252,907.39,2021,refunded
9211,157,902.25,2022,completed
9212,98,150.32,2023,cancelled
9213,257,741.00,2023,completed
9214,493,172.40,2021,pending
9215,153,222.40,2020,cancelled
9216,329,425.30,2024,pending
9217,219,217.71,2024,refunded
9218,41,297.97,2020,refunded
9219,276,23.90,2021,pending
9220,402,77.53,2023,refunded
9221,200,771.89,2023,completed
9222,222,810.83,2021,refunded
9223,367,685.65,2024,refunded
9224,23,324.41,2022,completed
9225,314,798.43,2020,cancelled
9226,459,347.75,2021,pending
9227,213,730.61,2021,cancelled
9228,360,491.28,2023,cancelled
9229,266,931.55,2020,completed
9230,83,160.02,2022,completed
9231,453,352.62,2021,refunded
9232,194,787.80,2023,pending
9233,171,413.86,2021,completed
9234,475,296.85,2023,completed
9235,267,282.19,2021,pending
9236,72,385.19,2022,cancelled
9237,446,345.45,2024,pending
9238,418,937.69,2023,completed
9239,8,599.31,2024,completed
9240,436,634.98,2020,pending
9241,351,21.15,2023,completed
9242,194,391.23,2020,pending
9243,414,724.90,2020,pending
9244,171,887.06,2021,completed
9245,289,94.22,2021,completed
9246,380,592.35,2024,refunded
9247,26,63.06,2024,completed
9248,223,399.56,2020,completed
9249,78,610.57,2020,refunded
9250,441,619.75,2022,completed
9251,287,403.45,2022,cancelled
9252,59,528.19,2021,refunded
9253,355,900.72,2023,cancelled
9254,64,761.79,2021,cancelled
9255,368,671.18,2024,completed
9256,291,53.85,2020,pending
9257,385,936.33,2024,pending
9258,214,471.68,2024,cancelled
9259,354,856.03,2021,cancelled
9260,291,283.84,2020,pending
9261,1,961.39,2020,completed
9262,115,695.87,2020,refunded
9263,262,294.67,2020,refunded
9264,214,68.22,2020,refunded
9265,149,669.45,2022,pending
9266,253,71.50,2020,completed
9267,316,616.48,2021,completed
9268,357,14.49,2024,cancelled
9269,123,614.03,2023,refunded
9270,284,64.35,2024,cancelled
9271,16,544.76,2023,completed
9272,39,995.28,2021,completed
9273,223,735.50,2022,cancelled
9274,214,124.38,2021,cancelled
9275,314,689.24,2021,completed
9276,347,905.86,2022,cancelled
9277,296,367.34,2023,pending
9278,436,544.31,2021,completed
9279,207,53.30,2024,completed
9280,252,879.44,2022,pending
9281,162,969.93,2024,cancelled
9282,499,215.36,2021,pending
9283,430,177.53,2022,refunded
9284,149,21.97,2023,completed
9285,172,627.42,2020,pending
9286,29,442.21,2020,completed
9287,289,945.46,2020,completed
9288,175,660.79,2020,pending
9289,278,602.76,2022,cancelled
9290,236,480.50,2021,completed
9291,326,622.09,2024,completed
9292,210,905.45,2022,cancelled
9293,138,504.38,2021,completed
9294,421,788.84,2023,cancelled
9295,270,974.81,2022,cancelled
9296,355,826.04,2020,completed
9297,126,384.32,2022,completed
9298,362,668.02,2024,refunded
9299,327,954.64,2021,completed
9300,431,658.07,2021,completed
9301,441,991.67,2022,refunded
9302,26,929.59,2020,refunded
9303,11,568.29,2023,cancelled
9304,390,784.61,2023,refunded
9305,204,164.84,2023,completed
9306,43,635.84,2021,completed
9307,179,668.03,2021,completed
9308,499,122.34,2022,pending
9309,220,75.03,2024,cancelled
9310,488,49.20,2021,completed
9311,35,755.02,2021,completed
9312,414,962.24,2021,refunded
9313,65,499.80,2022,completed
9314,90,832.67,2022,refunded
9315,104,124.87,2020,refunded
9316,215,808.98,2024,completed
9317,429,197.07,2022,cancelled
9318,70,183.57,2024,pending
9319,292,38.09,2022,cancelled
9320,64,253.26,2024,completed
9321,160,288.56,2023,completed
9322,221,75.60,2020,completed
9323,231,746.52,2022,completed
9324,416,348.46,2020,refunded
9325,455,266.16,2022,completed
9326,66,786.03,2024,completed
9327,424,321.10,2024,completed
9328,483,726.20,2022,completed
9329,465,684.32,2024,completed
9330,58,249.36,2024,refunded
9331,269,118.42,2020,completed
9332,51,608.47,2022,completed
9333,403,329.20,2020,cancelled
9334,111,67.81,2024,completed
9335,462,586.62,2023,completed
9336,408,976.23,2022,pending
9337,488,124.54,2023,cancelled
9338,284,357.00,2020,completed
9339,336,324.80,2024,refunded
9340,317,223.60,2022,pending
9341,319,105.66,2024,cancelled
9342,190,423.29,2022,cancelled
9343,480,415.57,2023,completed
9344,299,247.38,2021,completed
9345,415,592.76,2021,pending
9346,399,138.80,2021,pending
9347,306,946.54,2023,cancelled
9348,486,80.99,2023,pending
9349,350,966.38,2024,completed
9350,141,511.12,2021,pending
9351,383,618.50,2022,cancelled
9352,311,330.74,2024,cancelled
9353,401,413.60,2020,completed
9354,86,833.43,2022,completed
9355,355,476.50,2020,completed
9356,391,765.03,2024,completed
9357,75,760.26,2021,cancelled
9358,307,295.20,2023,cancelled
9359,7,92.36,2022,completed
9360,416,138.38,2023,completed
9361,246,156.68,2024,refunded
9362,181,895.22,2020,refunded
9363,257,134.30,2024,completed
9364,257,527.73,2022,completed
9365,210,165.61,2024,pending
9366,435,238.36,2021,completed
9367,230,15.60,2024,cancelled
9368,81,90.61,2023,pending
9369,255,309.74,2021,completed
9370,218,593.39,2020,cancelled
9371,147,452.25,2020,completed
9372,491,426.46,2020,completed
9373,244,395.92,2022,completed
9374,400,333.98,2021,refunded
9375,335,903.45,2020,completed
9376,345,39.36,2021,pending
9377,46,746.80,2024,cancelled
9378,137,731.21,2023,pending
9379,2,779.91,2022,completed
9380,87,846.63,2024,cancelled
9381,443,992.13,2023,pending
9382,327,286.47,2021,completed
9383,330,857.91,2024,cancelled
9384,483,20.79,2020,completed
9385,52,762.20,2022,refunded
9386,427,406.90,2024,cancelled
9387,52,661.79,2024,refunded
9388,63,645.46,2023,completed
9389,445,889.53,2023,cancelled
9390,237,964.39,2022,completed
9391,493,684.86,2020,refunded
9392,231,266.55,2022,cancelled
9393,260,598.01,2023,completed
9394,419,257.13,2020,completed
9395,98,117.67,2022,cancelled
9396,350,202.46,2022,pending
9397,327,173.93,2022,pending
9398,304,309.42,2024,completed
9399,459,554.06,2020,completed
9400,230,172.47,2020,pending
9401,282,137.33,2021,cancelled
9402,72,22.43,2020,refunded
9403,357,856.32,2021,completed
9404,279,750.49,2021,cancelled
9405,469,65.05,2021,completed
9406,144,12.12,2024,refunded
9407,263,437.11,2020,completed
9408,204,557.95,2024,completed
9409,183,686.24,2022,pending
9410,325,973.36,2021,completed
9411,8,194.71,2020,completed
9412,362,715.56,2023,cancelled
9413,95,617.95,2024,completed
9414,473,822.17,2022,completed
9415,292,65.72,2021,pending
9416,72,189.54,2020,refunded
9417,361,417.10,2023,pending
9418,493,803.04,2022,pending
9419,292,550.99,2020,pending
9420,340,773.41,2020,pending
9421,202,603.68,2024,pending
9422,394,751.20,2021,completed
9423,193,941.61,2021,completed
9424,219,160.85,2024,completed
9425,58,310.62,2023,completed
9426,172,829.70,2023,pending
9427,368,190.16,2021,completed
9428,98,601.05,2022,cancelled
9429,424,303.31,2022,refunded
9430,299,244.73,2022,cancelled
9431,144,442.66,2023,completed
9432,62,426.33,2024,pending
9433,225,952.52,2024,pending
9434,65,890.26,2023,completed
9435,381,754.08,2022,pending
9436,70,75.40,2020,pending
9437,70,193.27,2021,completed
9438,404,442.51,2022,completed
9439,187,649.85,2023,completed
9440,106,265.33,2023,cancelled
9441,63,734.39,2023,completed
9442,323,681.43,2023,cancelled
9443,91,62.25,2024,pending
9444,356,182.88,2022,cancelled
9445,260,605.01,2022,completed
9446,186,994.14,2022,pending
9447,113,835.69,2024,pending
9448,70,264.03,2022,completed
9449,59,255.60,2021,completed
9450,15,638.03,2023,cancelled
9451,140,475.87,2022,completed
9452,258,885.93,2022,cancelled
9453,190,909.76,2020,pending
9454,248,719.67,2021,cancelled
9455,496,764.15,2021,refunded
9456,294,442.80,2023,pending
9457,411,834.77,2020,pending
9458,75,609.68,2021,completed
9459,482,474.01,2024,refunded
9460,405,936.33,2023,completed
9461,107,13.21,2024,completed
9462,323,780.16,2023,pending
9463,32,596.71,2021,refunded
9464,381,421.70,2022,cancelled
9465,344,131.14,2024,completed
9466,100,590.72,2022,completed
9467,494,604.70,2022,completed
9468,345,927.82,2023,completed
9469,169,177.96,2024,completed
9470,414,600.45,2021,pending
9471,241,258.34,2024,refunded
9472,56,904.70,2023,pending
9473,124,251.35,2021,refunded
9474,299,359.48,2020,completed
9475,312,846.52,2022,completed
9476,111,27.32,2023,completed
9477,391,119.38,2021,refunded
9478,202,528.21,2020,cancelled
9479,190,41.34,2020,refunded
9480,343,493.90,2024,refunded
9481,29,314.47,2023,completed
9482,248,180.00,2020,completed
9483,99,468.44,2021,completed
9484,361,791.23,2023,refunded
9485,80,464.61,2023,cancelled
9486,22,169.78,2022,completed
9487,57,45.58,2024,pending
9488,214,755.40,2020,completed
9489,157,353.72,2024,completed
9490,447,650.75,2022,cancelled
9491,41,656.34,2020,completed
9492,442,664.23,2024,cancelled
9493,402,16.26,2022,completed
9494,401,843.41,2020,completed
9495,181,166.33,2021,completed
9496,32,29.35,2023,completed
9497,105,969.67,2020,cancelled
9498,471,859.87,2024,completed
9499,62,58.06,2023,pending
9500,257,746.41,2022,completed
9501,341,832.07,2024,completed
9502,493,363.68,2020,refunded
9503,82,948.11,2024,completed
9504,186,576.92,2023,completed
9505,279,642.15,2021,cancelled
9506,199,768.82,2024,cancelled
9507,14,243.86,2024,completed
9508,352,987.36,2021,refunded
9509,391,986.13,2021,pending
9510,410,459.03,2024,completed
9511,459,33.68,2020,cancelled
9512,326,262.29,2023,completed
9513,386,910.18,2022,refunded
9514,56,298.07,2021,completed
9515,273,584.10,2022,completed
9516,483,236.58,2022,cancelled
9517,85,47.78,2020,pending
9518,102,223.65,2020,cancelled
9519,431,191.18,2022,completed
9520,376,356.53,2022,completed
9521,43,279.46,2022,completed
9522,400,257.67,2023,refunded
9523,149,72.84,2023,pending
9524,74,82.30,2023,completed
9525,160,575.31,2022,pending
9526,351,462.25,2023,cancelled
9527,89,53.95,2020,completed
9528,264,758.48,2024,pending
9529,330,809.14,2023,refunded
9530,37,973.32,2022,completed
9531,291,70.50,2023,cancelled
9532,324,949.86,2023,completed
9533,409,768.40,2020,cancelled
9534,114,585.91,2020,pending
9535,127,558.55,2023,pending
9536,229,942.02,2022,cancelled
9537,87,543.68,2021,pending
9538,277,804.92,2020,cancelled
9539,230,999.68,2020,pending
9540,337,522.40,2023,completed
9541,466,133.41,2021,completed
9542,123,398.84,2021,cancelled
9543,36,154.29,2022,pending
9544,66,153.49,2022,pending
9545,368,793.90,2021,pending
9546,458,445.85,2023,pending
9547,434,26.44,2022,completed
9548,293,395.85,2023,cancelled
9549,372,224.41,2020,completed
9550,434,199.69,2023,refunded
9551,269,291.40,2024,cancelled
9552,340,944.42,2021,completed
9553,239,535.62,2021,refunded
9554,389,538.39,2023,completed
9555,344,778.18,2021,cancelled
9556,426,561.07,2022,completed
9557,120,244.74,2021,pending
9558,414,151.74,2024,pending
9559,452,134.23,2023,pending
9560,41,543.05,2022,refunded
9561,140,132.69,2024,completed
9562,228,17.15,2022,completed
9563,473,289.91,2024,completed
9564,334,252.42,2020,completed
9565,360,583.18,2024,cancelled
9566,370,967.39,2022,completed
9567,409,423.21,2023,completed
9568,252,439.39,2020,refunded
9569,13,474.60,2023,refunded
9570,294,840.25,2021,completed
9571,380,357.99,2021,refunded
9572,422,176.66,2020,pending
9573,40,919.84,2024,cancelled
9574,409,134.13,2023,completed
9575,171,244.14,2024,cancelled
9576,28,493.69,2024,pending
9577,192,859.64,2024,cancelled
9578,316,740.22,2024,completed
9579,278,627.29,2022,refunded
9580,63,454.40,2022,completed
9581,413,307.20,2021,cancelled
9582,477,31.70,2020,cancelled
9583,359,467.14,2024,cancelled
9584,248,343.93,2022,completed
9585,275,944.16,2023,completed
9586,275,861.16,2024,completed
9587,305,183.23,2021,completed
9588,343,116.39,2022,completed
9589,348,773.85,2022,completed
9590,308,640.32,2020,completed
9591,316,495.01,2022,completed
9592,477,117.59,2021,completed
9593,238,821.95,2024,completed
9594,126,860.16,2023,completed
9595,418,495.77,2023,completed
9596,18,842.27,2022,completed
9597,86,189.23,2024,completed
9598,481,985.97,2023,completed
9599,55,374.48,2020,cancelled
9600,458,204.07,2022,completed
9601,62,323.74,2024,completed
9602,180,471.01,2023,refunded
9603,425,575.37,2023,refunded
9604,476,61.48,2021,refunded
9605,39,278.31,2023,cancelled
9606,214,505.63,2023,completed
9607,315,610.69,2023,refunded
9608,57,918.64,2020,refunded
9609,373,37.78,2020,pending
9610,113,202.49,2021,refunded
9611,67,311.51,2023,cancelled
9612,465,716.90,2020,cancelled
9613,65,510.70,2021,completed
9614,341,808.18,2020,completed
9615,276,930.86,2023,completed
9616,114,39.99,2024,refunded
9617,417,146.58,2022,cancelled
9618,408,512.04,2024,refunded
9619,326,234.42,2020,completed
9620,60,761.08,2022,refunded
9621,248,380.38,2024,completed
9622,330,181.45,2020,cancelled
9623,378,12.94,2022,completed
9624,299,31.98,2024,completed
9625,453,258.00,2022,completed
9626,389,460.73,2021,cancelled
9627,242,490.95,2023,cancelled
9628,215,890.98,2022,completed
9629,97,405.94,2024,completed
9630,373,443.71,2020,cancelled
9631,11,353.67,2021,completed
9632,112,466.47,2023,pending
9633,137,627.96,2024,pending
9634,140,236.47,2022,cancelled
9635,438,222.07,2023,completed
9636,25,310.69,2021,completed
9637,261,200.75,2023,cancelled
9638,372,288.81,2023,completed
9639,99,833.51,2022,pending
9640,395,170.08,2022,completed
9641,73,281.74,2020,completed
9642,200,99.44,2022,completed
9643,480,863.41,2023,cancelled
9644,25,510.16,2023,completed
9645,123,952.20,2024,refunded
9646,496,127.63,2023,completed
9647,482,904.07,2022,completed
9648,340,352.73,2024,pending
9649,172,408.99,2022,refunded
9650,308,954.98,2023,pending
9651,427,48.06,2024,cancelled
9652,377,407.97,2023,completed
9653,375,129.22,2024,refunded
9654,306,635.77,2021,pending
9655,229,340.82,2021,refunded
9656,28,970.38,2022,completed
9657,458,486.44,2021,cancelled
9658,125,927.51,2021,completed
9659,150,904.93,2024,pending
9660,3,685.98,2021,pending
9661,182,999.15,2021,pending
9662,344,478.89,2024,refunded
9663,104,484.70,2024,completed
9664,403,887.75,2020,completed
9665,99,493.72,2024,completed
9666,22,590.13,2022,refunded
9667,367,995.35,2023,completed
9668,158,238.12,2022,cancelled
9669,349,131.13,2022,completed
9670,25,686.11,2020,completed
9671,329,819.79,2023,completed
9672,327,207.79,2020,cancelled
9673,432,426.42,2024,completed
9674,243,742.14,2023,cancelled
9675,221,947.40,2020,completed
9676,131,946.91,2024,cancelled
9677,378,962.84,2020,completed
9678,367,304.67,2023,pending
9679,292,775.56,2023,pending
9680,377,577.65,2022,pending
9681,188,465.60,2023,refunded
9682,331,713.72,2020,completed
9683,497,742.51,2023,refunded
9684,80,164.60,2022,pending
9685,420,910.03,2021,completed
9686,270,604.51,2023,pending
9687,367,484.25,2022,refunded
9688,457,296.29,2022,completed
9689,280,925.37,2020,completed
9690,12,234.17,2021,completed
9691,32,821.46,2021,completed
9692,290,251.64,2021,pending
9693,455,72.73,2021,cancelled
9694,142,506.80,2024,cancelled
9695,190,928.20,2020,refunded
9696,127,897.96,2023,completed
9697,288,609.43,2022,refunded
9698,83,281.78,2021,completed
9699,244,813.10,2020,refunded
9700,185,131.02,2023,pending
9701,495,464.29,2024,cancelled
9702,171,315.05,2022,pending
9703,119,944.82,2020,completed
9704,130,115.85,2023,refunded
9705,133,700.56,2023,completed
9706,227,685.18,2022,completed
9707,32,344.42,2021,completed
9708,493,571.10,2023,pending
9709,282,28.55,2022,refunded
9710,23,207.37,2021,completed
9711,152,628.29,2024,completed
9712,264,345.04,2020,refunded
9713,231,825.91,2021,completed
9714,219,109.60,2024,refunded
9715,138,549.15,2020,completed
9716,3,270.89,2020,pending
9717,324,49.50,2022,pending
9718,325,219.37,2024,completed
9719,212,578.92,2022,refunded
9720,417,446.27,2024,completed
9721,242,439.08,2022,pending
9722,24,635.02,2022,pending
9723,346,567.69,2022,pending
9724,343,137.53,2023,completed
9725,429,259.23,2022,completed
9726,190,883.37,2024,completed
9727,418,17.39,2021,refunded
9728,307,273.27,2022,cancelled
9729,7,869.22,2024,completed
9730,82,662.99,2022,completed
9731,317,365.80,2020,completed
9732,83,228.34,2024,pending
9733,198,301.96,2024,pending
9734,80,722.69,2022,completed
9735,222,896.65,2023,refunded
9736,132,317.36,2021,refunded
9737,498,405.63,2021,completed
9738,269,866.57,2024,completed
9739,346,400.74,2023,completed
9740,170,451.48,2024,refunded
9741,262,937.35,2020,cancelled
9742,351,743.59,2020,cancelled
9743,193,223.75,2021,completed
9744,15,122.64,2023,completed
9745,212,680.27,2022,pending
9746,67,438.98,2020,cancelled
9747,368,861.91,2023,cancelled
9748,484,54.00,2023,pending
9749,8,884.99,2023,completed
9750,233,532.44,2020,refunded
9751,495,103.21,2020,refunded
9752,120,462.84,2020,pending
9753,68,127.94,2023,refunded
9754,363,970.49,2020,refunded
9755,251,13.23,2020,completed
9756,477,442.96,2020,refunded
9757,444,804.42,2024,cancelled
9758,104,860.18,2024,pending
9759,68,957.14,2022,completed
9760,166,496.43,2021,refunded
9761,476,445.43,2021,completed
9762,93,36.88,2023,pending
9763,279,874.38,2020,cancelled
9764,311,826.09,2022,completed
9765,344,904.75,2022,pending
9766,448,209.48,2021,completed
9767,53,663.26,2023,completed
9768,194,822.99,2024,completed
9769,156,410.93,2023,refunded
9770,290,741.41,2021,pending
9771,161,408.04,2021,refunded
9772,285,743.39,2024,cancelled
9773,493,184.78,2022,pending
9774,351,445.26,2023,completed
9775,37,536.60,2022,pending
9776,225,152.37,2020,pending
9777,163,652.51,2024,refunded
9778,142,106.93,2022,cancelled
9779,178,384.54,2023,refunded
9780,454,195.22,2022,completed
9781,48,606.16,2024,refunded
9782,155,192.24,2021,cancelled
9783,176,346.70,2021,refunded
9784,5,200.36,2022,completed
9785,125,838.47,2021,cancelled
9786,421,592.20,2021,completed
9787,447,550.52,2022,refunded
9788,403,881.57,2022,pending
9789,403,911.14,2023,refunded
9790,155,858.04,2021,pending
9791,285,15.16,2021,completed
9792,444,319.53,2022,pending
9793,260,268.41,2020,completed
9794,474,614.84,2022,completed
9795,150,766.51,2022,refunded
9796,183,726.44,2021,cancelled
9797,55,900.69,2020,refunded
9798,6,784.79,2024,pending
9799,417,227.31,2020,pending
9800,474,954.95,2024,completed
9801,479,666.56,2020,completed
9802,8,568.46,2022,cancelled
9803,376,717.01,2024,cancelled
9804,429,250.22,2021,refunded
9805,457,954.50,2021,completed
9806,252,701.49,2020,completed
9807,290,394.42,2020,completed
9808,376,509.91,2021,pending
9809,166,961.61,2020,cancelled
9810,155,625.48,2024,refunded
9811,54,987.10,2023,completed
9812,66,947.77,2023,completed
9813,367,455.71,2022,pending
9814,67,548.48,2022,completed
9815,451,694.56,2021,refunded
9816,32,409.59,2020,completed
9817,473,117.58,2021,completed
9818,358,165.41,2022,completed
9819,101,215.03,2023,pending
9820,165,435.30,2020,completed
9821,374,259.66,2023,pending
9822,390,221.45,2021,completed
9823,490,266.21,2021,refunded
9824,56,963.25,2021,refunded
9825,209,128.18,2024,completed
9826,159,500.33,2022,completed
9827,263,674.86,2024,completed
9828,131,623.08,2024,completed
9829,486,719.95,2021,pending
9830,131,244.11,2021,completed
9831,73,901.91,2021,cancelled
9832,20,739.78,2021,completed
9833,421,437.88,2020,pending
9834,18,53.03,2020,completed
9835,318,473.61,2024,completed
9836,438,802.86,2024,completed
9837,192,252.19,2024,completed
9838,210,396.61,2022,completed
9839,389,316.94,2022,completed
9840,447,470.37,2023,completed
9841,484,25.08,2020,completed
9842,239,181.98,2022,cancelled
9843,59,576.84,2024,cancelled
9844,392,885.77,2021,completed
9845,104,479.76,2020,completed
9846,352,152.68,2022,completed
9847,358,327.73,2023,cancelled
9848,173,655.23,2020,completed
9849,186,169.33,2023,completed
9850,298,707.43,2023,pending
9851,228,817.21,2023,completed
9852,416,902.61,2020,refunded
9853,417,147.86,2022,refunded
9854,262,737.20,2021,refunded
9855,203,753.61,2024,pending
9856,273,841.45,2020,completed
9857,347,933.89,2020,completed
9858,392,276.62,2024,completed
9859,481,298.20,2020,completed
9860,277,442.08,2021,refunded
9861,27,282.21,2022,completed
9862,271,216.06,2022,refunded
9863,382,673.06,2024,completed
9864,25,944.71,2022,pending
9865,46,279.61,2023,completed
9866,325,826.38,2023,refunded
9867,33,471.12,2020,cancelled
9868,66,717.95,2022,completed
9869,450,474.59,2023,refunded
9870,230,479.51,2022,completed
9871,146,719.68,2020,cancelled
9872,80,146.44,2021,completed
9873,78,63.58,2023,refunded
9874,384,614.81,2024,completed
9875,429,609.63,2021,completed
9876,171,73.03,2024,cancelled
9877,236,944.31,2023,completed
9878,461,92.54,2024,refunded
9879,315,516.90,2022,pending
9880,238,109.72,2023,completed
9881,476,772.31,2022,refunded
9882,401,263.33,2020,completed
9883,192,740.71,2021,pending
9884,254,651.86,2021,completed
9885,371,624.87,2020,completed
9886,40,943.75,2021,completed
9887,286,350.91,2024,completed
9888,155,191.47,2022,refunded
9889,236,625.51,2022,pending
9890,374,548.68,2020,completed
9891,170,266.24,2024,cancelled
9892,150,391.94,2021,completed
9893,260,988.15,2021,completed
9894,247,654.52,2021,refunded
9895,408,997.96,2021,cancelled
9896,445,129.17,2022,completed
9897,208,273.18,2022,cancelled
9898,205,265.92,2021,completed
9899,255,290.70,2021,completed
9900,415,51.14,2024,pending
9901,333,551.53,2020,pending
9902,58,353.92,2022,cancelled
9903,244,465.44,2020,pending
9904,289,878.33,2022,pending
9905,245,453.80,2023,completed
9906,263,72.49,2022,cancelled
9907,293,969.53,2021,completed
9908,428,662.40,2020,refunded
9909,234,737.99,2022,completed
9910,245,237.67,2021,completed
9911,196,51.48,2024,pending
9912,306,970.65,2021,completed
9913,233,71.25,2022,refunded
9914,182,814.84,2020,pending
9915,444,278.04,2022,completed
9916,10,507.77,2020,completed
9917,357,752.30,2021,cancelled
9918,141,935.40,2023,pending
9919,254,728.51,2020,completed
9920,72,536.70,2024,cancelled
9921,279,853.38,2024,refunded
9922,148,425.17,2023,completed
9923,395,969.91,2022,cancelled
9924,56,831.45,2021,completed
9925,97,978.72,2023,completed
9926,291,578.34,2024,refunded
9927,140,790.92,2024,completed
9928,282,575.68,2020,completed
9929,404,990.38,2024,cancelled
9930,265,259.43,2022,completed
9931,461,672.34,2021,cancelled
9932,64,143.60,2024,completed
9933,298,818.51,2021,completed
9934,178,618.30,2023,completed
9935,158,36.19,2021,refunded
9936,109,172.90,2023,completed
9937,165,671.27,2021,completed
9938,107,695.03,2023,cancelled
9939,35,170.73,2021,cancelled
9940,277,676.20,2020,cancelled
9941,38,203.57,2021,pending
9942,106,393.94,2022,pending
9943,87,877.25,2021,cancelled
9944,495,27.56,2023,pending
9945,313,658.68,2020,pending
9946,372,693.59,2020,cancelled
9947,192,541.89,2022,cancelled
9948,168,134.95,2023,pending
9949,23,543.94,2023,completed
9950,109,699.90,2020,completed
9951,423,411.30,2023,completed
9952,108,862.04,2023,completed
9953,313,579.20,2021,pending
9954,393,348.25,2021,cancelled
9955,253,278.22,2023,completed
9956,232,648.91,2024,refunded
9957,346,288.05,2024,pending
9958,200,777.36,2023,completed
9959,49,856.49,2020,pending
9960,202,154.14,2020,completed
9961,88,66.01,2022,completed
9962,58,722.88,2021,cancelled
9963,278,695.72,2023,pending
9964,476,311.36,2020,cancelled
9965,419,59.01,2022,completed
9966,479,817.01,2023,cancelled
9967,102,184.50,2022,refunded
9968,15,567.47,2024,cancelled
9969,303,70.93,2024,completed
9970,297,727.72,2020,completed
9971,185,484.08,2022,completed
9972,274,729.80,2024,completed
9973,498,472.98,2020,refunded
9974,383,735.11,2022,completed
9975,48,431.78,2020,completed
9976,267,339.94,2021,completed
9977,82,998.76,2024,completed
9978,431,201.78,2020,pending
9979,259,283.46,2023,completed
9980,203,98.77,2021,refunded
9981,148,558.67,2024,completed
9982,365,997.10,2021,refunded
9983,459,291.37,2023,refunded
9984,40,573.69,2020,cancelled
9985,440,68.06,2024,pending
9986,105,384.36,2021,cancelled
9987,423,456.53,2024,completed
9988,408,485.72,2020,completed
9989,316,459.75,2020,refunded
9990,207,507.89,2022,cancelled
9991,480,274.39,2023,completed
9992,202,12.16,2023,refunded
9993,299,11.28,2024,completed
9994,24,618.65,2021,completed
9995,283,434.52,2023,completed
9996,238,611.25,2021,pending
9997,372,600.99,2020,refunded
9998,211,656.59,2023,completed
9999,427,229.33,2023,pending
10000,162,608.71,2022,cancelled
10001,246,874.50,2021,refunded
10002,266,321.21,2024,pending
10003,298,150.94,2020,refunded
10004,388,521.97,2020,completed
10005,38,525.31,2024,completed
10006,489,768.14,2024,cancelled
10007,171,597.56,2020,completed
10008,473,970.53,2022,pending
10009,334,388.01,2021,completed
10010,483,338.05,2023,pending
10011,82,147.23,2022,cancelled
10012,301,571.80,2021,completed
10013,14,626.71,2021,refunded
10014,104,912.08,2023,completed
10015,386,246.81,2024,completed
10016,17,467.23,2023,completed
10017,59,141.92,2021,completed
10018,307,21.18,2020,completed
10019,88,802.71,2022,completed
10020,153,690.23,2024,cancelled
10021,84,99.21,2022,pending
10022,321,771.28,2021,completed
10023,153,356.73,2023,completed
10024,28,887.46,2021,pending
10025,142,692.02,2020,pending
10026,330,989.95,2024,completed
10027,182,295.88,2023,refunded
10028,472,400.72,2022,completed
10029,54,405.92,2023,completed
10030,256,137.15,2024,pending
10031,411,365.33,2021,completed
10032,173,296.02,2020,completed
10033,37,637.93,2021,refunded
10034,428,119.93,2024,refunded
10035,58,112.84,2024,refunded
10036,223,215.37,2020,completed
10037,339,932.34,2022,completed
10038,450,480.00,2024,pending
10039,356,844.44,2020,completed
10040,130,445.80,2021,cancelled
10041,299,761.18,2021,completed
10042,248,600.29,2020,cancelled
10043,448,443.06,2021,cancelled
10044,7,237.25,2022,completed
10045,75,339.92,2024,pending
10046,85,941.78,2023,completed
10047,18,978.16,2022,cancelled
10048,213,872.66,2022,completed
10049,478,18.11,2020,completed
10050,249,165.82,2024,completed
10051,209,424.87,2020,completed
10052,299,936.74,2023,pending
10053,309,927.16,2022,completed
10054,421,638.42,2024,refunded
10055,8,199.42,2020,completed
10056,321,832.13,2021,refunded
10057,211,621.22,2023,completed
10058,388,127.41,2024,cancelled
10059,145,213.75,2024,refunded
10060,4,907.94,2020,completed
10061,444,799.04,2023,completed
10062,343,806.52,2020,pending
10063,463,701.63,2024,completed
10064,267,515.71,2022,cancelled
10065,445,253.14,2021,pending
10066,290,240.65,2024,cancelled
10067,422,613.32,2023,cancelled
10068,9,661.94,2020,pending
10069,84,39.34,2022,refunded
10070,117,732.05,2024,completed
10071,355,764.03,2022,pending
10072,68,336.46,2023,cancelled
10073,93,765.87,2021,pending
10074,229,524.46,2023,refunded
10075,267,335.40,2022,cancelled
10076,142,444.26,2024,completed
10077,409,482.90,2024,refunded
10078,337,962.00,2020,completed
10079,293,90.68,2020,cancelled
10080,214,272.96,2021,completed
10081,411,880.16,2021,completed
10082,307,251.29,2020,completed
10083,239,528.54,2021,refunded
10084,424,414.16,2021,completed
10085,355,145.59,2022,refunded
10086,117,914.66,2023,completed
10087,280,367.83,2020,pending
10088,490,687.06,2021,completed
10089,108,542.99,2023,cancelled
10090,148,810.64,2021,completed
10091,22,803.89,2024,cancelled
10092,341,802.24,2022,completed
10093,357,608.82,2023,completed
10094,50,275.78,2023,completed
10095,487,938.22,2020,completed
10096,371,756.80,2024,completed
10097,18,848.88,2020,completed
10098,240,840.88,2023,refunded
10099,27,686.52,2020,cancelled
10100,490,626.47,2021,completed
10101,7,254.87,2022,pending
10102,266,919.47,2020,completed
10103,52,994.80,2020,refunded
10104,205,982.92,2023,refunded
10105,94,455.07,2021,completed
10106,126,127.01,2021,cancelled
10107,178,61.89,2024,cancelled
10108,283,78.90,2023,completed
10109,113,371.98,2022,cancelled
10110,71,774.43,2020,completed
10111,387,807.98,2021,refunded
10112,261,566.81,2021,completed
10113,441,990.43,2024,completed
10114,277,843.89,2020,completed
10115,234,721.79,2024,refunded
10116,208,254.21,2021,cancelled
10117,404,578.08,2021,completed
10118,274,250.19,2020,completed
10119,341,551.89,2020,completed
10120,444,183.57,2024,completed
10121,452,745.55,2024,completed
10122,259,726.67,2022,pending
10123,312,935.17,2022,completed
10124,334,905.87,2021,refunded
10125,61,553.75,2024,completed
10126,185,505.40,2023,pending
10127,359,900.55,2022,completed
10128,142,449.21,2023,pending
10129,393,367.19,2021,refunded
10130,193,793.86,2023,completed
10131,185,538.96,2024,completed
10132,321,830.20,2023,completed
10133,29,649.44,2020,completed
10134,287,91.66,2020,completed
10135,301,213.79,2023,pending
10136,219,794.15,2023,refunded
10137,455,648.55,2023,completed
10138,106,84.57,2022,cancelled
10139,204,761.61,2023,completed
10140,41,106.09,2021,refunded
10141,356,958.52,2021,completed
10142,109,182.74,2021,completed
10143,429,428.39,2023,pending
10144,80,607.81,2024,pending
10145,330,396.48,2022,completed
10146,41,338.83,2024,completed
10147,461,532.12,2024,refunded
10148,366,199.25,2022,completed
10149,223,731.77,2020,completed
10150,406,38.23,2021,pending
10151,435,49.34,2020,completed
10152,261,376.85,2023,completed
10153,265,825.33,2024,pending
10154,365,144.50,2024,refunded
10155,463,906.82,2023,completed
10156,495,243.79,2024,refunded
10157,9,706.85,2023,completed
10158,263,934.46,2021,cancelled
10159,261,992.92,2024,completed
10160,391,981.73,2023,refunded
10161,393,41.53,2024,pending
10162,446,317.64,2020,completed
10163,209,534.14,2024,pending
10164,209,165.07,2022,pending
10165,69,230.17,2020,cancelled
10166,46,692.04,2024,completed
10167,27,549.94,2024,completed
10168,346,768.96,2020,pending
10169,104,854.58,2020,refunded
10170,148,372.67,2020,completed
10171,395,372.82,2022,completed
10172,452,660.68,2024,completed
10173,155,73.66,2024,completed
10174,323,714.11,2022,completed
10175,497,134.95,2024,refunded
10176,215,248.85,2024,pending
10177,269,973.27,2022,cancelled
10178,254,434.91,2024,pending
10179,464,422.75,2020,refunded
10180,339,129.01,2024,completed
10181,11,95.80,2024,refunded
10182,407,210.88,2021,cancelled
10183,376,612.42,2022,completed
10184,155,779.83,2022,completed
10185,32,998.02,2022,cancelled
10186,259,418.78,2020,pending
10187,59,434.22,2022,refunded
10188,404,391.65,2024,completed
10189,121,89.84,2022,completed
10190,106,809.36,2023,completed
10191,44,382.15,2023,refunded
10192,97,680.96,2023,cancelled
10193,300,272.00,2023,pending
10194,350,237.18,2021,completed
10195,364,804.35,2022,pending
10196,116,274.09,2021,completed
10197,110,313.73,2021,pending
10198,318,73.90,2021,completed
10199,162,703.99,2023,completed
10200,66,434.15,2024,completed
10201,113,567.74,2021,refunded
10202,391,651.19,2021,cancelled
10203,232,954.53,2021,cancelled
10204,195,637.20,2023,completed
10205,358,429.73,2024,completed
10206,388,960.86,2023,completed
10207,480,615.98,2024,completed
10208,413,65.27,2022,refunded
10209,203,397.23,2023,completed
10210,94,522.25,2022,refunded
10211,452,656.26,2020,completed
10212,156,842.80,2024,completed
10213,160,195.19,2021,completed
10214,374,140.46,2020,completed
10215,217,981.36,2022,completed
10216,440,387.07,2022,completed
10217,378,509.09,2023,completed
10218,15,181.29,2023,cancelled
10219,147,442.46,2020,pending
10220,412,969.17,2023,completed
10221,234,293.62,2021,completed
10222,313,19.48,2022,completed
10223,111,678.79,2022,completed
10224,268,157.48,2024,completed
10225,491,247.22,2021,refunded
10226,473,118.03,2020,completed
10227,269,174.41,2020,completed
10228,448,461.91,2022,completed
10229,429,304.49,2020,pending
10230,60,296.92,2022,completed
10231,104,615.49,2023,pending
10232,139,702.01,2024,pending
10233,233,769.66,2021,cancelled
10234,171,312.63,2020,completed
10235,383,262.31,2024,cancelled
10236,364,386.51,2021,completed
10237,385,154.97,2022,completed
10238,232,30.44,2020,completed
10239,53,588.79,2024,completed
10240,124,183.83,2023,completed
10241,292,330.81,2020,pending
10242,284,757.48,2023,completed
10243,295,930.59,2022,cancelled
10244,76,141.04,2022,completed
10245,112,336.66,2021,completed
10246,226,996.18,2021,refunded
10247,96,958.22,2021,completed
10248,261,265.61,2022,completed
10249,482,250.52,2024,refunded
10250,269,775.73,2023,completed
10251,15,708.72,2022,pending
10252,7,953.64,2022,completed
10253,137,441.55,2023,completed
10254,82,46.90,2020,refunded
10255,307,774.47,2021,completed
10256,100,161.47,2021,cancelled
10257,199,517.85,2024,refunded
10258,179,571.68,2021,completed
10259,161,34.59,2023,pending
10260,134,603.02,2022,completed
10261,231,701.27,2021,pending
10262,273,659.80,2021,refunded
10263,267,798.92,2020,cancelled
10264,432,302.57,2021,completed
10265,48,847.67,2020,completed
10266,33,920.77,2020,cancelled
10267,362,442.76,2021,completed
10268,47,415.62,2022,completed
10269,33,780.44,2024,refunded
10270,44,330.94,2023,cancelled
10271,80,698.44,2022,completed
10272,76,414.08,2024,completed
10273,123,317.08,2020,completed
10274,311,293.81,2021,completed
10275,477,917.30,2020,pending
10276,186,329.25,2023,completed
10277,288,467.98,2023,cancelled
10278,224,170.22,2020,completed
10279,361,872.95,2021,cancelled
10280,499,355.99,2024,completed
10281,173,757.51,2021,refunded
10282,301,971.94,2024,refunded
10283,166,552.86,2021,cancelled
10284,255,107.26,2020,cancelled
10285,408,425.11,2023,completed
10286,13,243.04,2024,refunded
10287,492,225.38,2024,completed
10288,102,122.68,2021,completed
10289,339,77.18,2023,completed
10290,231,630.39,2021,refunded
10291,292,692.41,2022,completed
10292,167,271.66,2020,cancelled
10293,41,561.62,2020,cancelled
10294,90,618.49,2022,cancelled
10295,358,473.98,2020,cancelled
10296,291,913.36,2023,pending
10297,179,538.93,2024,completed
10298,14,902.30,2021,completed
10299,77,136.18,2024,refunded
10300,169,13.27,2024,cancelled
10301,484,221.93,2021,refunded
10302,479,577.19,2022,completed
10303,227,138.43,2023,refunded
10304,445,147.62,2023,completed
10305,10,729.74,2022,pending
10306,273,605.60,2024,pending
10307,63,934.10,2022,refunded
10308,369,842.69,2024,refunded
10309,325,346.66,2021,pending
10310,319,478.83,2022,refunded
10311,424,768.47,2020,completed
10312,372,495.74,2021,cancelled
10313,284,891.06,2022,cancelled
10314,418,355.38,2020,pending
10315,179,965.74,2021,refunded
10316,296,593.65,2024,completed
10317,59,444.20,2020,refunded
10318,342,371.52,2022,completed
10319,323,525.80,2020,pending
10320,249,199.31,2022,completed
10321,214,384.59,2021,refunded
10322,364,882.43,2021,completed
10323,454,118.00,2024,refunded
10324,313,566.97,2020,pending
10325,20,459.41,2022,refunded
10326,282,45.25,2021,completed
10327,479,60.81,2021,completed
10328,170,389.11,2024,completed
10329,466,236.95,2021,completed
10330,186,907.68,2023,refunded
10331,159,392.46,2021,refunded
10332,488,416.52,2020,completed
10333,167,53.84,2020,completed
10334,475,96.68,2020,completed
10335,299,249.20,2020,cancelled
10336,17,440.82,2021,completed
10337,124,581.40,2021,pending
10338,62,195.35,2022,refunded
10339,320,758.94,2024,pending
10340,203,466.56,2023,completed
10341,305,193.73,2020,cancelled
10342,110,287.44,2021,completed
10343,120,777.76,2020,pending
10344,78,498.70,2023,completed
10345,377,743.12,2022,completed
10346,376,925.10,2023,pending
10347,314,357.74,2020,pending
10348,9,691.47,2024,completed
10349,222,589.15,2024,cancelled
10350,94,82.26,2024,completed
10351,431,122.28,2021,completed
10352,40,517.29,2024,cancelled
10353,63,81.37,2020,pending
10354,300,778.23,2020,cancelled
10355,125,150.33,2020,completed
10356,236,39.62,2024,completed
10357,335,928.24,2021,pending
10358,392,285.62,2020,completed
10359,289,488.70,2020,completed
10360,17,800.13,2023,completed
10361,84,639.91,2022,completed
10362,205,90.83,2022,refunded
10363,485,644.41,2023,cancelled
10364,228,229.43,2022,pending
10365,397,445.22,2023,completed
10366,108,985.79,2022,completed
10367,231,513.98,2022,completed
10368,112,308.92,2020,completed
10369,119,161.82,2024,completed
10370,206,654.85,2021,refunded
10371,10,480.10,2022,cancelled
10372,329,117.05,2023,refunded
10373,396,753.51,2024,pending
10374,460,859.89,2020,completed
10375,177,945.07,2022,cancelled
10376,4,366.79,2020,completed
10377,22,420.33,2020,completed
10378,50,295.92,2024,pending
10379,139,644.03,2022,refunded
10380,270,557.39,2022,pending
10381,251,400.70,2024,completed
10382,155,504.35,2023,completed
10383,442,637.60,2022,completed
10384,27,63.25,2021,completed
10385,452,125.75,2020,completed
10386,136,537.76,2023,pending
10387,474,13.28,2020,completed
10388,177,740.80,2024,completed
10389,376,957.09,2023,refunded
10390,154,378.46,2020,refunded
10391,352,293.30,2022,completed
10392,488,625.00,2022,completed
10393,498,970.36,2021,pending
10394,202,122.08,2022,cancelled
10395,180,422.48,2024,completed
10396,7,604.52,2022,completed
10397,290,322.82,2022,pending
10398,91,116.61,2021,completed
10399,51,30.90,2020,cancelled
10400,238,857.52,2024,cancelled
10401,325,695.44,2021,completed
10402,379,69.25,2021,cancelled
10403,329,816.27,2022,completed
10404,391,130.67,2020,completed
10405,310,641.80,2021,cancelled
10406,205,911.85,2022,pending
10407,344,50.86,2021,cancelled
10408,225,854.85,2021,cancelled
10409,353,490.99,2022,completed
10410,95,271.76,2020,pending
10411,268,161.73,2022,refunded
10412,222,255.09,2023,completed
10413,10,743.04,2022,completed
10414,429,546.62,2024,completed
10415,206,335.07,2021,refunded
10416,219,432.10,2023,completed
10417,392,377.02,2023,refunded
10418,369,86.61,2024,completed
10419,424,423.18,2020,completed
10420,213,758.38,2020,pending
10421,121,855.67,2024,cancelled
10422,316,601.30,2023,completed
10423,156,796.24,2022,refunded
10424,412,586.98,2020,completed
10425,49,125.13,2021,completed
10426,204,506.90,2022,refunded
10427,263,643.78,2023,completed
10428,471,66.67,2020,refunded
10429,442,604.28,2024,pending
10430,52,883.20,2023,completed
10431,259,100.83,2023,completed
10432,130,426.25,2024,completed
10433,35,558.79,2022,cancelled
10434,249,576.38,2020,pending
10435,83,736.06,2023,completed
10436,307,806.41,2020,pending
10437,343,382.11,2022,completed
10438,221,714.66,2020,pending
10439,458,97.74,2023,refunded
10440,182,155.46,2022,completed
10441,98,933.07,2021,completed
10442,192,354.78,2024,completed
10443,8,988.10,2024,completed
10444,371,474.06,2023,pending
10445,398,738.18,2020,completed
10446,80,120.10,2023,pending
10447,100,136.45,2024,completed
10448,418,116.58,2021,cancelled
10449,470,675.32,2022,completed
10450,192,305.80,2024,refunded
10451,435,247.54,2023,completed
10452,498,985.45,2021,completed
10453,125,56.83,2020,cancelled
10454,318,117.88,2024,completed
10455,322,97.57,2021,refunded
10456,9,59.11,2021,refunded
10457,347,329.79,2022,completed
10458,120,548.85,2023,completed
10459,225,489.79,2020,cancelled
10460,127,854.31,2021,completed
10461,191,45.14,2023,cancelled
10462,403,816.17,2021,completed
10463,278,520.96,2023,cancelled
10464,44,213.22,2024,completed
10465,175,289.23,2020,completed
10466,240,58.40,2023,refunded
10467,194,950.94,2021,refunded
10468,386,241.74,2021,pending
10469,453,201.80,2024,pending
10470,154,111.05,2021,completed
10471,22,197.86,2023,pending
10472,75,611.37,2021,completed
10473,91,693.02,2022,completed
10474,369,121.31,2021,completed
10475,10,700.69,2024,refunded
10476,400,270.66,2022,completed
10477,104,547.08,2020,cancelled
10478,74,418.54,2021,completed
10479,205,303.04,2020,refunded
10480,74,912.92,2024,completed
10481,185,508.85,2023,pending
10482,59,115.29,2022,pending
10483,244,833.08,2020,pending
10484,229,558.28,2022,cancelled
10485,83,443.76,2023,completed
10486,397,497.40,2020,cancelled
10487,124,160.65,2021,completed
10488,51,591.92,2022,refunded
10489,2,241.69,2023,completed
10490,3,468.97,2021,pending
10491,280,932.47,2022,refunded
10492,90,16.23,2023,completed
10493,416,263.77,2022,pending
10494,310,177.24,2020,completed
10495,312,932.63,2024,completed
10496,214,74.27,2020,completed
10497,85,94.80,2020,completed
10498,323,39.88,2024,cancelled
10499,449,838.65,2022,cancelled
10500,304,281.63,2022,cancelled
10501,48,641.81,2021,completed
10502,122,309.35,2024,pending
10503,463,197.65,2022,completed
10504,331,257.17,2024,completed
10505,341,596.08,2022,refunded
10506,359,476.05,2022,refunded
10507,286,586.11,2023,completed
10508,185,537.39,2024,cancelled
10509,464,38.48,2022,completed
10510,351,151.72,2022,completed
10511,310,520.21,2024,pending
10512,123,63.97,2023,completed
10513,348,107.04,2020,completed
10514,65,388.51,2022,cancelled
10515,47,880.24,2024,pending
10516,376,508.99,2023,cancelled
10517,338,625.41,2024,refunded
10518,428,124.96,2021,completed
10519,444,809.15,2023,completed
10520,271,528.04,2023,completed
10521,17,203.10,2021,completed
10522,185,65.14,2020,completed
10523,34,528.95,2023,cancelled
10524,5,672.38,2020,completed
10525,34,453.06,2022,completed
10526,151,30.14,2022,completed
10527,316,953.32,2020,cancelled
10528,85,385.28,2021,refunded
10529,327,99.69,2020,refunded
10530,305,738.54,2021,completed
10531,413,433.76,2020,pending
10532,487,443.28,2022,cancelled
10533,121,367.39,2024,refunded
10534,460,266.24,2020,cancelled
10535,195,985.37,2021,completed
10536,498,544.77,2023,refunded
10537,496,158.09,2023,completed
10538,354,735.85,2022,cancelled
10539,493,945.79,2022,pending
10540,3,35.73,2022,completed
10541,337,462.87,2024,completed
10542,269,90.25,2020,cancelled
10543,482,945.38,2023,completed
10544,27,651.43,2021,pending
10545,269,105.23,2022,completed
10546,437,633.30,2023,completed
10547,198,169.14,2024,completed
10548,242,241.68,2022,completed
10549,491,507.51,2024,pending
10550,131,47.97,2023,refunded
10551,446,839.12,2021,completed
10552,311,698.01,2024,completed
10553,96,238.85,2023,cancelled
10554,55,327.98,2023,refunded
10555,374,777.09,2021,completed
10556,144,592.07,2020,refunded
10557,304,570.53,2021,cancelled
10558,377,71.34,2024,completed
10559,299,451.09,2023,completed
10560,394,667.64,2021,pending
10561,38,794.02,2024,cancelled
10562,63,229.90,2022,completed
10563,22,308.67,2024,completed
10564,8,572.84,2020,completed
10565,484,476.17,2022,completed
10566,68,20.40,2020,pending
10567,463,826.18,2022,refunded
10568,380,985.79,2022,completed
10569,246,419.47,2024,completed
10570,382,564.25,2024,completed
10571,500,386.04,2022,refunded
10572,136,71.18,2023,completed
10573,354,340.02,2023,pending
10574,35,71.26,2023,pending
10575,149,807.59,2021,completed
10576,67,632.69,2022,completed
10577,465,506.63,2021,pending
10578,416,185.86,2021,completed
10579,29,412.52,2022,completed
10580,97,44.81,2024,completed
10581,21,940.31,2020,cancelled
10582,26,355.60,2023,refunded
10583,100,904.93,2021,refunded
10584,426,931.53,2023,cancelled
10585,234,523.05,2020,completed
10586,417,120.83,2024,completed
10587,56,279.69,2022,completed
10588,82,933.98,2020,completed
10589,272,909.25,2024,completed
10590,186,674.62,2023,refunded
10591,499,23.91,2024,completed
10592,387,835.24,2021,completed
10593,10,332.20,2020,completed
10594,224,67.62,2021,completed
10595,407,525.65,2020,completed
10596,318,727.32,2020,completed
10597,393,603.18,2020,completed
10598,72,776.62,2021,refunded
10599,114,104.00,2020,completed
10600,37,43.82,2021,completed
10601,276,426.85,2022,pending
10602,438,984.02,2024,completed
10603,458,983.12,2022,completed
10604,342,776.83,2021,completed
10605,461,228.01,2024,refunded
10606,471,739.34,2024,completed
10607,136,299.97,2024,completed
10608,498,958.77,2024,cancelled
10609,46,347.92,2024,completed
10610,321,171.43,2022,completed
10611,430,839.26,2024,refunded
10612,189,419.97,2022,completed
10613,323,555.55,2024,pending
10614,154,918.91,2020,refunded
10615,222,390.57,2022,refunded
10616,401,434.99,2024,refunded
10617,132,807.78,2020,refunded
10618,174,744.71,2022,completed
10619,301,361.93,2020,refunded
10620,323,807.06,2020,completed
10621,40,395.62,2023,completed
10622,200,734.76,2021,refunded
10623,59,523.66,2020,completed
10624,38,431.38,2023,completed
10625,202,314.44,2020,refunded
10626,307,679.81,2021,completed
10627,168,68.90,2022,completed
10628,304,904.76,2023,completed
10629,239,76.72,2021,refunded
10630,278,305.93,2024,completed
10631,480,531.92,2023,cancelled
10632,268,680.67,2024,completed
10633,379,19.54,2020,completed
10634,287,473.39,2022,pending
10635,417,943.64,2024,cancelled
10636,223,721.85,2023,cancelled
10637,28,183.83,2023,pending
10638,36,124.74,2024,refunded
10639,362,303.70,2020,completed
10640,123,145.41,2020,cancelled
10641,315,271.49,2023,pending
10642,460,675.70,2024,completed
10643,394,275.62,2022,completed
10644,264,118.15,2024,completed
10645,22,743.27,2020,pending
10646,240,723.82,2020,refunded
10647,407,197.30,2022,completed
10648,158,90.37,2021,refunded
10649,472,326.21,2020,completed
10650,57,93.57,2022,completed
10651,103,469.70,2021,completed
10652,171,201.57,2020,cancelled
10653,435,803.46,2024,completed
10654,265,56.64,2022,cancelled
10655,140,89.86,2020,cancelled
10656,338,128.40,2023,completed
10657,52,794.56,2020,cancelled
10658,472,882.77,2024,completed
10659,271,561.57,2023,completed
10660,193,858.63,2022,cancelled
10661,497,87.04,2020,pending
10662,167,908.10,2023,completed
10663,366,258.55,2020,completed
10664,465,582.97,2022,cancelled
10665,353,983.49,2021,completed
10666,411,450.16,2023,cancelled
10667,196,700.14,2021,cancelled
10668,156,772.96,2022,completed
10669,57,365.32,2024,completed
10670,35,491.86,2023,completed
10671,295,820.34,2020,refunded
10672,60,152.57,2022,completed
10673,499,960.77,2021,completed
10674,463,872.04,2020,completed
10675,425,906.95,2023,completed
10676,153,971.47,2020,cancelled
10677,471,904.66,2023,pending
10678,122,996.87,2024,refunded
10679,78,521.03,2023,refunded
10680,272,698.40,2022,completed
10681,111,804.52,2022,cancelled
10682,315,423.51,2023,completed
10683,167,86.43,2021,refunded
10684,317,192.16,2024,completed
10685,462,84.89,2024,completed
10686,187,325.44,2021,refunded
10687,92,948.51,2023,pending
10688,347,449.60,2021,completed
10689,334,215.08,2020,completed
10690,349,603.99,2022,pending
10691,45,806.55,2022,completed
10692,307,957.21,2020,refunded
10693,58,300.28,2024,refunded
10694,107,32.19,2021,cancelled
10695,46,441.39,2022,cancelled
10696,271,797.59,2024,pending
10697,196,856.50,2020,refunded
10698,493,397.06,2022,completed
10699,382,60.60,2023,completed
10700,54,121.94,2022,completed
10701,180,501.33,2022,completed
10702,102,350.31,2020,completed
10703,198,380.98,2021,pending
10704,335,511.87,2022,cancelled
10705,421,507.28,2020,completed
10706,331,284.09,2020,refunded
10707,16,584.15,2023,completed
10708,132,107.63,2021,cancelled
10709,308,560.49,2021,pending
10710,132,272.53,2021,pending
10711,280,708.58,2022,completed
10712,435,622.45,2023,completed
10713,239,308.49,2020,completed
10714,34,785.29,2022,completed
10715,339,638.67,2023,pending
10716,350,843.64,2021,refunded
10717,180,125.69,2023,refunded
10718,328,391.96,2024,refunded
10719,436,81.56,2021,refunded
10720,310,696.21,2020,completed
10721,123,426.15,2021,refunded
10722,347,424.69,2023,completed
10723,392,597.44,2022,cancelled
10724,285,776.01,2023,completed
10725,341,857.23,2022,pending
10726,274,166.34,2020,cancelled
10727,300,32.77,2022,pending
10728,373,591.60,2024,refunded
10729,388,252.70,2024,completed
10730,153,659.70,2023,completed
10731,424,290.71,2020,pending
10732,435,883.29,2021,completed
10733,104,201.17,2021,pending
10734,256,280.80,2020,completed
10735,283,387.26,2021,completed
10736,118,623.46,2023,cancelled
10737,406,705.98,2021,refunded
10738,237,698.21,2021,cancelled
10739,287,279.84,2023,completed
10740,491,75.87,2020,completed
10741,276,974.20,2020,cancelled
10742,45,181.22,2021,completed
10743,286,465.77,2020,completed
10744,289,433.84,2021,completed
10745,374,622.91,2021,completed
10746,166,754.48,2024,refunded
10747,249,315.31,2021,completed
10748,158,666.20,2020,completed
10749,92,422.87,2020,cancelled
10750,119,58.01,2023,cancelled
10751,327,492.04,2023,completed
10752,453,826.90,2024,pending
10753,284,276.18,2020,completed
10754,241,567.16,2021,completed
10755,371,339.43,2021,pending
10756,267,196.15,2020,completed
10757,393,652.10,2023,cancelled
10758,39,810.02,2020,cancelled
10759,442,661.77,2024,completed
10760,324,862.62,2023,pending
10761,338,747.01,2022,completed
10762,344,306.45,2023,refunded
10763,32,854.19,2023,cancelled
10764,424,93.14,2024,completed
10765,255,945.84,2022,completed
10766,104,737.72,2020,completed
10767,139,383.47,2024,completed
10768,293,883.48,2020,refunded
10769,148,776.66,2020,completed
10770,192,51.63,2024,pending
10771,431,548.81,2023,completed
10772,218,167.09,2023,refunded
10773,278,555.85,2021,refunded
10774,413,775.89,2020,pending
10775,98,176.25,2022,refunded
10776,202,169.53,2020,refunded
10777,372,268.12,2020,completed
10778,4,102.31,2022,refunded
10779,5,211.46,2021,completed
10780,265,432.47,2024,completed
10781,360,171.65,2023,completed
10782,410,564.56,2022,pending
10783,144,191.07,2020,cancelled
10784,323,12.98,2024,cancelled
10785,432,690.34,2021,completed
10786,414,881.57,2020,pending
10787,156,880.26,2023,refunded
10788,488,28.30,2024,completed
10789,124,891.11,2024,refunded
10790,235,928.57,2021,pending
10791,272,873.01,2023,refunded
10792,234,658.40,2021,pending
10793,442,375.45,2023,cancelled
10794,401,869.22,2024,pending
10795,180,535.89,2020,refunded
10796,120,143.77,2024,completed
10797,145,720.53,2024,pending
10798,10,924.48,2024,completed
10799,187,284.64,2022,completed
10800,341,494.78,2021,cancelled
10801,153,26.12,2021,refunded
10802,492,722.01,2023,cancelled
10803,340,409.73,2021,cancelled
10804,39,344.19,2020,cancelled
10805,3,321.58,2023,refunded
10806,235,958.44,2024,cancelled
10807,455,847.11,2022,completed
10808,97,195.31,2020,completed
10809,370,680.22,2023,cancelled
10810,62,170.57,2024,cancelled
10811,242,875.56,2024,refunded
10812,288,457.22,2021,completed
10813,470,474.15,2023,pending
10814,279,865.39,2023,completed
10815,499,982.85,2021,completed
10816,221,598.52,2023,completed
10817,430,235.27,2022,pending
10818,147,371.29,2024,completed
10819,376,531.72,2022,refunded
10820,145,380.51,2024,completed
10821,140,879.89,2021,refunded
10822,65,580.10,2020,refunded
10823,9,597.12,2023,completed
10824,189,265.80,2023,pending
10825,157,342.45,2022,pending
10826,153,760.17,2022,completed
10827,67,966.76,2023,pending
10828,386,181.83,2020,completed
10829,420,258.09,2024,completed
10830,140,487.49,2022,refunded
10831,4,334.44,2021,completed
10832,335,817.43,2022,completed
10833,484,607.78,2022,completed
10834,434,510.33,2022,completed
10835,62,66.96,2023,completed
10836,495,378.83,2022,completed
10837,110,431.93,2022,completed
10838,439,970.93,2024,refunded
10839,287,27.52,2022,pending
10840,260,192.98,2022,pending
10841,487,674.49,2022,refunded
10842,43,856.38,2022,pending
10843,437,380.34,2021,completed
10844,379,17.14,2023,refunded
10845,446,405.97,2022,completed
10846,405,931.72,2021,pending
10847,478,491.11,2023,cancelled
10848,141,105.51,2022,pending
10849,409,407.52,2022,refunded
10850,357,484.70,2022,completed
10851,367,615.63,2022,refunded
10852,327,35.27,2022,pending
10853,213,689.25,2020,completed
10854,474,446.45,2023,completed
10855,75,477.99,2022,completed
10856,204,993.10,2022,pending
10857,449,223.50,2020,completed
10858,400,765.33,2023,pending
10859,310,31.57,2023,refunded
10860,342,326.84,2024,cancelled
10861,229,26.59,2021,cancelled
10862,446,844.10,2023,refunded
10863,429,108.63,2023,completed
10864,240,751.42,2021,pending
10865,492,940.39,2024,completed
10866,289,151.57,2022,cancelled
10867,116,497.70,2022,pending
10868,471,766.94,2022,refunded
10869,129,445.40,2022,refunded
10870,116,611.32,2020,refunded
10871,90,617.76,2024,completed
10872,418,75.81,2021,cancelled
10873,271,295.55,2023,cancelled
10874,209,919.10,2021,completed
10875,249,972.20,2023,completed
10876,492,746.44,2024,pending
10877,243,358.46,2020,completed
10878,344,962.92,2021,completed
10879,373,22.04,2023,completed
10880,157,937.31,2021,cancelled
10881,3,395.14,2020,pending
10882,16,900.06,2022,cancelled
10883,270,324.15,2023,pending
10884,235,236.52,2022,refunded
10885,324,785.87,2022,refunded
10886,475,25.08,2023,completed
10887,196,802.90,2021,completed
10888,158,138.68,2022,completed
10889,452,469.14,2021,refunded
10890,228,512.05,2022,completed
10891,253,568.50,2022,pending
10892,442,18.79,2021,completed
10893,59,997.74,2023,pending
10894,278,628.39,2020,cancelled
10895,311,301.42,2022,pending
10896,340,203.85,2022,refunded
10897,368,850.35,2023,refunded
10898,280,131.46,2022,cancelled
10899,198,683.36,2024,pending
10900,197,914.52,2022,cancelled
10901,201,173.83,2020,refunded
10902,484,655.55,2024,refunded
10903,436,188.76,2024,refunded
10904,105,825.91,2023,cancelled
10905,109,613.30,2021,completed
10906,220,735.98,2020,cancelled
10907,353,347.38,2024,completed
10908,440,240.10,2021,refunded
10909,229,484.35,2021,refunded
10910,60,137.82,2023,pending
10911,158,218.13,2020,completed
10912,192,126.69,2022,completed
10913,34,715.61,2020,cancelled
10914,125,892.31,2022,completed
10915,459,478.15,2024,refunded
10916,284,656.54,2021,completed
10917,353,428.41,2021,completed
10918,9,167.36,2022,cancelled
10919,346,723.20,2023,completed
10920,280,923.54,2021,completed
10921,240,874.29,2024,cancelled
10922,268,706.76,2024,completed
10923,304,543.94,2020,refunded
10924,372,326.91,2023,completed
10925,278,748.84,2024,completed
10926,306,577.77,2020,completed
10927,436,324.78,2022,cancelled
10928,464,757.48,2023,completed
10929,73,814.07,2023,refunded
10930,94,589.74,2022,completed
10931,30,665.08,2021,cancelled
10932,52,486.66,2023,refunded
10933,112,372.40,2021,pending
10934,123,799.96,2021,completed
10935,207,301.36,2021,completed
10936,480,24.56,2020,completed
10937,166,476.68,2024,completed
10938,221,770.40,2024,refunded
10939,3,102.03,2020,completed
10940,462,87.96,2020,cancelled
10941,5,723.44,2020,completed
10942,266,468.02,2024,cancelled
10943,305,523.02,2022,cancelled
10944,79,928.22,2022,completed
10945,109,798.62,2023,completed
10946,377,722.38,2021,cancelled
10947,437,222.21,2022,cancelled
10948,216,241.75,2020,refunded
10949,315,332.06,2021,pending
10950,331,640.39,2022,refunded
10951,151,158.85,2024,pending
10952,430,565.07,2020,cancelled
10953,186,308.28,2022,refunded
10954,195,470.39,2022,completed
10955,337,335.51,2024,refunded
10956,63,172.37,2020,refunded
10957,77,489.75,2024,cancelled
10958,384,58.89,2023,cancelled
10959,12,306.89,2022,completed
10960,379,134.12,2022,completed
10961,491,495.25,2021,pending
10962,464,365.02,2023,refunded
10963,40,506.36,2023,completed
10964,485,753.72,2023,completed
10965,138,865.60,2022,completed
10966,371,789.87,2024,pending
10967,428,534.46,2024,cancelled
10968,336,968.15,2022,pending
10969,466,211.75,2022,cancelled
10970,99,661.74,2021,pending
10971,73,455.90,2022,pending
10972,260,716.07,2023,pending
10973,456,636.08,2022,cancelled
10974,63,190.46,2022,completed
10975,367,245.79,2020,completed
10976,477,292.11,2020,completed
10977,216,647.13,2022,completed
10978,184,891.10,2024,completed
10979,31,506.98,2021,pending
10980,390,85.11,2024,refunded
10981,274,10.94,2024,pending
10982,176,376.24,2020,completed
10983,391,865.29,2021,refunded
10984,463,623.04,2023,refunded
10985,445,358.34,2023,refunded
10986,171,500.57,2023,cancelled
10987,115,986.11,2023,completed
10988,450,368.08,2022,cancelled
10989,402,880.38,2021,completed
10990,256,984.08,2021,cancelled
10991,110,737.73,2023,pending
10992,499,293.02,2023,completed
10993,305,736.74,2020,completed
10994,70,175.86,2024,cancelled
10995,187,855.56,2020,refunded
10996,430,33.95,2022,refunded
10997,125,415.93,2020,refunded
10998,170,880.55,2024,completed
10999,416,293.04,2021,completed
11000,82,131.69,2024,completed
11001,146,348.23,2023,refunded
11002,134,406.10,2021,completed
11003,410,399.64,2021,cancelled
11004,331,836.04,2021,refunded
11005,39,510.03,2022,completed
11006,399,682.55,2024,completed
11007,268,915.68,2024,cancelled
11008,88,852.27,2021,completed
11009,489,429.13,2022,completed
11010,419,720.50,2024,completed
11011,280,386.38,2024,cancelled
11012,110,192.97,2022,completed
11013,425,416.01,2022,refunded
11014,27,496.68,2024,completed
11015,87,581.63,2020,completed
11016,19,927.46,2021,completed
11017,497,43.57,2023,refunded
11018,201,549.61,2021,refunded
11019,311,387.37,2020,pending
11020,322,277.56,2021,refunded
11021,216,119.53,2021,completed
11022,75,348.38,2021,completed
11023,216,560.64,2023,cancelled
11024,394,327.92,2024,pending
11025,105,322.05,2021,completed
11026,232,915.82,2023,completed
11027,472,82.08,2020,completed
11028,174,255.13,2024,cancelled
11029,438,737.09,2022,refunded
11030,145,872.32,2021,completed
11031,290,410.29,2023,completed
11032,244,262.72,2022,completed
11033,470,624.95,2020,completed
11034,265,831.90,2021,pending
11035,314,245.73,2022,refunded
11036,286,713.19,2021,completed
11037,136,209.78,2023,completed
11038,293,175.34,2020,pending
11039,111,366.17,2024,refunded
11040,184,772.91,2024,completed
11041,470,155.36,2023,completed
11042,311,44.90,2020,refunded
11043,174,970.20,2021,cancelled
11044,135,112.80,2022,pending
11045,379,486.54,2021,completed
11046,470,839.12,2023,refunded
11047,8,308.09,2023,cancelled
11048,248,777.35,2024,cancelled
11049,159,152.80,2021,refunded
11050,349,676.98,2024,pending
11051,448,636.86,2021,completed
11052,98,858.51,2020,pending
11053,141,856.28,2020,cancelled
11054,126,510.76,2023,refunded
11055,429,700.39,2024,completed
11056,170,451.77,2023,completed
11057,354,39.83,2020,completed
11058,290,553.09,2024,refunded
11059,454,260.22,2021,completed
11060,205,759.76,2024,completed
11061,497,223.41,2024,pending
11062,135,495.80,2021,pending
11063,443,191.25,2021,completed
11064,251,163.50,2022,completed
11065,178,453.49,2023,cancelled
11066,261,655.55,2023,pending
11067,429,28.24,2021,completed
11068,212,501.50,2023,completed
11069,10,163.50,2022,pending
11070,228,107.80,2022,refunded
11071,141,678.57,2023,pending
11072,413,679.58,2022,completed
11073,380,154.29,2024,cancelled
11074,317,544.40,2022,pending
11075,184,409.74,2023,cancelled
11076,335,947.93,2020,cancelled
11077,80,715.13,2024,completed
11078,373,633.82,2021,completed
11079,299,599.48,2022,completed
11080,412,628.20,2023,cancelled
11081,394,145.01,2022,completed
11082,106,957.68,2022,completed
11083,300,349.37,2024,refunded
11084,272,475.85,2024,refunded
11085,20,414.72,2024,completed
11086,90,20.12,2021,completed
11087,22,392.20,2020,completed
11088,72,779.15,2022,cancelled
11089,169,662.68,2024,completed
11090,489,982.28,2021,pending
11091,132,840.89,2020,completed
11092,412,42.74,2022,completed
11093,364,680.55,2024,refunded
11094,16,267.42,2024,completed
11095,458,392.90,2021,completed
11096,206,437.56,2022,pending
11097,498,554.86,2021,completed
11098,192,688.07,2024,pending
11099,463,558.00,2023,completed
11100,472,603.54,2022,completed
11101,14,62.12,2024,completed
11102,226,971.71,2021,pending
11103,362,222.29,2023,completed
11104,26,628.91,2021,cancelled
11105,139,943.17,2020,pending
11106,288,494.81,2022,cancelled
11107,59,377.30,2021,pending
11108,441,36.43,2021,refunded
11109,194,340.40,2020,completed
11110,268,20.76,2024,cancelled
11111,198,298.78,2021,cancelled
11112,73,895.14,2023,pending
11113,117,807.83,2022,cancelled
11114,326,562.30,2024,completed
11115,395,834.20,2022,pending
11116,165,808.04,2023,cancelled
11117,412,797.32,2023,completed
11118,189,822.36,2021,cancelled
11119,130,569.55,2024,completed
11120,385,264.17,2020,pending
11121,4,164.80,2023,cancelled
11122,85,908.69,2021,refunded
11123,153,703.90,2020,cancelled
11124,496,400.13,2024,refunded
11125,97,357.03,2021,completed
11126,17,366.13,2023,refunded
11127,30,196.14,2023,refunded
11128,200,461.81,2024,completed
11129,162,570.91,2021,completed
11130,26,387.09,2024,pending
11131,63,706.03,2023,refunded
11132,379,809.99,2023,completed
11133,362,287.12,2023,cancelled
11134,120,843.66,2022,cancelled
11135,26,336.67,2023,completed
11136,153,859.32,2024,pending
11137,70,197.51,2022,cancelled
11138,233,493.13,2024,pending
11139,305,800.44,2021,pending
11140,500,424.56,2023,completed
11141,392,34.85,2023,cancelled
11142,74,621.48,2022,completed
11143,36,107.97,2024,completed
11144,213,134.18,2020,completed
11145,14,766.51,2021,completed
11146,6,117.32,2024,completed
11147,381,478.60,2022,cancelled
11148,450,349.17,2021,refunded
11149,212,219.93,2023,cancelled
11150,367,376.45,2021,completed
11151,92,79.27,2024,cancelled
11152,221,25.55,2021,cancelled
11153,269,978.56,2024,completed
11154,363,761.86,2023,completed
11155,107,136.26,2022,completed
11156,1,899.42,2020,pending
11157,97,43.05,2022,completed
11158,274,426.48,2021,completed
11159,68,389.35,2022,completed
11160,354,279.32,2024,pending
11161,136,974.76,2021,completed
11162,464,104.34,2020,refunded
11163,90,385.54,2024,completed
11164,18,241.71,2023,completed
11165,402,901.91,2023,completed
11166,238,84.50,2020,cancelled
11167,45,344.77,2022,pending
11168,487,241.33,2024,cancelled
11169,353,591.95,2021,refunded
11170,426,205.18,2021,refunded
11171,439,646.14,2023,refunded
11172,242,307.17,2022,completed
11173,30,275.07,2021,cancelled
11174,110,751.66,2020,completed
11175,168,249.41,2023,cancelled
11176,41,792.71,2021,completed
11177,171,209.96,2022,pending
11178,134,197.44,2024,completed
11179,135,940.06,2020,cancelled
11180,284,769.92,2020,pending
11181,386,587.78,2022,refunded
11182,467,515.62,2021,completed
11183,428,563.59,2021,refunded
11184,423,977.27,2022,completed
11185,304,88.42,2021,pending
11186,311,383.97,2024,completed
11187,397,102.43,2020,completed
11188,314,154.54,2020,completed
11189,188,168.93,2021,completed
11190,338,452.18,2020,completed
11191,143,690.70,2022,completed
11192,196,186.17,2020,refunded
11193,346,129.63,2022,completed
11194,188,857.15,2024,refunded
11195,118,212.79,2022,completed
11196,79,85.99,2020,completed
11197,262,589.58,2023,completed
11198,321,665.19,2021,refunded
11199,379,41.84,2022,pending
11200,67,571.61,2023,pending
11201,283,330.53,2021,cancelled
11202,148,574.04,2024,completed
11203,44,783.26,2020,refunded
11204,82,351.11,2020,completed
11205,246,77.41,2024,cancelled
11206,477,389.97,2021,completed
11207,132,514.23,2022,pending
11208,53,94.29,2024,completed
11209,32,534.80,2020,completed
11210,386,159.78,2021,pending
11211,413,738.55,2024,completed
11212,4,974.30,2023,completed
11213,275,735.83,2023,completed
11214,202,748.36,2020,cancelled
11215,450,952.48,2024,completed
11216,194,911.69,2023,pending
11217,72,832.29,2023,pending
11218,364,963.61,2024,completed
11219,8,190.42,2023,refunded
11220,198,292.04,2020,completed
11221,20,50.97,2021,completed
11222,258,718.01,2024,completed
11223,88,786.51,2022,completed
11224,40,656.10,2023,refunded
11225,145,429.33,2024,completed
11226,261,390.85,2021,refunded
11227,32,888.63,2023,cancelled
11228,400,416.34,2021,pending
11229,6,554.75,2023,cancelled
11230,281,288.96,2020,pending
11231,454,229.48,2021,completed
11232,215,938.02,2020,refunded
11233,401,70.90,2023,refunded
11234,321,175.43,2022,completed
11235,418,225.94,2023,completed
11236,420,395.35,2020,cancelled
11237,155,145.70,2022,completed
11238,74,661.23,2023,pending
11239,336,784.66,2020,pending
11240,112,540.91,2023,pending
11241,21,849.23,2024,pending
11242,339,993.02,2022,completed
11243,208,822.53,2020,cancelled
11244,103,100.32,2023,completed
11245,201,166.51,2023,refunded
11246,360,463.36,2020,completed
11247,185,526.03,2021,completed
11248,154,120.82,2020,completed
11249,117,745.91,2021,completed
11250,134,331.86,2022,completed
11251,43,745.71,2022,cancelled
11252,430,755.42,2022,cancelled
11253,264,335.48,2021,completed
11254,449,557.74,2024,pending
11255,479,127.82,2022,cancelled
11256,369,483.92,2024,completed
11257,192,196.00,2023,pending
11258,254,619.87,2023,pending
11259,289,683.42,2022,completed
11260,299,733.77,2020,completed
11261,448,136.09,2022,pending
11262,228,858.32,2024,completed
11263,45,780.92,2023,completed
11264,331,36.53,2023,refunded
11265,27,92.58,2023,completed
11266,212,397.93,2020,refunded
11267,372,415.82,2023,completed
11268,385,105.01,2023,completed
11269,185,890.05,2023,pending
11270,59,722.42,2020,completed
11271,120,160.10,2021,pending
11272,340,846.25,2021,refunded
11273,50,302.36,2020,refunded
11274,79,410.24,2020,cancelled
11275,21,627.24,2024,completed
11276,1,581.54,2023,refunded
11277,378,80.16,2022,completed
11278,220,971.10,2024,pending
11279,103,51.82,2023,refunded
11280,391,343.85,2022,completed
11281,423,539.78,2022,pending
11282,458,856.03,2022,completed
11283,323,764.90,2021,pending
11284,343,518.48,2024,completed
11285,358,772.21,2022,completed
11286,203,22.94,2023,pending
11287,351,792.80,2024,completed
11288,371,258.67,2023,refunded
11289,381,770.90,2023,completed
11290,156,741.15,2022,completed
11291,253,761.91,2021,pending
11292,238,837.14,2024,completed
11293,261,693.12,2021,refunded
11294,49,358.84,2021,completed
11295,68,589.13,2022,completed
11296,300,435.22,2023,completed
11297,129,701.92,2020,refunded
11298,344,912.80,2020,cancelled
11299,98,821.60,2024,refunded
11300,136,381.42,2020,cancelled
11301,333,144.06,2021,completed
11302,223,530.55,2021,completed
11303,440,109.17,2023,completed
11304,26,681.41,2023,refunded
11305,373,461.59,2022,completed
11306,219,400.97,2022,completed
11307,329,830.23,2023,cancelled
11308,319,944.51,2020,completed
11309,313,546.95,2021,refunded
11310,222,980.09,2022,completed
11311,250,834.14,2022,refunded
11312,156,607.21,2021,cancelled
11313,360,888.92,2023,pending
11314,189,324.32,2022,completed
11315,214,115.09,2024,completed
11316,349,694.05,2023,completed
11317,69,225.40,2021,pending
11318,479,722.57,2021,completed
11319,304,374.64,2023,refunded
11320,107,636.56,2022,completed
11321,281,382.47,2021,completed
11322,404,39.09,2023,refunded
11323,280,329.63,2020,completed
11324,391,334.59,2021,completed
11325,285,376.78,2020,cancelled
11326,495,980.15,2021,completed
11327,373,556.46,2021,refunded
11328,482,275.81,2020,cancelled
11329,137,321.41,2020,pending
11330,32,337.81,2023,completed
11331,49,577.40,2022,completed
11332,248,248.02,2022,completed
11333,456,821.99,2024,completed
11334,332,303.11,2021,pending
11335,25,833.63,2021,completed
11336,113,248.44,2022,completed
11337,121,165.70,2020,completed
11338,221,260.10,2024,cancelled
11339,136,290.11,2021,completed
11340,41,829.06,2024,completed
11341,387,581.74,2021,completed
11342,175,509.34,2021,completed
11343,8,153.54,2024,completed
11344,201,50.14,2020,completed
11345,483,445.26,2021,completed
11346,310,976.81,2024,completed
11347,236,116.76,2023,completed
11348,479,462.48,2023,completed
11349,57,817.15,2022,refunded
11350,338,480.52,2023,cancelled
11351,270,232.23,2020,cancelled
11352,425,277.35,2023,cancelled
11353,388,281.82,2023,pending
11354,119,661.57,2020,pending
11355,310,181.57,2024,pending
11356,284,392.26,2021,refunded
11357,490,324.04,2020,completed
11358,281,88.07,2024,refunded
11359,268,994.26,2024,refunded
11360,260,756.29,2021,completed
11361,341,967.97,2024,completed
11362,103,922.29,2024,completed
11363,357,435.95,2024,cancelled
11364,248,481.26,2022,completed
11365,334,653.39,2021,refunded
11366,24,417.67,2023,pending
11367,118,20.85,2024,completed
11368,130,251.38,2020,completed
11369,415,66.86,2023,completed
11370,260,655.36,2020,completed
11371,467,222.64,2020,completed
11372,97,803.09,2023,cancelled
11373,274,126.28,2023,refunded
11374,484,599.13,2021,pending
11375,29,868.58,2022,completed
11376,383,170.42,2022,cancelled
11377,40,440.27,2021,completed
11378,399,174.00,2020,refunded
11379,422,572.41,2022,pending
11380,495,799.12,2020,cancelled
11381,345,813.65,2022,cancelled
11382,167,69.68,2024,cancelled
11383,301,776.99,2024,completed
11384,472,978.52,2023,completed
11385,202,149.68,2023,pending
11386,365,189.79,2020,completed
11387,134,233.02,2020,cancelled
11388,322,506.40,2023,cancelled
11389,59,729.04,2020,cancelled
11390,306,398.14,2022,completed
11391,291,943.24,2020,cancelled
11392,429,465.15,2021,refunded
11393,165,612.93,2022,refunded
11394,171,439.07,2024,pending
11395,184,931.39,2021,completed
11396,280,11.63,2020,completed
11397,339,451.64,2021,cancelled
11398,205,497.19,2021,refunded
11399,110,840.23,2021,completed
11400,48,682.87,2022,completed
11401,256,930.56,2020,cancelled
11402,382,934.45,2023,completed
11403,313,82.89,2022,completed
11404,118,258.58,2022,pending
11405,334,115.09,2022,pending
11406,16,541.78,2022,pending
11407,172,585.96,2022,pending
11408,498,761.70,2023,cancelled
11409,31,827.97,2021,completed
11410,377,849.26,2023,cancelled
11411,248,568.92,2020,cancelled
11412,413,931.66,2022,completed
11413,254,417.75,2020,refunded
11414,156,546.92,2021,completed
11415,240,43.84,2022,pending
11416,468,631.63,2023,pending
11417,120,98.18,2021,cancelled
11418,99,343.98,2023,refunded
11419,481,319.86,2024,pending
11420,406,634.20,2022,completed
11421,116,240.01,2021,completed
11422,418,960.78,2021,refunded
11423,104,579.87,2020,completed
11424,118,594.17,2021,refunded
11425,457,458.16,2022,completed
11426,8,13.56,2024,completed
11427,125,901.15,2023,completed
11428,345,772.71,2020,completed
11429,470,162.72,2024,completed
11430,190,875.48,2020,cancelled
11431,441,768.09,2023,pending
11432,465,542.29,2021,completed
11433,247,110.87,2023,pending
11434,401,155.30,2020,pending
11435,3,303.37,2021,refunded
11436,81,830.59,2022,refunded
11437,442,540.98,2021,refunded
11438,394,139.81,2024,refunded
11439,117,706.17,2022,completed
11440,167,99.77,2021,pending
11441,117,434.46,2024,completed
11442,305,449.85,2022,completed
11443,297,699.81,2024,completed
11444,190,169.37,2021,cancelled
11445,280,219.98,2022,completed
11446,351,75.81,2020,cancelled
11447,57,544.69,2021,completed
11448,23,993.18,2022,completed
11449,51,948.73,2022,completed
11450,144,119.95,2022,completed
11451,239,922.22,2020,completed
11452,457,408.01,2020,cancelled
11453,391,541.06,2020,pending
11454,242,703.52,2024,refunded
11455,143,379.25,2024,cancelled
11456,161,149.11,2022,completed
11457,180,539.81,2024,cancelled
11458,425,842.88,2020,completed
11459,38,392.46,2022,refunded
11460,393,923.86,2022,refunded
11461,76,370.91,2024,refunded
11462,336,973.53,2022,cancelled
11463,37,827.53,2020,pending
11464,206,423.30,2024,completed
11465,357,458.00,2024,refunded
11466,344,784.42,2024,completed
11467,130,987.70,2023,refunded
11468,443,491.45,2020,refunded
11469,175,232.45,2020,refunded
11470,174,232.95,2020,completed
11471,1,722.70,2021,cancelled
11472,276,772.99,2020,cancelled
11473,462,796.04,2021,refunded
11474,255,318.19,2020,cancelled
11475,459,531.12,2023,refunded
11476,240,476.60,2021,cancelled
11477,40,284.44,2023,cancelled
11478,74,425.59,2022,completed
11479,395,277.56,2021,completed
11480,352,148.29,2020,pending
11481,303,211.88,2020,refunded
11482,230,673.37,2023,refunded
11483,405,966.99,2024,refunded
11484,204,465.57,2024,completed
11485,53,954.06,2022,completed
11486,149,420.03,2021,refunded
11487,97,99.36,2022,pending
11488,373,713.50,2022,pending
11489,32,642.91,2021,pending
11490,216,62.67,2021,refunded
11491,344,202.65,2021,completed
11492,351,819.49,2021,refunded
11493,142,116.69,2022,pending
11494,291,797.86,2020,cancelled
11495,443,229.91,2023,completed
11496,422,680.09,2021,completed
11497,25,751.47,2020,completed
11498,83,817.31,2021,pending
11499,491,560.72,2020,pending
11500,222,559.10,2022,completed
11501,296,629.01,2020,completed
11502,28,80.17,2021,pending
11503,441,809.17,2023,refunded
11504,393,53.46,2023,completed
11505,270,632.77,2023,completed
11506,309,720.93,2024,completed
11507,472,695.37,2024,cancelled
11508,163,187.49,2020,completed
11509,211,34.16,2021,refunded
11510,441,833.11,2024,completed
11511,164,744.95,2021,pending
11512,248,220.46,2023,pending
11513,24,609.20,2022,completed
11514,312,193.56,2020,pending
11515,47,37.79,2024,completed
11516,435,496.34,2021,completed
11517,464,957.79,2021,completed
11518,27,29.78,2021,pending
11519,284,548.96,2022,cancelled
11520,301,65.16,2020,pending
11521,224,110.24,2024,refunded
11522,200,759.13,2021,pending
11523,69,294.39,2024,refunded
11524,18,163.57,2023,pending
11525,9,502.55,2020,completed
11526,449,352.44,2024,cancelled
11527,277,856.04,2022,pending
11528,296,104.32,2023,pending
11529,259,451.88,2022,pending
11530,333,608.65,2023,completed
11531,31,546.66,2020,completed
11532,488,180.15,2022,completed
11533,374,648.04,2024,cancelled
11534,204,719.21,2023,cancelled
11535,434,52.86,2024,completed
11536,141,191.65,2021,completed
11537,318,251.99,2022,completed
11538,415,878.39,2020,completed
11539,410,171.51,2020,pending
11540,196,866.56,2024,cancelled
11541,196,159.78,2020,pending
11542,458,872.59,2024,completed
11543,172,302.74,2024,completed
11544,11,133.43,2024,pending
11545,206,121.68,2020,completed
11546,7,365.73,2023,cancelled
11547,448,805.62,2023,completed
11548,25,941.33,2022,cancelled
11549,209,232.50,2021,completed
11550,248,240.80,2020,completed
11551,102,545.41,2022,completed
11552,476,861.75,2024,cancelled
11553,146,964.16,2022,completed
11554,142,290.87,2021,completed
11555,78,524.64,2022,completed
11556,9,997.83,2021,refunded
11557,234,287.40,2024,completed
11558,44,753.32,2020,completed
11559,54,564.20,2020,completed
11560,351,264.22,2023,pending
11561,375,768.11,2024,refunded
11562,289,893.98,2020,refunded
11563,109,877.91,2022,pending
11564,143,804.64,2023,completed
11565,468,40.24,2020,completed
11566,74,598.52,2024,pending
11567,303,830.90,2024,cancelled
11568,19,478.52,2020,completed
11569,338,496.14,2022,cancelled
11570,179,852.96,2024,pending
11571,308,347.44,2021,completed
11572,223,97.60,2022,completed
11573,490,748.49,2023,refunded
11574,160,430.95,2020,pending
11575,340,145.16,2023,completed
11576,164,194.83,2023,refunded
11577,254,479.56,2021,completed
11578,380,749.01,2024,completed
11579,175,46.55,2021,completed
11580,495,174.82,2021,completed
11581,103,758.63,2022,refunded
11582,104,995.44,2023,completed
11583,196,38.48,2022,cancelled
11584,292,224.46,2024,completed
11585,135,860.20,2021,completed
11586,70,293.00,2020,completed
11587,387,479.38,2024,cancelled
11588,193,653.96,2023,completed
11589,393,868.69,2020,cancelled
11590,77,646.93,2023,completed
11591,11,675.57,2021,completed
11592,90,936.93,2024,pending
11593,472,207.42,2020,completed
11594,445,550.48,2020,completed
11595,297,551.20,2020,completed
11596,496,211.39,2020,completed
11597,355,77.30,2021,completed
11598,43,887.78,2022,cancelled
11599,328,526.43,2021,refunded
11600,497,677.82,2021,completed
11601,407,171.73,2022,completed
11602,433,884.42,2024,pending
11603,358,365.09,2023,refunded
11604,158,180.59,2021,cancelled
11605,24,419.46,2024,completed
11606,158,865.74,2022,completed
11607,99,907.30,2024,cancelled
11608,281,580.13,2023,completed
11609,44,322.27,2022,completed
11610,139,613.34,2022,cancelled
11611,216,927.11,2021,pending
11612,329,174.73,2021,completed
11613,340,670.49,2023,refunded
11614,108,546.44,2024,pending
11615,128,337.90,2021,cancelled
11616,373,78.14,2021,cancelled
11617,386,519.63,2020,completed
11618,232,370.21,2022,cancelled
11619,141,151.47,2024,refunded
11620,362,708.48,2021,completed
11621,398,985.83,2020,refunded
11622,341,535.75,2022,pending
11623,462,757.76,2024,completed
11624,241,979.90,2022,pending
11625,10,142.07,2023,pending
11626,146,836.64,2020,refunded
11627,192,239.25,2024,refunded
11628,337,267.13,2022,cancelled
11629,289,251.19,2024,cancelled
11630,295,220.81,2024,completed
11631,200,386.56,2020,completed
11632,493,753.42,2021,refunded
11633,77,220.02,2022,completed
11634,485,759.53,2022,refunded
11635,137,705.91,2024,completed
11636,105,512.46,2023,refunded
11637,217,606.32,2021,completed
11638,263,137.92,2023,refunded
11639,470,505.52,2023,completed
11640,339,785.32,2020,completed
11641,64,315.21,2022,cancelled
11642,233,299.95,2020,completed
11643,496,309.57,2024,pending
11644,316,357.84,2024,cancelled
11645,61,897.07,2024,refunded
11646,97,939.75,2023,cancelled
11647,176,342.65,2024,completed
11648,446,145.43,2024,pending
11649,349,503.19,2020,completed
11650,77,924.64,2021,completed
11651,44,456.44,2024,pending
11652,92,108.02,2021,pending
11653,225,216.45,2024,refunded
11654,405,425.13,2022,refunded
11655,74,442.35,2020,refunded
11656,337,662.76,2021,completed
11657,118,281.10,2024,pending
11658,115,502.94,2021,refunded
11659,232,393.21,2023,pending
11660,86,490.93,2022,refunded
11661,438,868.90,2021,pending
11662,242,232.21,2020,completed
11663,245,843.55,2022,refunded
11664,245,634.98,2021,completed
11665,152,233.24,2020,completed
11666,401,169.31,2023,completed
11667,268,541.92,2020,cancelled
11668,126,870.56,2024,refunded
11669,424,668.11,2021,completed
11670,387,97.78,2021,completed
11671,126,504.77,2024,completed
11672,477,967.49,2020,completed
11673,223,287.82,2020,pending
11674,145,744.90,2023,completed
11675,111,427.80,2020,cancelled
11676,153,112.30,2021,completed
11677,222,55.03,2024,completed
11678,179,353.29,2021,cancelled
11679,478,376.21,2024,pending
11680,429,143.03,2023,completed
11681,272,308.76,2021,pending
11682,472,206.40,2022,refunded
11683,47,79.55,2022,completed
11684,304,290.77,2022,completed
11685,112,360.13,2020,completed
11686,365,231.18,2022,completed
11687,2,779.99,2020,pending
11688,206,775.43,2024,completed
11689,27,358.87,2023,pending
11690,255,584.21,2023,refunded
11691,315,930.68,2022,completed
11692,122,440.32,2020,completed
11693,25,720.92,2021,refunded
11694,70,880.43,2023,completed
11695,458,965.58,2023,pending
11696,34,685.91,2023,completed
11697,441,325.62,2024,refunded
11698,98,329.44,2024,completed
11699,56,572.83,2023,completed
11700,57,396.70,2023,cancelled
11701,471,169.62,2020,completed
11702,408,904.25,2021,refunded
11703,198,242.24,2024,completed
11704,46,287.48,2022,cancelled
11705,422,979.65,2023,completed
11706,106,354.68,2023,refunded
11707,292,697.65,2023,completed
11708,370,730.46,2024,completed
11709,294,551.11,2024,refunded
11710,98,556.07,2023,pending
11711,271,484.52,2021,pending
11712,380,138.42,2023,refunded
11713,356,255.80,2022,completed
11714,13,114.47,2024,refunded
11715,17,204.07,2023,cancelled
11716,440,322.34,2021,completed
11717,291,177.17,2020,cancelled
11718,5,346.05,2024,completed
11719,276,245.39,2023,refunded
11720,237,402.87,2021,completed
11721,156,353.95,2024,refunded
11722,208,921.86,2020,completed
11723,89,384.79,2022,completed
11724,60,422.42,2021,completed
11725,135,732.09,2023,pending
11726,139,567.07,2024,completed
11727,41,805.59,2023,completed
11728,313,809.80,2022,completed
11729,332,170.48,2024,completed
11730,32,703.53,2023,refunded
11731,331,338.88,2021,pending
11732,182,184.21,2022,cancelled
11733,442,532.97,2022,completed
11734,295,47.20,2020,refunded
11735,385,282.86,2020,completed
11736,489,236.09,2021,completed
11737,227,360.21,2024,completed
11738,72,168.17,2020,completed
11739,86,406.54,2024,cancelled
11740,401,546.34,2021,cancelled
11741,158,374.49,2022,completed
11742,228,480.64,2024,refunded
11743,356,824.71,2022,completed
11744,358,47.78,2020,completed
11745,2,724.08,2023,completed
11746,149,346.89,2020,completed
11747,222,88.11,2022,refunded
11748,74,459.19,2023,completed
11749,258,556.15,2024,cancelled
11750,46,817.23,2020,pending
11751,258,350.06,2024,completed
11752,208,176.53,2023,completed
11753,416,132.48,2021,pending
11754,440,290.79,2024,refunded
11755,119,179.47,2022,refunded
11756,458,387.91,2020,completed
11757,86,481.79,2021,cancelled
11758,51,247.86,2022,cancelled
11759,431,12.95,2023,completed
11760,209,972.95,2021,completed
11761,227,65.80,2022,completed
11762,369,696.84,2023,completed
11763,177,284.90,2021,pending
11764,390,737.46,2021,refunded
11765,420,136.00,2024,refunded
11766,5,683.81,2021,cancelled
11767,198,94.60,2020,completed
11768,171,252.89,2023,completed
11769,275,705.65,2020,completed
11770,478,134.30,2020,completed
11771,429,259.71,2020,refunded
11772,283,236.02,2022,cancelled
11773,478,949.63,2024,completed
11774,173,693.78,2020,completed
11775,57,590.91,2024,completed
11776,287,663.51,2024,refunded
11777,27,606.60,2021,pending
11778,55,229.86,2023,completed
11779,204,283.28,2024,cancelled
11780,104,879.26,2020,completed
11781,337,927.57,2021,completed
11782,305,807.99,2023,completed
11783,346,149.48,2023,refunded
11784,281,296.79,2023,completed
11785,179,819.96,2020,completed
11786,157,100.00,2024,cancelled
11787,89,581.56,2022,cancelled
11788,479,927.05,2022,pending
11789,236,401.31,2024,completed
11790,142,757.66,2022,pending
11791,126,846.52,2024,completed
11792,277,209.51,2024,completed
11793,5,692.64,2020,completed
11794,484,479.41,2023,completed
11795,465,895.44,2022,completed
11796,329,796.00,2022,completed
11797,321,732.78,2024,completed
11798,498,739.70,2024,pending
11799,255,864.40,2022,completed
11800,123,733.24,2022,completed
11801,5,439.03,2021,completed
11802,349,906.27,2020,cancelled
11803,310,501.62,2021,cancelled
11804,64,795.57,2021,pending
11805,241,796.12,2021,completed
11806,307,778.29,2023,completed
11807,410,453.30,2020,completed
11808,263,913.50,2024,pending
11809,422,386.17,2023,completed
11810,234,653.52,2020,refunded
11811,290,881.29,2021,pending
11812,229,481.98,2021,cancelled
11813,164,345.41,2022,pending
11814,139,995.19,2022,completed
11815,447,167.59,2021,completed
11816,144,848.99,2021,completed
11817,250,29.45,2022,refunded
11818,460,600.52,2020,completed
11819,478,275.36,2022,refunded
11820,440,750.00,2022,completed
11821,268,797.67,2020,refunded
11822,146,67.40,2021,refunded
11823,189,268.60,2022,completed
11824,82,155.62,2021,cancelled
11825,303,672.82,2022,completed
11826,257,432.80,2020,cancelled
11827,41,923.83,2022,completed
11828,75,325.09,2024,completed
11829,191,35.65,2021,completed
11830,397,990.60,2020,completed
11831,108,149.43,2024,refunded
11832,346,399.50,2024,completed
11833,410,626.38,2021,cancelled
11834,293,642.35,2023,cancelled
11835,322,673.02,2021,completed
11836,398,79.83,2022,refunded
11837,78,235.68,2023,pending
11838,283,941.36,2024,completed
11839,47,140.28,2020,refunded
11840,328,895.74,2024,refunded
11841,252,995.44,2023,completed
11842,230,588.22,2023,completed
11843,152,983.46,2023,refunded
11844,187,710.22,2023,pending
11845,21,584.97,2024,completed
11846,489,689.13,2020,pending
11847,135,404.40,2021,pending
11848,177,797.16,2021,completed
11849,422,958.68,2023,cancelled
11850,85,669.80,2023,refunded
11851,160,345.30,2024,completed
11852,76,335.00,2021,cancelled
11853,220,951.37,2024,pending
11854,186,175.24,2020,cancelled
11855,349,992.61,2024,completed
11856,257,617.06,2021,completed
11857,97,182.91,2024,cancelled
11858,355,894.25,2022,completed
11859,347,967.91,2022,completed
11860,312,267.66,2024,cancelled
11861,472,544.28,2020,completed
11862,125,529.70,2021,completed
11863,174,35.25,2024,pending
11864,75,924.30,2021,pending
11865,240,351.22,2021,completed
11866,346,875.97,2023,completed
11867,438,86.63,2024,completed
11868,337,731.26,2023,refunded
11869,458,428.46,2024,pending
11870,279,191.52,2020,pending
11871,498,373.27,2023,completed
11872,296,86.09,2023,cancelled
11873,343,149.70,2021,completed
11874,86,984.00,2022,refunded
11875,2,878.89,2021,completed
11876,245,747.38,2021,cancelled
11877,56,473.79,2024,pending
11878,214,422.38,2023,refunded
11879,155,643.72,2023,refunded
11880,70,332.66,2021,pending
11881,256,866.16,2023,cancelled
11882,487,966.06,2023,completed
11883,39,60.02,2023,completed
11884,358,29.30,2023,completed
11885,109,505.40,2020,completed
11886,58,283.30,2022,pending
11887,58,125.62,2020,completed
11888,463,702.37,2023,refunded
11889,14,192.63,2020,pending
11890,382,288.30,2020,completed
11891,207,873.17,2021,pending
11892,429,182.81,2020,completed
11893,18,137.82,2023,cancelled
11894,316,810.33,2023,cancelled
11895,145,839.80,2021,pending
11896,206,920.38,2020,pending
11897,169,231.69,2024,pending
11898,144,45.84,2024,cancelled
11899,233,780.88,2022,cancelled
11900,223,452.25,2024,pending
11901,192,155.33,2022,completed
11902,449,900.10,2024,cancelled
11903,471,659.68,2023,completed
11904,267,146.70,2022,completed
11905,132,747.79,2020,pending
11906,348,216.14,2024,completed
11907,180,438.07,2020,completed
11908,322,491.30,2021,completed
11909,59,922.70,2021,pending
11910,295,515.36,2022,cancelled
11911,419,374.89,2022,refunded
11912,487,803.91,2023,completed
11913,106,266.75,2024,cancelled
11914,272,614.90,2022,refunded
11915,211,558.33,2023,completed
11916,53,414.53,2023,cancelled
11917,491,651.12,2022,refunded
11918,310,445.44,2021,cancelled
11919,448,329.14,2023,refunded
11920,219,588.39,2023,completed
11921,188,155.16,2022,completed
11922,460,417.64,2022,completed
11923,311,84.80,2021,completed
11924,441,342.98,2020,completed
11925,201,410.31,2021,completed
11926,450,346.90,2023,completed
11927,147,671.84,2024,refunded
11928,314,521.28,2021,cancelled
11929,414,965.34,2020,completed
11930,62,389.09,2021,refunded
11931,439,339.46,2024,cancelled
11932,280,941.82,2023,cancelled
11933,354,563.93,2023,completed
11934,487,284.16,2021,completed
11935,227,642.56,2021,completed
11936,403,453.07,2022,completed
11937,120,840.78,2023,completed
11938,476,711.04,2023,completed
11939,354,812.50,2023,completed
11940,92,197.58,2022,completed
11941,74,893.14,2022,completed
11942,448,599.84,2022,pending
11943,204,773.90,2020,pending
11944,21,260.88,2023,completed
11945,417,467.12,2020,completed
11946,443,242.15,2022,pending
11947,96,764.42,2024,completed
11948,31,855.91,2023,pending
11949,374,937.05,2020,refunded
11950,282,990.51,2020,pending
11951,30,514.73,2020,completed
11952,436,421.56,2023,completed
11953,144,595.93,2022,completed
11954,462,356.77,2022,refunded
11955,168,887.97,2023,cancelled
11956,224,912.27,2022,pending
11957,167,722.22,2020,completed
11958,251,626.11,2023,pending
11959,13,112.61,2024,completed
11960,450,119.72,2021,completed
11961,60,346.66,2022,refunded
11962,175,890.71,2024,cancelled
11963,407,710.41,2024,cancelled
11964,42,208.23,2021,refunded
11965,147,333.48,2023,completed
11966,367,207.60,2024,completed
11967,151,400.12,2020,completed
11968,277,788.54,2020,completed
11969,341,376.89,2024,completed
11970,406,933.10,2024,completed
11971,223,538.37,2023,refunded
11972,101,507.58,2022,completed
11973,498,423.89,2021,completed
11974,208,191.91,2023,pending
11975,31,677.35,2022,completed
11976,297,269.47,2023,completed
11977,414,199.70,2022,completed
11978,17,990.79,2023,pending
11979,344,156.47,2023,completed
11980,368,129.40,2022,refunded
11981,376,907.37,2021,completed
11982,416,579.91,2023,completed
11983,329,504.74,2023,refunded
11984,485,727.97,2020,completed
11985,227,620.48,2023,completed
11986,183,326.96,2020,pending
11987,20,191.49,2021,pending
11988,313,120.55,2024,completed
11989,95,590.59,2023,refunded
11990,294,613.08,2022,cancelled
11991,341,569.06,2024,refunded
11992,2,94.40,2023,completed
11993,176,202.51,2024,pending
11994,452,537.58,2023,completed
11995,17,216.50,2024,refunded
11996,353,887.58,2023,completed
11997,79,392.34,2023,pending
11998,428,254.71,2021,cancelled
11999,414,384.48,2020,completed
12000,476,750.81,2020,completed
12001,164,139.90,2021,completed
12002,286,842.49,2020,pending
12003,216,848.62,2023,completed
12004,134,875.79,2023,completed
12005,163,622.39,2023,pending
12006,189,330.02,2022,completed
12007,335,807.04,2022,refunded
12008,334,684.43,2024,completed
12009,97,990.73,2021,completed
12010,247,437.35,2021,completed
12011,285,426.76,2022,pending
12012,393,730.66,2020,completed
12013,7,504.71,2022,completed
12014,465,430.35,2022,completed
12015,487,634.33,2021,completed
12016,317,899.79,2021,completed
12017,198,905.16,2020,completed
12018,358,427.31,2022,completed
12019,98,455.39,2022,cancelled
12020,63,396.69,2023,refunded
12021,401,592.65,2024,refunded
12022,209,987.68,2020,cancelled
12023,479,47.17,2023,refunded
12024,291,113.32,2023,cancelled
12025,208,76.91,2020,completed
12026,119,53.93,2023,cancelled
12027,387,148.33,2023,completed
12028,390,590.61,2023,completed
12029,283,679.68,2024,pending
12030,354,987.81,2022,completed
12031,206,437.19,2022,completed
12032,232,683.49,2020,completed
12033,329,676.60,2020,pending
12034,114,304.82,2021,completed
12035,134,679.34,2020,pending
12036,415,721.17,2024,pending
12037,336,362.24,2020,completed
12038,129,57.22,2021,pending
12039,333,765.34,2020,cancelled
12040,398,172.94,2024,cancelled
12041,427,508.11,2020,completed
12042,449,304.87,2023,pending
12043,364,863.47,2021,refunded
12044,490,492.12,2022,completed
12045,130,419.02,2024,cancelled
12046,269,660.04,2024,pending
12047,133,339.48,2024,pending
12048,450,387.17,2024,pending
12049,332,954.15,2024,cancelled
12050,310,492.92,2021,pending
12051,384,610.67,2024,cancelled
12052,314,232.35,2023,completed
12053,259,409.92,2022,completed
12054,446,95.09,2020,refunded
12055,157,994.77,2021,completed
12056,253,884.47,2023,completed
12057,395,279.34,2020,pending
12058,294,654.56,2023,completed
12059,431,537.22,2020,cancelled
12060,31,668.90,2024,completed
12061,4,457.87,2021,refunded
12062,173,201.40,2022,pending
12063,393,445.60,2020,completed
12064,1,471.12,2024,completed
12065,360,270.99,2023,completed
12066,489,968.99,2023,completed
12067,114,629.21,2023,completed
12068,388,801.99,2023,cancelled
12069,277,93.71,2020,completed
12070,122,369.37,2020,cancelled
12071,148,646.37,2021,refunded
12072,241,690.75,2021,refunded
12073,82,101.12,2024,pending
12074,490,662.82,2024,completed
12075,98,713.72,2023,refunded
12076,427,917.23,2021,completed
12077,296,25.23,2021,pending
12078,497,148.12,2020,completed
12079,174,290.84,2023,pending
12080,374,269.44,2023,completed
12081,367,997.96,2021,completed
12082,305,259.23,2020,pending
12083,248,947.67,2021,refunded
12084,173,146.32,2020,cancelled
12085,358,412.02,2023,completed
12086,319,669.87,2024,cancelled
12087,7,705.36,2020,completed
12088,74,600.58,2022,completed
12089,343,304.64,2024,completed
12090,382,917.98,2023,completed
12091,290,182.36,2022,completed
12092,285,427.58,2024,cancelled
12093,466,325.09,2020,cancelled
12094,199,431.63,2021,completed
12095,60,626.90,2022,refunded
12096,423,479.86,2023,completed
12097,60,244.73,2020,completed
12098,59,886.79,2021,pending
12099,427,28.39,2024,completed
12100,346,194.23,2020,completed
12101,389,58.86,2024,cancelled
12102,311,840.37,2022,completed
12103,184,930.90,2022,pending
12104,295,27.24,2024,pending
12105,450,850.55,2021,refunded
12106,449,582.37,2024,refunded
12107,226,512.63,2024,cancelled
12108,396,113.62,2024,pending
12109,173,632.40,2021,completed
12110,348,170.41,2023,completed
12111,87,653.78,2023,cancelled
12112,434,100.09,2021,cancelled
12113,105,119.19,2022,pending
12114,96,715.27,2024,refunded
12115,63,501.61,2020,completed
12116,357,955.60,2022,cancelled
12117,202,249.76,2023,completed
12118,363,960.49,2021,refunded
12119,196,161.28,2023,pending
12120,60,730.19,2021,completed
12121,259,631.46,2020,completed
12122,4,572.17,2022,completed
12123,171,443.53,2024,cancelled
12124,121,570.64,2024,completed
12125,172,158.20,2023,completed
12126,88,115.38,2020,refunded
12127,161,54.49,2021,completed
12128,204,977.27,2023,completed
12129,79,926.68,2024,completed
12130,348,222.86,2021,pending
12131,497,631.83,2024,refunded
12132,384,308.25,2023,completed
12133,40,302.15,2022,refunded
12134,399,774.87,2021,pending
12135,245,28.57,2020,completed
12136,325,476.57,2024,refunded
12137,119,365.54,2023,completed
12138,332,46.72,2020,pending
12139,355,139.53,2023,refunded
12140,215,129.75,2023,completed
12141,311,486.16,2024,refunded
12142,214,676.97,2021,completed
12143,120,928.07,2023,refunded
12144,442,892.25,2022,completed
12145,88,731.93,2024,completed
12146,293,107.87,2021,refunded
12147,371,83.58,2021,completed
12148,274,44.73,2022,cancelled
12149,368,303.39,2020,refunded
12150,67,901.36,2021,pending
12151,493,362.83,2023,completed
12152,419,283.87,2021,completed
12153,382,844.17,2022,refunded
12154,346,118.11,2021,cancelled
12155,452,124.76,2023,pending
12156,350,676.70,2023,completed
12157,313,906.88,2023,pending
12158,51,501.28,2024,cancelled
12159,72,623.55,2021,completed
12160,276,506.59,2021,completed
12161,336,964.20,2021,pending
12162,298,247.77,2020,completed
12163,311,23.04,2021,cancelled
12164,93,618.59,2023,completed
12165,210,172.53,2020,completed
12166,436,345.92,2020,refunded
12167,419,406.60,2024,completed
12168,1,258.92,2023,cancelled
12169,260,158.92,2020,completed
12170,184,283.97,2021,completed
12171,376,128.94,2023,completed
12172,330,115.48,2024,refunded
12173,418,941.12,2020,completed
12174,184,202.99,2023,cancelled
12175,363,326.33,2023,refunded
12176,13,192.05,2023,completed
12177,12,519.02,2021,completed
12178,143,937.52,2021,completed
12179,494,315.26,2021,cancelled
12180,466,601.75,2021,completed
12181,268,286.43,2024,completed
12182,25,597.94,2022,completed
12183,464,70.96,2022,completed
12184,23,358.18,2024,completed
12185,500,712.62,2021,completed
12186,434,919.45,2020,refunded
12187,305,879.78,2022,completed
12188,259,775.65,2020,completed
12189,260,906.53,2021,pending
12190,7,689.50,2020,cancelled
12191,495,724.46,2020,refunded
12192,342,71.09,2021,cancelled
12193,350,645.63,2023,completed
12194,240,831.27,2021,completed
12195,286,728.43,2024,completed
12196,209,515.64,2023,completed
12197,142,626.03,2024,refunded
12198,277,470.27,2024,completed
12199,13,260.88,2021,cancelled
12200,99,466.49,2024,pending
12201,98,647.91,2023,completed
12202,43,571.16,2023,refunded
12203,482,828.95,2020,completed
12204,210,637.98,2023,cancelled
12205,355,609.16,2020,completed
12206,410,184.19,2023,cancelled
12207,184,256.85,2022,completed
12208,470,345.30,2020,completed
12209,342,188.26,2021,refunded
12210,349,743.70,2021,pending
12211,289,744.41,2024,pending
12212,330,831.48,2021,completed
12213,220,206.12,2023,cancelled
12214,234,790.12,2024,pending
12215,62,84.59,2020,completed
12216,249,695.61,2022,pending
12217,355,618.84,2023,completed
12218,98,501.38,2023,completed
12219,289,583.22,2020,completed
12220,499,375.77,2024,completed
12221,16,200.15,2023,pending
12222,456,499.80,2020,completed
12223,197,730.36,2024,refunded
12224,318,766.79,2020,completed
12225,120,347.35,2021,refunded
12226,455,248.52,2023,pending
12227,209,233.97,2023,cancelled
12228,124,192.12,2024,refunded
12229,38,296.99,2021,refunded
12230,76,700.53,2022,cancelled
12231,353,485.35,2024,refunded
12232,59,748.60,2020,completed
12233,180,110.83,2020,refunded
12234,320,437.35,2024,completed
12235,5,108.85,2023,completed
12236,215,532.04,2024,completed
12237,387,219.33,2022,completed
12238,398,850.80,2020,pending
12239,332,991.99,2020,completed
12240,246,59.65,2022,completed
12241,380,33.33,2021,refunded
12242,269,320.74,2020,completed
12243,38,556.51,2020,completed
12244,219,362.73,2021,refunded
12245,485,845.03,2022,pending
12246,278,246.59,2024,pending
12247,419,476.52,2023,completed
12248,361,436.74,2021,cancelled
12249,28,855.66,2023,completed
12250,234,642.22,2022,completed
12251,385,963.82,2023,completed
12252,345,371.27,2020,refunded
12253,253,607.06,2020,completed
12254,125,659.58,2024,completed
12255,123,171.18,2023,completed
12256,380,282.17,2023,completed
12257,147,33.57,2021,pending
12258,96,513.34,2021,cancelled
12259,356,991.03,2020,pending
12260,285,191.84,2020,completed
12261,318,367.77,2021,cancelled
12262,481,734.08,2021,completed
12263,36,426.06,2020,pending
12264,184,938.55,2024,refunded
12265,14,887.41,2021,completed
12266,406,724.77,2024,completed
12267,39,548.34,2024,completed
12268,16,41.04,2022,completed
12269,72,634.30,2020,refunded
12270,183,665.99,2021,refunded
12271,448,72.96,2023,cancelled
12272,209,860.82,2023,completed
12273,85,106.66,2021,completed
12274,35,512.84,2022,completed
12275,80,630.45,2020,completed
12276,491,285.29,2023,completed
12277,159,27.88,2022,cancelled
12278,379,611.44,2022,completed
12279,49,850.32,2020,pending
12280,484,580.43,2022,refunded
12281,297,725.39,2020,cancelled
12282,445,252.64,2022,completed
12283,359,96.60,2024,completed
12284,195,276.20,2021,completed
12285,134,69.46,2022,completed
12286,462,585.01,2023,refunded
12287,263,100.55,2020,cancelled
12288,362,341.88,2021,pending
12289,166,457.21,2020,cancelled
12290,236,933.40,2022,refunded
12291,123,10.05,2021,completed
12292,420,819.67,2021,pending
12293,12,317.91,2023,pending
12294,445,134.13,2021,pending
12295,431,881.48,2024,refunded
12296,171,826.53,2022,completed
12297,258,407.60,2023,refunded
12298,39,342.40,2024,refunded
12299,154,174.54,2022,cancelled
12300,118,520.07,2023,pending
12301,2,916.54,2022,pending
12302,153,82.34,2021,refunded
12303,172,715.34,2022,refunded
12304,393,840.19,2024,refunded
12305,171,994.40,2020,completed
12306,282,569.26,2024,refunded
12307,267,931.17,2021,refunded
12308,96,377.77,2024,cancelled
12309,12,736.24,2020,completed
12310,177,952.89,2020,completed
12311,417,462.62,2023,refunded
12312,444,405.96,2021,refunded
12313,428,717.04,2022,completed
12314,252,946.60,2020,refunded
12315,69,334.06,2022,cancelled
12316,75,43.87,2020,pending
12317,161,442.07,2021,completed
12318,121,415.77,2020,completed
12319,39,99.44,2024,pending
12320,411,545.22,2024,refunded
12321,378,306.68,2022,refunded
12322,190,980.83,2020,completed
12323,470,585.05,2023,completed
12324,387,234.92,2021,pending
12325,301,138.45,2023,completed
12326,157,626.63,2021,refunded
12327,155,656.09,2022,completed
12328,487,567.25,2023,refunded
12329,53,826.06,2022,completed
12330,358,461.34,2024,cancelled
12331,119,530.80,2024,completed
12332,423,801.46,2020,completed
12333,411,169.80,2021,refunded
12334,435,798.00,2023,completed
12335,95,157.51,2020,completed
12336,445,898.73,2021,completed
12337,282,897.93,2021,refunded
12338,34,94.75,2022,cancelled
12339,127,195.02,2024,completed
12340,395,340.00,2021,completed
12341,188,520.97,2023,completed
12342,183,356.64,2024,completed
12343,40,218.68,2022,completed
12344,264,461.39,2021,cancelled
12345,4,89.03,2022,cancelled
12346,352,638.87,2024,cancelled
12347,98,46.71,2023,completed
12348,68,901.91,2021,completed
12349,69,296.38,2024,completed
12350,431,244.94,2024,completed
12351,422,313.43,2023,refunded
12352,200,348.22,2023,cancelled
12353,492,655.31,2021,refunded
12354,84,999.56,2021,completed
12355,337,316.48,2024,refunded
12356,66,28.95,2021,cancelled
12357,299,988.88,2023,completed
12358,37,986.13,2021,completed
12359,158,309.14,2024,completed
12360,302,662.84,2024,completed
12361,53,170.91,2022,completed
12362,99,474.65,2023,refunded
12363,127,437.74,2021,completed
12364,289,472.00,2022,completed
12365,186,232.75,2021,completed
12366,146,538.52,2021,refunded
12367,174,362.67,2020,pending
12368,390,71.06,2021,completed
12369,451,948.27,2021,refunded
12370,481,730.95,2022,cancelled
12371,56,148.42,2022,completed
12372,11,786.99,2020,pending
12373,200,972.75,2021,refunded
12374,102,381.64,2020,refunded
12375,116,252.60,2023,refunded
12376,219,646.66,2023,completed
12377,100,126.05,2024,refunded
12378,72,483.28,2020,refunded
12379,2,31.21,2022,cancelled
12380,51,141.53,2022,completed
12381,63,864.71,2021,pending
12382,206,809.71,2022,cancelled
12383,73,411.47,2024,completed
12384,281,199.62,2021,completed
12385,114,458.77,2020,completed
12386,110,277.25,2022,completed
12387,176,542.62,2020,cancelled
12388,405,708.33,2021,cancelled
12389,454,310.81,2022,cancelled
12390,187,15.94,2021,completed
12391,313,312.45,2021,completed
12392,175,252.98,2021,pending
12393,368,273.41,2021,completed
12394,96,146.65,2024,completed
12395,136,913.65,2024,cancelled
12396,337,425.63,2021,refunded
12397,309,113.56,2024,cancelled
12398,255,342.19,2021,refunded
12399,379,61.87,2023,pending
12400,484,643.28,2024,refunded
12401,325,685.03,2020,completed
12402,140,446.45,2020,completed
12403,7,308.54,2024,refunded
12404,367,238.59,2021,cancelled
12405,191,912.13,2020,completed
12406,318,738.59,2022,cancelled
12407,356,973.47,2020,pending
12408,480,78.20,2022,completed
12409,276,680.93,2020,completed
12410,444,747.90,2021,cancelled
12411,29,142.53,2022,completed
12412,80,612.90,2023,pending
12413,100,694.47,2023,refunded
12414,181,573.63,2020,pending
12415,75,466.45,2021,pending
12416,186,796.73,2024,completed
12417,128,68.77,2023,completed
12418,152,592.17,2020,cancelled
12419,358,494.45,2024,cancelled
12420,310,697.81,2024,pending
12421,50,570.93,2022,completed
12422,472,718.15,2023,completed
12423,291,881.63,2024,refunded
12424,99,960.65,2024,completed
12425,164,675.56,2023,pending
12426,246,834.06,2022,completed
12427,201,264.28,2024,cancelled
12428,224,403.50,2021,completed
12429,248,996.29,2020,cancelled
12430,5,885.02,2024,completed
12431,281,47.90,2023,completed
12432,241,531.04,2023,completed
12433,338,273.10,2021,refunded
12434,301,154.46,2021,pending
12435,100,283.21,2024,completed
12436,97,491.81,2024,refunded
12437,474,992.63,2021,completed
12438,11,443.90,2020,pending
12439,315,961.59,2023,cancelled
12440,32,134.73,2024,refunded
12441,492,77.61,2022,completed
12442,443,519.79,2020,cancelled
12443,372,260.88,2021,completed
12444,109,212.85,2020,completed
12445,78,330.96,2024,completed
12446,153,143.56,2024,completed
12447,474,532.04,2024,completed
12448,50,990.23,2024,completed
12449,291,322.27,2021,completed
12450,489,153.85,2020,completed
12451,278,912.64,2020,completed
12452,48,352.40,2020,completed
12453,221,509.86,2020,completed
12454,238,399.49,2023,refunded
12455,430,621.07,2024,completed
12456,316,384.21,2023,completed
12457,208,135.44,2022,completed
12458,319,619.87,2020,cancelled
12459,116,560.81,2021,cancelled
12460,319,153.54,2023,refunded
12461,375,296.94,2023,completed
12462,66,24.60,2022,cancelled
12463,296,889.46,2023,refunded
12464,104,662.16,2022,completed
12465,15,718.57,2020,cancelled
12466,469,647.96,2023,completed
12467,199,358.20,2023,refunded
12468,368,155.02,2023,completed
12469,414,864.36,2024,completed
12470,113,916.39,2024,completed
12471,50,626.49,2023,cancelled
12472,187,337.98,2020,completed
12473,129,329.80,2020,refunded
12474,171,921.58,2024,completed
12475,460,400.46,2020,completed
12476,356,542.62,2020,completed
12477,497,381.03,2023,refunded
12478,75,975.23,2022,pending
12479,183,89.30,2023,completed
12480,220,398.26,2024,completed
12481,312,12.43,2024,completed
12482,189,54.69,2021,pending
12483,285,174.15,2020,refunded
12484,210,835.51,2024,cancelled
12485,293,239.24,2023,completed
12486,161,139.36,2024,completed
12487,348,651.99,2021,completed
12488,54,218.41,2023,refunded
12489,474,718.74,2024,completed
12490,334,981.07,2022,completed
12491,137,19.35,2022,cancelled
12492,41,229.26,2023,completed
12493,275,703.42,2023,completed
12494,241,22.57,2022,completed
12495,323,714.19,2024,completed
12496,275,739.92,2020,refunded
12497,143,177.87,2024,completed
12498,66,33.05,2022,pending
12499,455,472.78,2022,refunded
12500,387,920.96,2024,completed
12501,146,476.26,2021,completed
12502,273,32.03,2020,completed
12503,280,73.79,2022,completed
12504,292,837.82,2022,completed
12505,160,361.22,2022,completed
12506,358,592.42,2020,completed
12507,424,51.40,2024,cancelled
12508,225,389.82,2022,completed
12509,329,441.62,2021,cancelled
12510,187,298.16,2021,refunded
12511,259,567.49,2024,refunded
12512,289,168.29,2021,cancelled
12513,225,318.05,2021,cancelled
12514,62,47.49,2023,refunded
12515,256,150.78,2024,refunded
12516,117,978.09,2022,completed
12517,403,349.91,2023,completed
12518,195,557.65,2022,completed
12519,429,26.52,2021,cancelled
12520,61,50.44,2022,completed
12521,455,432.83,2022,cancelled
12522,119,848.87,2021,refunded
12523,25,50.27,2024,cancelled
12524,242,578.14,2024,completed
12525,24,45.63,2023,refunded
12526,443,454.20,2022,completed
12527,375,534.63,2020,pending
12528,483,484.53,2021,completed
12529,178,68.77,2022,completed
12530,3,204.04,2024,completed
12531,360,458.23,2020,cancelled
12532,431,741.92,2023,pending
12533,408,544.96,2022,completed
12534,86,894.96,2024,completed
12535,233,771.41,2023,completed
12536,43,302.50,2024,completed
12537,276,430.44,2020,completed
12538,289,551.42,2024,refunded
12539,497,387.51,2024,completed
12540,352,216.88,2021,completed
12541,40,533.18,2023,completed
12542,267,289.25,2021,refunded
12543,155,835.58,2020,pending
12544,345,369.89,2021,pending
12545,461,939.83,2021,cancelled
12546,286,673.04,2021,completed
12547,206,738.49,2023,completed
12548,268,894.26,2024,completed
12549,145,944.21,2020,cancelled
12550,363,814.07,2020,pending
12551,325,522.70,2024,completed
12552,394,582.84,2023,pending
12553,253,559.29,2020,completed
12554,286,12.86,2021,completed
12555,123,682.59,2024,cancelled
12556,424,474.45,2021,completed
12557,391,46.65,2020,completed
12558,480,744.48,2024,refunded
12559,487,974.16,2022,completed
12560,84,724.50,2020,cancelled
12561,352,771.83,2023,completed
12562,223,610.78,2020,cancelled
12563,410,706.87,2020,pending
12564,9,157.58,2023,pending
12565,247,345.40,2023,completed
12566,64,457.86,2022,completed
12567,116,749.53,2022,completed
12568,184,639.92,2023,pending
12569,484,833.73,2024,refunded
12570,28,667.75,2024,refunded
12571,213,82.49,2022,completed
12572,353,311.42,2022,pending
12573,389,696.16,2022,completed
12574,182,876.51,2020,completed
12575,73,749.49,2023,pending
12576,416,571.98,2021,completed
12577,232,142.22,2023,completed
12578,137,680.29,2023,cancelled
12579,324,962.31,2020,completed
12580,488,93.32,2021,cancelled
12581,367,36.23,2023,refunded
12582,434,238.95,2024,pending
12583,497,99.14,2024,completed
12584,64,972.08,2020,pending
12585,435,27.25,2020,pending
12586,378,682.77,2021,cancelled
12587,390,636.93,2021,completed
12588,232,361.48,2020,completed
12589,95,447.37,2023,cancelled
12590,272,798.80,2023,pending
12591,140,418.61,2022,completed
12592,242,212.99,2023,completed
12593,114,222.34,2022,refunded
12594,500,543.29,2023,completed
12595,473,781.99,2022,completed
12596,336,943.62,2023,refunded
12597,293,554.70,2022,completed
12598,44,269.85,2024,cancelled
12599,302,283.91,2020,pending
12600,160,249.27,2024,completed
12601,268,789.28,2023,completed
12602,361,425.09,2022,completed
12603,130,17.34,2020,completed
12604,456,295.02,2022,completed
12605,109,494.10,2020,pending
12606,355,943.00,2024,completed
12607,152,330.33,2020,completed
12608,307,636.88,2023,pending
12609,103,795.85,2022,cancelled
12610,107,132.82,2020,completed
12611,39,519.01,2020,completed
12612,488,769.39,2023,completed
12613,99,131.02,2021,cancelled
12614,483,597.69,2023,pending
12615,98,403.04,2021,pending
12616,484,665.43,2020,completed
12617,72,745.17,2023,completed
12618,243,416.92,2022,completed
12619,306,434.22,2024,completed
12620,417,447.50,2020,pending
12621,238,263.81,2023,refunded
12622,218,821.44,2021,pending
12623,34,693.76,2023,completed
12624,447,972.95,2023,refunded
12625,460,678.93,2022,pending
12626,167,221.90,2024,completed
12627,315,386.22,2024,completed
12628,29,655.31,2020,refunded
12629,28,808.89,2022,refunded
12630,335,464.98,2021,completed
12631,141,940.40,2022,refunded
12632,113,307.91,2022,pending
12633,371,713.01,2022,cancelled
12634,358,955.90,2020,completed
12635,70,122.82,2023,completed
12636,99,78.95,2023,completed
12637,228,408.79,2021,completed
12638,431,486.77,2023,cancelled
12639,4,326.58,2022,cancelled
12640,143,453.99,2023,completed
12641,237,109.30,2021,completed
12642,235,699.12,2024,pending
12643,206,307.51,2023,completed
12644,391,885.04,2022,completed
12645,394,821.04,2022,completed
12646,278,348.62,2024,completed
12647,163,330.21,2022,pending
12648,489,681.48,2024,pending
12649,260,950.33,2022,completed
12650,415,717.74,2020,completed
12651,75,899.14,2022,pending
12652,97,500.67,2022,refunded
12653,182,511.22,2023,refunded
12654,267,94.59,2022,pending
12655,154,46.44,2021,pending
12656,314,322.05,2022,completed
12657,203,824.22,2024,pending
12658,166,394.60,2023,completed
12659,172,914.99,2021,pending
12660,310,615.24,2023,completed
12661,242,528.06,2024,pending
12662,401,664.85,2024,pending
12663,348,647.55,2022,completed
12664,149,439.76,2023,completed
12665,183,980.91,2024,completed
12666,491,829.54,2021,completed
12667,64,261.68,2023,cancelled
12668,50,42.01,2022,refunded
12669,53,802.99,2024,completed
12670,320,801.99,2020,completed
12671,85,149.38,2022,completed
12672,272,93.80,2024,completed
12673,39,947.93,2022,completed
12674,88,418.78,2023,completed
12675,10,547.20,2020,refunded
12676,436,243.95,2020,pending
12677,463,845.77,2021,completed
12678,65,934.70,2021,cancelled
12679,375,613.69,2024,cancelled
12680,142,823.06,2021,cancelled
12681,437,13.22,2024,completed
12682,168,244.92,2021,refunded
12683,258,266.68,2023,cancelled
12684,13,786.28,2020,pending
12685,420,791.70,2024,completed
12686,421,748.63,2020,pending
12687,442,938.60,2023,pending
12688,263,794.07,2021,cancelled
12689,319,326.67,2024,cancelled
12690,386,602.61,2022,completed
12691,144,692.46,2021,completed
12692,459,469.35,2020,pending
12693,421,512.84,2023,completed
12694,443,393.47,2023,refunded
12695,339,766.71,2021,cancelled
12696,488,524.73,2022,cancelled
12697,276,591.59,2023,completed
12698,392,995.33,2020,cancelled
12699,113,630.77,2022,pending
12700,403,90.80,2020,completed
12701,369,873.57,2022,completed
12702,448,801.57,2020,refunded
12703,287,295.24,2021,refunded
12704,229,305.60,2020,completed
12705,348,130.60,2021,completed
12706,207,138.98,2023,cancelled
12707,247,122.66,2022,completed
12708,1,83.26,2023,cancelled
12709,183,520.50,2023,completed
12710,306,109.54,2021,completed
12711,486,100.13,2024,completed
12712,428,701.08,2024,cancelled
12713,256,929.44,2021,completed
12714,67,262.36,2024,completed
12715,412,109.78,2024,completed
12716,135,461.70,2020,completed
12717,282,187.60,2024,pending
12718,254,470.22,2021,completed
12719,499,872.62,2021,completed
12720,474,380.63,2023,completed
12721,337,356.85,2022,completed
12722,473,948.90,2023,completed
12723,119,245.85,2024,cancelled
12724,84,120.88,2022,completed
12725,238,787.97,2021,cancelled
12726,467,988.24,2023,cancelled
12727,257,829.89,2023,completed
12728,53,656.56,2021,completed
12729,105,692.05,2021,cancelled
12730,406,243.60,2021,cancelled
12731,237,576.09,2020,completed
12732,322,658.23,2020,completed
12733,94,635.25,2020,completed
12734,365,672.29,2023,completed
12735,197,85.58,2020,cancelled
12736,377,969.48,2023,completed
12737,464,631.58,2021,cancelled
12738,232,876.00,2021,pending
12739,311,246.57,2021,completed
12740,460,146.00,2022,completed
12741,24,770.56,2021,refunded
12742,76,505.35,2022,completed
12743,179,98.95,2021,cancelled
12744,163,357.65,2024,pending
12745,76,310.19,2021,completed
12746,475,402.89,2021,completed
12747,124,514.41,2021,pending
12748,232,119.81,2021,completed
12749,257,141.04,2023,cancelled
12750,298,216.72,2021,refunded
12751,414,578.51,2022,completed
12752,199,214.86,2023,pending
12753,24,918.90,2021,refunded
12754,29,92.06,2023,completed
12755,393,751.75,2022,completed
12756,322,828.90,2022,cancelled
12757,226,866.97,2020,completed
12758,7,336.71,2024,pending
12759,51,87.36,2024,completed
12760,62,546.16,2020,pending
12761,400,549.28,2024,pending
12762,411,455.49,2024,cancelled
12763,439,298.46,2023,pending
12764,150,433.39,2024,cancelled
12765,247,332.19,2023,pending
12766,384,584.18,2023,completed
12767,278,600.06,2024,completed
12768,175,97.42,2020,completed
12769,121,527.40,2024,pending
12770,425,633.55,2024,refunded
12771,396,124.94,2023,cancelled
12772,374,557.96,2024,refunded
12773,263,970.64,2022,completed
12774,40,210.79,2024,completed
12775,192,673.04,2022,refunded
12776,418,430.67,2021,refunded
12777,248,998.31,2024,completed
12778,216,444.26,2020,pending
12779,138,831.72,2022,completed
12780,151,276.73,2023,refunded
12781,374,433.41,2020,refunded
12782,333,26.01,2022,completed
12783,193,657.71,2022,refunded
12784,456,716.29,2024,completed
12785,180,882.74,2020,completed
12786,283,877.68,2021,completed
12787,393,307.60,2021,completed
12788,162,767.23,2022,completed
12789,353,938.37,2021,completed
12790,187,105.91,2022,completed
12791,158,574.85,2023,completed
12792,106,114.22,2022,pending
12793,182,484.12,2020,cancelled
12794,274,440.69,2023,pending
12795,299,755.60,2021,refunded
12796,340,66.76,2023,refunded
12797,233,468.49,2021,completed
12798,434,61.60,2023,completed
12799,332,380.43,2021,pending
12800,335,384.06,2021,completed
12801,133,838.66,2022,refunded
12802,253,229.28,2023,refunded
12803,442,294.32,2021,cancelled
12804,212,238.17,2022,completed
12805,44,248.23,2021,refunded
12806,459,636.39,2022,pending
12807,34,486.12,2023,refunded
12808,354,113.93,2020,pending
12809,6,520.41,2021,cancelled
12810,459,658.12,2024,cancelled
12811,109,987.59,2023,completed
12812,107,751.91,2022,refunded
12813,264,862.51,2024,refunded
12814,246,564.35,2023,completed
12815,251,285.72,2020,completed
12816,325,990.63,2022,completed
12817,188,241.22,2023,cancelled
12818,425,490.66,2020,cancelled
12819,79,819.46,2021,cancelled
12820,324,661.94,2021,pending
12821,247,129.18,2023,pending
12822,165,366.92,2022,completed
12823,35,666.65,2024,completed
12824,104,695.87,2021,pending
12825,124,645.98,2021,completed
12826,418,835.28,2022,cancelled
12827,407,389.63,2024,refunded
12828,51,877.80,2020,cancelled
12829,147,773.89,2020,cancelled
12830,195,373.61,2022,pending
12831,250,622.73,2022,completed
12832,330,604.31,2021,completed
12833,251,834.51,2024,completed
12834,91,364.80,2020,refunded
12835,202,967.96,2022,completed
12836,184,394.43,2024,completed
12837,287,660.65,2022,pending
12838,188,790.77,2020,cancelled
12839,130,100.44,2022,completed
12840,416,270.34,2023,completed
12841,190,294.57,2020,completed
12842,152,51.74,2022,completed
12843,497,146.40,2020,cancelled
12844,446,753.63,2020,completed
12845,113,593.67,2023,cancelled
12846,35,945.28,2023,refunded
12847,328,40.58,2024,completed
12848,463,265.03,2021,pending
12849,399,95.75,2023,refunded
12850,219,538.24,2020,completed
12851,81,818.68,2020,pending
12852,17,711.61,2023,pending
12853,96,772.08,2023,pending
12854,62,57.76,2020,completed
12855,290,313.72,2024,completed
12856,377,841.61,2020,refunded
12857,396,750.66,2021,refunded
12858,391,434.71,2022,completed
12859,483,658.55,2020,pending
12860,74,546.22,2022,cancelled
12861,453,897.94,2022,completed
12862,469,638.08,2021,completed
12863,18,902.62,2022,completed
12864,118,973.30,2022,completed
12865,318,116.56,2020,completed
12866,385,957.55,2021,completed
12867,210,457.22,2021,completed
12868,221,803.64,2024,completed
12869,312,481.30,2024,cancelled
12870,6,142.93,2021,completed
12871,198,556.84,2024,cancelled
12872,331,606.90,2021,refunded
12873,420,515.10,2023,cancelled
12874,300,924.77,2023,pending
12875,31,634.64,2022,completed
12876,81,911.57,2020,cancelled
12877,168,19.44,2020,completed
12878,174,364.03,2022,completed
12879,33,956.84,2022,refunded
12880,463,445.00,2020,completed
12881,429,553.61,2020,completed
12882,50,480.12,2023,completed
12883,138,783.89,2021,pending
12884,238,890.59,2024,pending
12885,144,235.49,2023,completed
12886,123,338.34,2024,pending
12887,202,784.09,2022,completed
12888,382,894.52,2022,completed
12889,68,562.79,2021,pending
12890,95,998.25,2020,completed
12891,229,413.26,2022,completed
12892,437,464.57,2023,pending
12893,162,649.49,2021,completed
12894,419,891.45,2020,pending
12895,198,784.37,2023,completed
12896,479,811.71,2021,cancelled
12897,213,375.14,2022,completed
12898,149,775.78,2024,completed
12899,125,202.32,2023,cancelled
12900,55,711.68,2021,refunded
12901,200,693.86,2023,cancelled
12902,104,86.74,2024,cancelled
12903,90,714.88,2020,refunded
12904,54,38.88,2021,cancelled
12905,438,815.14,2024,completed
12906,127,825.54,2021,completed
12907,92,217.52,2020,cancelled
12908,466,853.77,2024,completed
12909,469,38.58,2020,completed
12910,14,190.51,2024,completed
12911,396,287.60,2023,completed
12912,279,561.31,2022,completed
12913,65,916.43,2020,pending
12914,449,757.39,2020,completed
12915,434,48.48,2024,completed
12916,75,75.25,2020,cancelled
12917,350,142.82,2021,pending
12918,441,228.31,2024,pending
12919,62,558.75,2023,refunded
12920,248,518.46,2021,cancelled
12921,420,576.93,2021,completed
12922,292,285.94,2020,completed
12923,234,288.71,2020,completed
12924,251,27.34,2024,pending
12925,332,439.71,2023,completed
12926,337,21.44,2021,completed
12927,217,203.56,2020,pending
12928,426,51.48,2020,cancelled
12929,364,393.31,2024,completed
12930,185,919.37,2024,completed
12931,141,395.43,2022,pending
12932,82,544.83,2024,cancelled
12933,364,819.66,2024,completed
12934,2,206.58,2021,pending
12935,232,98.33,2021,completed
12936,345,661.76,2024,refunded
12937,170,182.63,2021,refunded
12938,1,680.81,2020,pending
12939,170,108.03,2024,completed
12940,313,635.28,2020,completed
12941,84,533.34,2020,cancelled
12942,222,147.70,2023,refunded
12943,185,47.32,2020,refunded
12944,289,697.87,2020,completed
12945,420,79.63,2021,refunded
12946,185,842.79,2021,cancelled
12947,294,139.19,2023,completed
12948,396,902.44,2021,completed
12949,136,772.50,2023,pending
12950,159,739.82,2020,refunded
12951,168,409.72,2021,completed
12952,52,464.00,2023,cancelled
12953,304,142.77,2022,completed
12954,123,159.51,2024,completed
12955,113,476.35,2020,pending
12956,337,942.65,2020,pending
12957,103,184.84,2020,pending
12958,417,408.25,2024,completed
12959,369,978.15,2023,completed
12960,3,872.57,2022,refunded
12961,241,894.76,2022,completed
12962,63,225.92,2021,cancelled
12963,148,565.72,2021,refunded
12964,46,129.27,2020,completed
12965,39,661.34,2022,pending
12966,287,236.96,2020,pending
12967,197,669.37,2023,cancelled
12968,155,394.46,2020,cancelled
12969,255,441.81,2022,completed
12970,160,532.23,2023,refunded
12971,19,397.19,2022,refunded
12972,88,227.64,2021,refunded
12973,351,849.79,2023,pending
12974,254,15.74,2022,completed
12975,255,727.89,2024,cancelled
12976,435,113.81,2020,refunded
12977,468,73.92,2020,pending
12978,262,182.39,2022,pending
12979,78,858.12,2020,completed
12980,121,246.68,2022,cancelled
12981,153,719.51,2021,refunded
12982,467,995.01,2021,completed
12983,424,551.99,2021,cancelled
12984,246,878.11,2021,completed
12985,151,648.85,2021,completed
12986,398,215.94,2020,cancelled
12987,307,770.14,2023,refunded
12988,232,262.82,2024,completed
12989,98,184.11,2020,completed
12990,330,582.92,2020,completed
12991,431,720.05,2021,completed
12992,179,192.27,2023,completed
12993,203,913.69,2024,pending
12994,29,266.69,2022,completed
12995,404,881.11,2024,completed
12996,389,367.88,2020,pending
12997,435,612.75,2023,completed
12998,195,261.82,2020,refunded
12999,325,157.47,2020,refunded
13000,310,270.96,2022,cancelled
13001,376,139.70,2021,refunded
13002,123,234.92,2024,completed
13003,319,443.33,2021,pending
13004,179,563.53,2021,completed
13005,171,208.28,2020,pending
13006,350,743.53,2021,completed
13007,225,703.31,2023,refunded
13008,48,849.57,2021,cancelled
13009,283,67.13,2021,pending
13010,426,664.05,2024,pending
13011,465,280.93,2020,completed
13012,340,185.22,2021,pending
13013,98,149.67,2023,cancelled
13014,136,364.93,2020,refunded
13015,150,414.98,2020,completed
13016,371,70.60,2020,completed
13017,144,906.33,2024,cancelled
13018,173,728.68,2023,cancelled
13019,152,965.62,2022,completed
13020,5,874.25,2021,completed
13021,311,796.02,2022,cancelled
13022,48,221.57,2023,pending
13023,307,291.08,2024,refunded
13024,389,929.42,2023,completed
13025,456,118.15,2020,completed
13026,99,654.55,2022,cancelled
13027,211,860.19,2021,completed
13028,88,806.08,2021,completed
13029,280,810.18,2024,cancelled
13030,151,871.88,2022,completed
13031,277,358.89,2023,refunded
13032,455,362.54,2024,completed
13033,455,17.39,2022,pending
13034,494,159.58,2020,refunded
13035,334,725.08,2020,completed
13036,287,14.37,2024,cancelled
13037,388,662.55,2024,completed
13038,463,84.35,2023,completed
13039,382,426.33,2024,completed
13040,53,671.80,2021,cancelled
13041,499,270.40,2024,completed
13042,20,397.39,2024,completed
13043,226,18.87,2023,completed
13044,403,18.48,2021,cancelled
13045,196,995.87,2022,pending
13046,331,162.08,2022,completed
13047,423,671.49,2020,completed
13048,68,734.11,2024,pending
13049,326,62.70,2021,completed
13050,27,660.39,2023,completed
13051,384,318.51,2022,refunded
13052,223,246.85,2022,refunded
13053,152,284.67,2024,completed
13054,255,160.00,2020,completed
13055,41,876.00,2020,cancelled
13056,363,238.76,2023,pending
13057,445,286.73,2022,completed
13058,286,459.33,2023,cancelled
13059,34,26.07,2022,cancelled
13060,46,961.87,2020,refunded
13061,435,73.27,2021,completed
13062,426,538.66,2021,cancelled
13063,448,280.94,2022,refunded
13064,467,415.71,2024,refunded
13065,298,620.79,2022,cancelled
13066,292,869.98,2023,refunded
13067,260,413.02,2023,completed
13068,320,329.95,2020,refunded
13069,121,875.61,2022,completed
13070,35,380.30,2020,completed
13071,239,131.09,2022,completed
13072,245,586.67,2021,completed
13073,353,909.10,2021,pending
13074,341,648.85,2021,cancelled
13075,1,518.03,2023,completed
13076,36,614.76,2022,completed
13077,221,516.75,2020,completed
13078,213,555.59,2024,cancelled
13079,244,300.51,2022,completed
13080,205,402.22,2023,completed
13081,319,955.49,2024,completed
13082,14,723.39,2024,completed
13083,427,622.35,2023,pending
13084,268,191.13,2021,completed
13085,427,152.87,2022,completed
13086,278,27.88,2024,pending
13087,282,295.45,2020,completed
13088,33,828.77,2024,completed
13089,43,849.08,2020,cancelled
13090,410,966.31,2023,refunded
13091,172,259.07,2020,cancelled
13092,207,405.86,2020,completed
13093,16,970.78,2023,pending
13094,56,844.50,2020,completed
13095,342,893.55,2021,refunded
13096,189,209.81,2020,completed
13097,455,230.68,2020,completed
13098,465,810.16,2022,completed
13099,50,598.49,2023,refunded
13100,355,188.71,2020,cancelled
13101,170,53.50,2023,cancelled
13102,184,607.08,2022,completed
13103,495,646.98,2022,pending
13104,483,997.94,2023,completed
13105,124,569.05,2022,completed
13106,65,820.74,2024,completed
13107,481,275.29,2023,pending
13108,341,700.91,2020,pending
13109,310,953.96,2023,pending
13110,62,754.09,2022,completed
13111,118,671.81,2021,pending
13112,135,965.11,2022,cancelled
13113,172,588.47,2023,completed
13114,165,954.76,2023,completed
13115,372,34.38,2022,refunded
13116,238,859.55,2020,refunded
13117,455,151.50,2023,cancelled
13118,71,954.01,2021,pending
13119,177,350.83,2020,completed
13120,8,209.58,2024,refunded
13121,75,871.73,2024,completed
13122,268,304.69,2023,completed
13123,170,662.19,2021,cancelled
13124,19,708.07,2020,completed
13125,257,765.99,2020,pending
13126,110,518.38,2022,completed
13127,458,333.86,2024,completed
13128,457,902.51,2022,completed
13129,53,89.03,2023,pending
13130,184,768.26,2022,refunded
13131,485,822.15,2022,pending
13132,368,958.87,2022,completed
13133,189,221.29,2020,cancelled
13134,11,376.52,2020,cancelled
13135,92,978.05,2024,cancelled
13136,441,429.06,2021,cancelled
13137,482,320.50,2020,completed
13138,495,967.49,2024,pending
13139,394,839.10,2020,cancelled
13140,206,575.43,2021,refunded
13141,416,415.99,2022,completed
13142,162,582.31,2023,completed
13143,66,892.94,2024,completed
13144,229,386.53,2020,pending
13145,324,290.25,2022,cancelled
13146,345,11.45,2021,pending
13147,195,863.81,2020,refunded
13148,303,172.11,2022,completed
13149,390,13.31,2023,completed
13150,259,514.54,2023,pending
13151,437,994.36,2022,completed
13152,316,792.94,2024,cancelled
13153,308,749.73,2021,completed
13154,113,811.90,2022,completed
13155,473,771.78,2020,refunded
13156,391,206.07,2024,completed
13157,374,844.41,2020,cancelled
13158,48,930.37,2024,completed
13159,201,446.25,2020,pending
13160,155,307.04,2022,completed
13161,230,711.35,2022,completed
13162,277,423.45,2021,completed
13163,273,895.05,2023,completed
13164,455,386.78,2022,completed
13165,278,292.54,2020,pending
13166,152,16.77,2023,completed
13167,55,531.15,2022,refunded
13168,199,977.17,2023,completed
13169,203,881.93,2022,pending
13170,449,756.25,2020,pending
13171,342,316.68,2021,completed
13172,110,923.49,2021,completed
13173,150,997.00,2024,refunded
13174,401,284.01,2022,refunded
13175,346,922.95,2024,completed
13176,165,104.47,2024,completed
13177,134,975.74,2021,completed
13178,447,383.60,2021,completed
13179,121,940.88,2020,completed
13180,363,878.07,2024,refunded
13181,352,890.91,2022,completed
13182,452,704.24,2021,cancelled
13183,336,718.78,2023,cancelled
13184,48,923.02,2022,cancelled
13185,350,904.16,2024,pending
13186,397,438.47,2020,refunded
13187,233,391.14,2023,completed
13188,23,581.52,2024,completed
13189,63,339.83,2023,completed
13190,154,653.71,2021,refunded
13191,223,603.80,2024,refunded
13192,406,639.32,2023,completed
13193,115,136.91,2022,refunded
13194,311,501.43,2024,completed
13195,398,664.68,2023,completed
13196,246,184.25,2020,cancelled
13197,325,414.49,2022,completed
13198,472,197.71,2023,cancelled
13199,192,140.53,2023,refunded
13200,353,172.85,2020,pending
13201,466,395.06,2021,cancelled
13202,260,271.29,2022,completed
13203,424,628.70,2020,refunded
13204,19,503.00,2024,refunded
13205,207,407.48,2024,completed
13206,477,563.74,2022,refunded
13207,248,913.82,2021,cancelled
13208,435,791.90,2023,completed
13209,433,890.87,2020,pending
13210,241,131.46,2023,cancelled
13211,28,37.63,2020,completed
13212,271,784.85,2021,refunded
13213,195,842.90,2020,cancelled
13214,344,86.41,2021,completed
13215,210,464.70,2020,completed
13216,369,748.03,2020,completed
13217,384,536.06,2024,refunded
13218,189,55.23,2021,completed
13219,116,560.92,2023,completed
13220,284,352.51,2021,completed
13221,421,667.72,2022,completed
13222,191,634.98,2022,completed
13223,402,61.78,2022,completed
13224,480,399.60,2021,completed
13225,144,586.69,2023,completed
13226,239,268.23,2023,completed
13227,114,441.86,2021,cancelled
13228,413,878.00,2021,refunded
13229,282,138.53,2021,refunded
13230,457,717.72,2023,pending
13231,349,733.23,2021,cancelled
13232,483,225.82,2023,completed
13233,66,735.18,2022,pending
13234,429,781.26,2020,cancelled
13235,268,658.48,2023,refunded
13236,367,14.22,2022,cancelled
13237,395,321.02,2022,cancelled
13238,136,898.78,2022,completed
13239,132,15.57,2024,refunded
13240,158,224.91,2021,refunded
13241,263,734.21,2022,completed
13242,498,530.36,2021,completed
13243,71,409.00,2022,completed
13244,299,516.00,2020,pending
13245,249,723.01,2023,pending
13246,109,23.79,2022,refunded
13247,466,930.35,2022,pending
13248,397,24.23,2023,pending
13249,291,390.89,2023,completed
13250,40,11.05,2022,refunded
13251,438,328.99,2024,completed
13252,395,667.95,2020,completed
13253,306,755.29,2023,completed
13254,207,96.30,2020,refunded
13255,298,426.91,2024,completed
13256,168,184.05,2024,pending
13257,33,40.90,2023,refunded
13258,478,933.80,2024,refunded
13259,308,44.58,2023,pending
13260,188,371.83,2020,refunded
13261,349,611.27,2021,pending
13262,46,38.40,2022,pending
13263,259,524.99,2021,completed
13264,468,870.39,2023,completed
13265,251,809.70,2020,completed
13266,487,742.67,2024,completed
13267,189,442.16,2024,completed
13268,25,452.33,2021,completed
13269,203,848.03,2021,completed
13270,164,206.08,2021,completed
13271,339,291.12,2021,completed
13272,390,734.65,2021,cancelled
13273,475,735.71,2021,refunded
13274,2,546.76,2024,completed
13275,313,287.53,2021,completed
13276,113,444.37,2023,completed
13277,205,414.95,2023,pending
13278,125,81.72,2024,completed
13279,355,705.76,2024,completed
13280,74,257.29,2024,completed
13281,155,168.47,2023,cancelled
13282,219,65.81,2024,refunded
13283,159,624.03,2020,refunded
13284,131,341.79,2022,completed
13285,383,531.47,2020,completed
13286,480,573.32,2020,cancelled
13287,160,202.45,2022,completed
13288,50,395.49,2021,completed
13289,332,886.29,2024,completed
13290,461,353.23,2023,completed
13291,162,632.09,2024,refunded
13292,93,280.96,2022,pending
13293,136,105.54,2023,refunded
13294,40,48.48,2022,completed
13295,488,788.14,2022,cancelled
13296,66,411.47,2022,completed
13297,401,961.82,2020,refunded
13298,432,939.40,2021,completed
13299,451,277.96,2022,completed
13300,41,785.91,2020,completed
13301,494,776.81,2024,pending
13302,167,904.35,2023,completed
13303,414,168.57,2024,cancelled
13304,453,611.51,2022,refunded
13305,149,899.97,2022,cancelled
13306,315,155.41,2023,pending
13307,44,962.85,2022,refunded
13308,272,52.77,2024,refunded
13309,457,108.23,2024,completed
13310,409,465.62,2024,pending
13311,216,451.99,2023,cancelled
13312,293,58.27,2024,completed
13313,382,824.27,2022,pending
13314,214,588.21,2022,completed
13315,436,204.82,2023,completed
13316,108,85.22,2023,completed
13317,77,11.31,2023,completed
13318,16,699.80,2022,pending
13319,276,903.74,2021,completed
13320,396,866.71,2022,completed
13321,68,707.75,2021,refunded
13322,30,947.42,2020,pending
13323,286,164.24,2020,completed
13324,213,225.39,2020,cancelled
13325,487,752.60,2022,completed
13326,5,967.89,2020,completed
13327,391,190.33,2024,refunded
13328,348,480.09,2023,refunded
13329,347,946.63,2021,completed
13330,301,712.23,2024,refunded
13331,489,845.07,2021,cancelled
13332,241,318.11,2021,completed
13333,128,377.81,2022,pending
13334,440,581.10,2020,completed
13335,152,13.34,2022,completed
13336,319,275.94,2024,completed
13337,166,844.77,2021,completed
13338,258,432.43,2020,completed
13339,454,783.25,2024,completed
13340,205,558.37,2022,refunded
13341,176,157.34,2022,pending
13342,147,914.43,2021,cancelled
13343,338,394.46,2022,cancelled
13344,492,462.19,2021,refunded
13345,441,496.00,2024,cancelled
13346,24,222.94,2022,pending
13347,428,69.64,2023,completed
13348,68,365.91,2024,cancelled
13349,42,98.57,2023,completed
13350,108,686.72,2023,refunded
13351,317,481.18,2022,completed
13352,271,240.23,2021,completed
13353,102,703.28,2020,refunded
13354,145,139.16,2020,completed
13355,477,210.10,2021,completed
13356,30,846.57,2020,refunded
13357,264,378.41,2020,completed
13358,13,566.21,2024,pending
13359,150,453.26,2023,pending
13360,189,759.60,2021,completed
13361,408,957.67,2021,completed
13362,463,307.18,2020,refunded
13363,23,571.92,2024,cancelled
13364,404,886.17,2020,cancelled
13365,489,772.09,2023,refunded
13366,247,874.68,2022,completed
13367,338,82.72,2022,cancelled
13368,202,745.33,2020,cancelled
13369,169,897.39,2024,refunded
13370,196,243.86,2024,completed
13371,219,392.40,2022,pending
13372,260,600.29,2021,completed
13373,235,48.55,2024,completed
13374,334,32.06,2023,refunded
13375,411,94.70,2024,completed
13376,314,847.43,2021,refunded
13377,431,715.58,2023,completed
13378,293,250.62,2022,refunded
13379,438,778.28,2023,refunded
13380,497,950.84,2021,refunded
13381,192,523.58,2023,refunded
13382,270,195.89,2024,pending
13383,217,707.68,2023,completed
13384,101,418.05,2024,completed
13385,89,701.55,2023,completed
13386,1,111.40,2023,pending
13387,475,238.14,2023,completed
13388,302,108.29,2021,pending
13389,172,529.12,2022,completed
13390,291,697.29,2023,cancelled
13391,417,145.18,2021,refunded
13392,174,756.56,2024,pending
13393,213,679.16,2021,completed
13394,244,936.77,2024,completed
13395,247,469.82,2022,refunded
13396,134,397.15,2023,refunded
13397,352,300.52,2021,pending
13398,86,789.43,2021,pending
13399,13,726.61,2022,completed
13400,341,829.30,2024,refunded
13401,492,898.77,2020,cancelled
13402,1,987.76,2021,completed
13403,1,90.73,2024,cancelled
13404,219,872.93,2024,pending
13405,275,526.25,2024,completed
13406,123,693.92,2021,completed
13407,105,799.90,2020,cancelled
13408,319,655.35,2021,refunded
13409,269,343.69,2022,cancelled
13410,159,38.06,2023,pending
13411,305,11.66,2023,completed
13412,145,545.60,2023,completed
13413,294,941.54,2022,refunded
13414,7,875.98,2020,completed
13415,92,360.45,2024,refunded
13416,260,954.89,2022,cancelled
13417,54,807.26,2020,cancelled
13418,223,263.11,2022,completed
13419,208,989.12,2021,cancelled
13420,349,384.92,2022,completed
13421,130,955.73,2021,completed
13422,307,267.24,2020,pending
13423,216,360.27,2024,completed
13424,140,41.54,2021,completed
13425,183,793.93,2024,completed
13426,185,250.94,2023,completed
13427,339,468.82,2021,cancelled
13428,352,491.84,2021,completed
13429,167,65.75,2023,completed
13430,46,252.71,2021,pending
13431,321,950.31,2024,refunded
13432,224,853.68,2024,cancelled
13433,433,179.36,2024,completed
13434,477,993.23,2024,pending
13435,8,819.35,2023,completed
13436,445,234.51,2024,pending
13437,436,384.77,2024,pending
13438,143,544.17,2023,completed
13439,2,775.62,2022,completed
13440,411,63.80,2023,pending
13441,328,329.02,2022,cancelled
13442,175,537.72,2024,refunded
13443,397,307.71,2020,pending
13444,416,491.62,2022,completed
13445,447,181.53,2024,refunded
13446,459,503.02,2020,completed
13447,492,629.31,2024,refunded
13448,19,987.22,2020,pending
13449,485,495.36,2024,cancelled
13450,250,699.19,2022,pending
13451,210,524.92,2021,completed
13452,2,738.64,2022,completed
13453,300,976.58,2023,completed
13454,314,575.08,2023,completed
13455,432,33.23,2022,cancelled
13456,389,546.81,2022,cancelled
13457,395,30.95,2021,refunded
13458,209,645.05,2021,completed
13459,47,801.91,2022,cancelled
13460,74,358.41,2023,pending
13461,452,626.07,2022,refunded
13462,344,258.11,2023,completed
13463,63,626.03,2024,completed
13464,311,101.86,2022,completed
13465,131,379.75,2020,cancelled
13466,145,527.48,2020,completed
13467,93,608.86,2023,pending
13468,90,911.21,2024,pending
13469,444,922.77,2022,cancelled
13470,325,361.14,2023,completed
13471,395,597.93,2021,refunded
13472,166,676.27,2024,completed
13473,250,58.85,2023,cancelled
13474,465,434.56,2020,refunded
13475,378,589.19,2023,pending
13476,155,688.41,2023,refunded
13477,495,904.32,2021,completed
13478,437,314.79,2021,completed
13479,463,344.33,2023,pending
13480,389,806.64,2021,refunded
13481,24,736.68,2020,pending
13482,178,957.48,2024,completed
13483,354,834.39,2020,completed
13484,64,515.65,2024,completed
13485,467,645.97,2023,completed
13486,168,526.89,2021,completed
13487,43,779.14,2024,pending
13488,316,768.60,2023,refunded
13489,321,356.85,2021,completed
13490,48,141.20,2022,completed
13491,70,514.93,2023,completed
13492,327,186.82,2021,completed
13493,362,505.36,2023,completed
13494,193,393.19,2022,completed
13495,199,352.63,2023,completed
13496,378,462.44,2024,pending
13497,326,677.99,2023,completed
13498,426,994.57,2020,completed
13499,121,963.17,2021,refunded
13500,100,970.68,2023,cancelled
13501,331,82.18,2023,cancelled
13502,399,617.81,2021,cancelled
13503,302,19.12,2020,pending
13504,318,805.62,2020,cancelled
13505,401,983.16,2021,completed
13506,241,549.30,2024,completed
13507,409,186.01,2020,cancelled
13508,103,545.56,2021,pending
13509,161,429.60,2023,pending
13510,340,985.02,2020,completed
13511,461,903.06,2021,completed
13512,61,447.64,2020,completed
13513,234,50.08,2023,completed
13514,164,878.77,2024,cancelled
13515,386,288.96,2024,pending
13516,327,753.02,2022,refunded
13517,375,689.27,2020,cancelled
13518,168,959.80,2021,cancelled
13519,421,465.65,2020,pending
13520,384,121.14,2021,pending
13521,266,601.98,2020,completed
13522,377,292.84,2024,refunded
13523,312,408.55,2024,completed
13524,115,814.01,2022,pending
13525,158,181.44,2024,completed
13526,70,640.24,2020,completed
13527,412,10.51,2024,refunded
13528,304,668.75,2021,completed
13529,197,563.78,2022,cancelled
13530,320,578.74,2023,completed
13531,341,801.09,2024,completed
13532,63,88.96,2022,completed
13533,98,105.00,2022,cancelled
13534,377,371.77,2023,pending
13535,177,370.17,2020,cancelled
13536,49,55.72,2022,pending
13537,276,137.86,2020,completed
13538,25,240.28,2024,completed
13539,419,563.21,2020,completed
13540,464,734.16,2021,completed
13541,366,839.40,2021,pending
13542,491,585.49,2024,cancelled
13543,36,88.28,2021,completed
13544,199,87.48,2023,completed
13545,423,25.60,2023,pending
13546,419,162.87,2024,refunded
13547,392,143.42,2021,completed
13548,206,73.59,2024,pending
13549,383,512.54,2022,completed
13550,496,204.80,2023,pending
13551,219,131.12,2024,pending
13552,161,167.64,2024,completed
13553,112,908.67,2022,completed
13554,211,337.57,2022,completed
13555,171,521.82,2021,completed
13556,166,21.37,2021,completed
13557,476,307.29,2023,completed
13558,477,279.93,2021,pending
13559,284,940.88,2023,cancelled
13560,282,711.95,2023,pending
13561,150,755.66,2024,refunded
13562,479,476.76,2022,completed
13563,246,205.23,2021,completed
13564,182,475.06,2024,completed
13565,108,269.49,2022,cancelled
13566,191,160.47,2024,completed
13567,379,190.83,2023,completed
13568,236,17.23,2023,cancelled
13569,462,36.91,2022,refunded
13570,406,812.60,2021,pending
13571,205,335.44,2021,completed
13572,159,307.03,2023,refunded
13573,25,732.96,2024,pending
13574,10,588.97,2021,completed
13575,8,741.30,2021,completed
13576,60,144.19,2024,cancelled
13577,308,524.28,2023,cancelled
13578,113,109.62,2024,cancelled
13579,107,139.00,2020,completed
13580,461,523.46,2024,completed
13581,426,338.72,2023,completed
13582,95,498.89,2020,completed
13583,303,582.14,2022,refunded
13584,29,860.50,2020,completed
13585,205,186.02,2024,refunded
13586,139,260.63,2020,completed
13587,149,408.98,2024,pending
13588,227,591.71,2020,cancelled
13589,232,110.94,2024,cancelled
13590,172,790.74,2023,completed
13591,360,529.27,2022,pending
13592,125,389.72,2021,pending
13593,466,131.10,2022,cancelled
13594,427,307.35,2023,completed
13595,397,30.00,2024,pending
13596,425,69.16,2022,completed
13597,80,706.41,2021,completed
13598,56,967.82,2021,completed
13599,308,680.99,2023,completed
13600,84,138.35,2020,refunded
13601,356,627.79,2021,completed
13602,496,578.46,2021,completed
13603,443,79.37,2024,completed
13604,391,197.71,2021,completed
13605,396,210.10,2024,refunded
13606,487,354.55,2020,cancelled
13607,380,261.53,2020,completed
13608,399,321.30,2024,completed
13609,264,348.03,2020,completed
13610,117,897.82,2021,pending
13611,311,180.85,2024,cancelled
13612,462,633.67,2020,completed
13613,103,293.27,2020,pending
13614,358,803.69,2020,refunded
13615,466,900.41,2023,completed
13616,391,698.54,2020,completed
13617,459,70.79,2024,completed
13618,459,217.71,2023,cancelled
13619,30,919.49,2024,cancelled
13620,373,18.74,2021,refunded
13621,155,678.78,2024,completed
13622,313,29.13,2020,completed
13623,464,460.85,2024,refunded
13624,180,93.56,2024,cancelled
13625,217,106.58,2022,refunded
13626,75,920.12,2022,completed
13627,4,472.91,2023,pending
13628,91,256.81,2020,completed
13629,102,476.90,2020,completed
13630,238,524.98,2024,cancelled
13631,446,179.90,2020,completed
13632,147,785.43,2024,completed
13633,32,296.60,2020,completed
13634,64,882.09,2021,completed
13635,301,733.20,2024,completed
13636,167,939.94,2024,completed
13637,298,500.69,2022,refunded
13638,123,101.44,2020,completed
13639,399,434.21,2020,completed
13640,333,838.43,2024,pending
13641,106,84.73,2021,pending
13642,269,479.45,2023,completed
13643,341,18.26,2023,completed
13644,43,497.70,2022,completed
13645,377,237.17,2021,pending
13646,295,206.07,2022,completed
13647,248,460.80,2021,completed
13648,93,211.67,2023,pending
13649,200,688.87,2022,cancelled
13650,5,801.44,2020,cancelled
13651,61,224.26,2024,completed
13652,350,219.45,2024,pending
13653,460,559.70,2024,completed
13654,156,241.39,2024,completed
13655,299,181.32,2024,refunded
13656,245,961.44,2023,refunded
13657,337,412.14,2021,cancelled
13658,51,329.70,2021,completed
13659,213,604.18,2024,pending
13660,60,856.51,2021,completed
13661,440,937.61,2023,completed
13662,236,509.79,2024,completed
13663,151,587.36,2023,pending
13664,355,696.99,2021,completed
13665,430,929.20,2022,completed
13666,40,623.24,2020,completed
13667,67,320.85,2024,completed
13668,430,787.81,2021,cancelled
13669,264,85.42,2022,completed
13670,429,623.19,2023,completed
13671,138,606.19,2023,completed
13672,413,172.87,2022,completed
13673,260,92.10,2020,pending
13674,466,735.83,2023,refunded
13675,443,282.42,2024,pending
13676,411,784.85,2022,refunded
13677,146,787.64,2024,pending
13678,220,685.01,2021,completed
13679,492,983.04,2021,completed
13680,480,211.40,2020,refunded
13681,145,812.78,2024,refunded
13682,435,405.67,2024,completed
13683,250,172.44,2024,completed
13684,373,993.56,2022,completed
13685,346,960.87,2021,pending
13686,94,711.24,2024,cancelled
13687,88,718.32,2021,completed
13688,23,261.60,2023,cancelled
13689,378,973.09,2022,completed
13690,84,602.37,2023,completed
13691,223,84.00,2022,pending
13692,351,812.92,2022,cancelled
13693,25,930.43,2022,refunded
13694,468,897.26,2021,cancelled
13695,444,628.65,2024,refunded
13696,109,325.25,2023,completed
13697,461,886.66,2021,pending
13698,136,237.23,2024,cancelled
13699,329,916.13,2022,pending
13700,362,914.34,2022,completed
13701,134,51.93,2021,cancelled
13702,417,791.22,2023,cancelled
13703,211,652.99,2023,cancelled
13704,337,833.74,2021,completed
13705,37,775.32,2020,cancelled
13706,332,397.88,2021,cancelled
13707,336,907.65,2020,completed
13708,444,338.14,2020,pending
13709,140,457.47,2021,completed
13710,487,985.74,2024,completed
13711,216,912.61,2023,pending
13712,151,258.96,2024,completed
13713,61,637.97,2024,completed
13714,370,295.14,2022,completed
13715,429,344.42,2022,cancelled
13716,283,999.02,2022,completed
13717,84,576.77,2021,pending
13718,490,840.57,2024,cancelled
13719,9,173.24,2024,completed
13720,233,41.94,2022,completed
13721,76,47.18,2020,pending
13722,242,410.68,2023,pending
13723,493,446.71,2020,completed
13724,62,793.09,2022,pending
13725,68,904.85,2023,pending
13726,263,959.23,2020,completed
13727,198,571.76,2020,cancelled
13728,312,840.28,2021,completed
13729,369,519.82,2021,completed
13730,272,572.48,2023,cancelled
13731,255,882.87,2024,refunded
13732,86,993.74,2024,completed
13733,361,753.60,2024,completed
13734,493,956.57,2023,pending
13735,493,167.31,2023,completed
13736,447,753.12,2022,pending
13737,36,21.82,2022,cancelled
13738,99,244.38,2021,cancelled
13739,482,210.31,2020,completed
13740,194,658.54,2022,cancelled
13741,200,395.36,2023,completed
13742,267,702.79,2023,refunded
13743,39,530.49,2024,cancelled
13744,198,191.08,2020,completed
13745,253,38.85,2022,completed
13746,220,332.76,2024,pending
13747,21,664.73,2020,refunded
13748,445,715.24,2020,completed
13749,198,330.81,2022,completed
13750,414,129.31,2021,cancelled
13751,60,233.42,2020,completed
13752,270,816.62,2022,completed
13753,436,391.63,2022,completed
13754,463,662.87,2022,completed
13755,258,73.38,2022,completed
13756,305,992.38,2022,completed
13757,431,964.84,2021,pending
13758,381,631.54,2020,completed
13759,235,879.83,2024,completed
13760,53,564.87,2021,pending
13761,495,258.03,2022,pending
13762,466,279.06,2022,refunded
13763,379,58.37,2020,completed
13764,22,603.81,2022,refunded
13765,240,226.19,2022,cancelled
13766,101,169.78,2023,completed
13767,348,935.56,2023,completed
13768,230,290.99,2024,completed
13769,300,229.86,2020,refunded
13770,322,832.77,2020,completed
13771,200,317.59,2021,refunded
13772,462,699.49,2023,completed
13773,324,117.83,2024,completed
13774,378,186.82,2020,completed
13775,41,672.76,2023,completed
13776,383,636.78,2024,completed
13777,439,839.88,2022,refunded
13778,114,79.18,2022,refunded
13779,373,825.93,2023,refunded
13780,404,668.39,2023,completed
13781,448,192.18,2021,completed
13782,448,97.40,2020,completed
13783,274,700.89,2021,completed
13784,450,201.24,2021,pending
13785,295,416.25,2022,pending
13786,124,227.06,2022,completed
13787,306,898.07,2020,completed
13788,53,419.76,2023,completed
13789,390,767.20,2023,pending
13790,216,917.41,2021,completed
13791,500,520.08,2023,completed
13792,457,186.43,2024,completed
13793,352,57.42,2024,refunded
13794,392,400.32,2020,pending
13795,425,395.26,2024,pending
13796,303,771.97,2020,pending
13797,243,317.15,2023,completed
13798,138,786.04,2020,cancelled
13799,394,157.42,2023,refunded
13800,184,997.08,2023,refunded
13801,58,857.80,2020,cancelled
13802,127,478.78,2022,completed
13803,363,543.19,2023,completed
13804,464,711.88,2021,completed
13805,84,977.22,2024,pending
13806,393,674.10,2020,pending
13807,200,487.52,2022,completed
13808,360,162.82,2021,completed
13809,428,275.28,2022,refunded
13810,283,64.30,2021,pending
13811,472,51.46,2023,completed
13812,149,477.08,2021,refunded
13813,6,498.74,2024,pending
13814,309,814.39,2022,cancelled
13815,127,782.38,2024,completed
13816,416,367.51,2022,completed
13817,440,550.04,2023,completed
13818,253,395.33,2024,completed
13819,2,118.02,2020,completed
13820,266,273.72,2024,cancelled
13821,283,904.98,2021,cancelled
13822,227,953.28,2023,pending
13823,51,891.92,2020,pending
13824,126,840.76,2024,completed
13825,412,48.19,2022,refunded
13826,338,861.75,2024,completed
13827,80,754.41,2022,completed
13828,411,163.10,2022,completed
13829,463,411.58,2021,cancelled
13830,431,148.42,2021,cancelled
13831,407,258.18,2023,pending
13832,197,855.36,2024,completed
13833,209,388.93,2024,refunded
13834,32,534.23,2021,refunded
13835,474,164.96,2023,refunded
13836,462,171.73,2020,completed
13837,321,360.28,2023,completed
13838,134,571.94,2020,refunded
13839,244,968.70,2023,completed
13840,173,913.74,2024,pending
13841,453,112.50,2023,completed
13842,323,679.60,2021,refunded
13843,8,511.45,2024,refunded
13844,382,118.52,2021,cancelled
13845,357,244.48,2024,refunded
13846,283,780.56,2020,completed
13847,19,492.02,2024,completed
13848,207,396.69,2022,completed
13849,462,749.17,2020,completed
13850,293,735.94,2024,cancelled
13851,321,624.92,2024,completed
13852,451,736.96,2024,pending
13853,492,82.41,2021,pending
13854,1,879.30,2020,pending
13855,176,119.96,2022,pending
13856,327,482.65,2023,completed
13857,260,468.94,2022,completed
13858,481,257.80,2023,completed
13859,266,983.82,2024,pending
13860,302,835.00,2020,cancelled
13861,3,911.39,2021,cancelled
13862,195,61.60,2021,completed
13863,250,836.14,2020,completed
13864,261,408.70,2021,refunded
13865,444,167.63,2021,completed
13866,118,928.77,2024,completed
13867,202,362.19,2024,pending
13868,131,940.04,2023,refunded
13869,494,262.67,2022,completed
13870,116,451.57,2024,cancelled
13871,188,691.28,2024,completed
13872,26,358.46,2022,pending
13873,312,604.72,2021,refunded
13874,473,126.57,2022,completed
13875,196,948.35,2021,completed
13876,310,293.09,2022,cancelled
13877,14,32.80,2020,cancelled
13878,10,937.57,2020,completed
13879,348,563.05,2024,completed
13880,127,706.56,2020,cancelled
13881,160,676.13,2022,cancelled
13882,280,341.83,2022,pending
13883,257,219.48,2020,completed
13884,423,418.37,2023,completed
13885,294,73.81,2024,completed
13886,480,978.34,2022,completed
13887,143,442.52,2020,pending
13888,307,541.36,2023,cancelled
13889,44,448.35,2024,cancelled
13890,373,536.03,2023,completed
13891,117,822.21,2020,cancelled
13892,217,157.16,2023,pending
13893,291,217.50,2020,cancelled
13894,328,747.19,2023,completed
13895,148,366.46,2023,pending
13896,16,868.16,2020,pending
13897,458,679.06,2020,completed
13898,465,20.64,2021,completed
13899,36,205.52,2022,completed
13900,322,493.11,2023,pending
13901,472,255.94,2022,completed
13902,62,65.17,2021,pending
13903,116,999.76,2023,pending
13904,405,324.95,2024,pending
13905,328,745.33,2021,cancelled
13906,447,267.58,2022,completed
13907,320,350.64,2024,completed
13908,263,361.66,2024,completed
13909,117,698.41,2024,completed
13910,457,543.09,2024,pending
13911,449,272.86,2024,completed
13912,187,874.04,2021,completed
13913,242,635.53,2020,completed
13914,124,825.98,2020,completed
13915,305,922.26,2023,completed
13916,427,910.91,2024,refunded
13917,137,934.13,2023,completed
13918,471,124.86,2021,completed
13919,229,348.44,2024,refunded
13920,422,261.58,2022,refunded
13921,188,787.85,2020,pending
13922,181,178.34,2023,completed
13923,327,563.56,2024,completed
13924,41,691.02,2021,completed
13925,199,410.85,2021,completed
13926,469,23.00,2021,completed
13927,435,409.70,2023,completed
13928,86,113.61,2022,cancelled
13929,432,447.74,2023,completed
13930,388,134.01,2023,completed
13931,348,495.09,2021,refunded
13932,242,529.06,2024,completed
13933,33,951.04,2024,cancelled
13934,265,708.35,2020,pending
13935,159,292.53,2024,refunded
13936,302,643.90,2023,cancelled
13937,153,283.15,2020,completed
13938,167,806.32,2020,completed
13939,399,77.06,2024,completed
13940,442,789.19,2021,refunded
13941,341,554.85,2022,completed
13942,228,443.10,2021,completed
13943,458,165.59,2023,completed
13944,102,258.93,2023,refunded
13945,250,484.21,2024,cancelled
13946,52,214.96,2020,completed
13947,153,72.47,2020,completed
13948,82,62.45,2020,pending
13949,439,313.24,2020,pending
13950,170,262.54,2022,pending
13951,441,948.53,2021,completed
13952,174,724.32,2021,refunded
13953,280,188.13,2024,completed
13954,125,890.97,2020,cancelled
13955,14,545.62,2024,pending
13956,242,797.85,2022,completed
13957,304,922.57,2022,pending
13958,94,564.07,2022,cancelled
13959,62,795.35,2023,completed
13960,6,780.40,2020,completed
13961,223,807.40,2023,pending
13962,313,738.72,2020,completed
13963,415,749.13,2023,completed
13964,366,933.51,2022,completed
13965,214,528.08,2022,completed
13966,173,408.90,2023,completed
13967,134,682.84,2022,completed
13968,437,375.42,2020,completed
13969,343,579.25,2023,completed
13970,52,636.44,2024,refunded
13971,249,72.51,2020,refunded
13972,284,278.55,2024,cancelled
13973,339,428.38,2021,refunded
13974,126,749.92,2023,completed
13975,156,584.15,2022,completed
13976,279,62.79,2022,completed
13977,230,997.32,2021,completed
13978,418,621.43,2024,completed
13979,183,54.31,2023,pending
13980,10,887.84,2023,pending
13981,38,744.31,2021,completed
13982,195,337.21,2022,refunded
13983,405,782.34,2020,refunded
13984,65,161.86,2020,completed
13985,10,589.73,2024,completed
13986,489,472.76,2022,refunded
13987,142,661.38,2020,completed
13988,156,166.84,2021,cancelled
13989,358,596.87,2024,pending
13990,203,811.10,2022,completed
13991,400,107.16,2020,completed
13992,455,964.13,2024,completed
13993,331,191.13,2024,completed
13994,278,888.48,2022,pending
13995,91,59.99,2020,refunded
13996,416,59.44,2021,cancelled
13997,331,471.81,2022,pending
13998,274,267.67,2023,completed
13999,27,501.11,2022,completed
14000,245,132.50,2021,completed
14001,347,574.70,2022,cancelled
14002,434,435.82,2022,completed
14003,399,810.39,2022,pending
14004,444,947.75,2023,completed
14005,375,841.12,2022,cancelled
14006,371,916.37,2024,refunded
14007,14,255.56,2020,pending
14008,160,199.59,2022,completed
14009,5,136.03,2023,refunded
14010,12,869.66,2024,pending
14011,405,985.65,2024,refunded
14012,248,356.72,2021,cancelled
14013,67,589.66,2021,completed
14014,440,914.07,2020,completed
14015,358,509.45,2020,completed
14016,388,824.74,2024,completed
14017,444,642.79,2021,completed
14018,449,205.63,2023,completed
14019,224,877.65,2021,completed
14020,65,117.56,2022,cancelled
14021,378,821.19,2021,refunded
14022,168,309.80,2024,pending
14023,97,514.72,2020,refunded
14024,414,112.02,2021,cancelled
14025,242,425.97,2021,completed
14026,152,792.63,2024,completed
14027,267,971.20,2020,cancelled
14028,200,121.79,2020,completed
14029,418,835.76,2024,refunded
14030,93,614.35,2024,completed
14031,324,883.25,2021,completed
14032,351,258.94,2022,completed
14033,224,723.16,2023,cancelled
14034,445,300.96,2024,refunded
14035,228,757.84,2024,refunded
14036,241,299.81,2020,completed
14037,246,833.94,2024,completed
14038,60,46.68,2022,cancelled
14039,338,940.16,2023,completed
14040,23,972.95,2024,cancelled
14041,55,589.08,2024,completed
14042,30,96.77,2022,pending
14043,366,893.30,2021,cancelled
14044,50,327.43,2024,cancelled
14045,79,949.88,2023,completed
14046,411,326.31,2022,completed
14047,65,609.42,2021,completed
14048,449,186.00,2020,pending
14049,333,678.17,2023,completed
14050,286,943.37,2022,cancelled
14051,338,839.44,2022,pending
14052,401,15.40,2022,completed
14053,262,544.13,2023,cancelled
14054,412,25.87,2024,completed
14055,244,65.05,2022,completed
14056,86,111.47,2021,refunded
14057,68,629.18,2022,completed
14058,348,26.08,2020,completed
14059,197,477.37,2023,pending
14060,41,876.47,2024,pending
14061,425,453.64,2022,pending
14062,487,428.83,2022,completed
14063,302,340.95,2020,completed
14064,317,108.51,2022,pending
14065,267,827.82,2022,cancelled
14066,7,435.47,2022,completed
14067,377,417.27,2023,pending
14068,417,959.01,2020,completed
14069,274,59.87,2020,completed
14070,392,924.03,2024,refunded
14071,459,772.63,2022,refunded
14072,392,182.68,2022,completed
14073,269,26.62,2024,completed
14074,452,167.40,2020,completed
14075,461,763.08,2024,refunded
14076,285,161.01,2024,completed
14077,336,77.89,2021,completed
14078,428,230.09,2024,completed
14079,1,669.61,2021,completed
14080,402,309.85,2022,pending
14081,489,937.13,2022,cancelled
14082,80,506.87,2023,refunded
14083,274,58.33,2020,completed
14084,244,806.39,2022,cancelled
14085,438,36.54,2020,cancelled
14086,457,655.54,2023,completed
14087,55,43.52,2022,completed
14088,344,761.20,2023,cancelled
14089,373,797.39,2020,completed
14090,338,155.29,2020,refunded
14091,237,639.13,2020,pending
14092,425,484.03,2023,cancelled
14093,420,773.50,2022,completed
14094,426,360.44,2024,completed
14095,377,182.05,2021,refunded
14096,237,640.25,2020,cancelled
14097,270,755.82,2023,completed
14098,359,543.48,2021,refunded
14099,394,210.90,2023,cancelled
14100,122,213.00,2021,completed
14101,411,307.71,2023,completed
14102,145,786.65,2020,pending
14103,347,556.18,2024,completed
14104,241,953.57,2022,refunded
14105,220,293.85,2023,refunded
14106,238,352.04,2023,completed
14107,39,571.06,2022,completed
14108,351,37.16,2021,cancelled
14109,59,307.96,2020,completed
14110,425,659.40,2020,completed
14111,63,892.71,2022,completed
14112,38,238.56,2022,cancelled
14113,371,444.88,2022,cancelled
14114,220,929.96,2024,pending
14115,14,391.16,2023,refunded
14116,467,225.95,2021,completed
14117,306,146.55,2023,refunded
14118,330,367.04,2022,completed
14119,148,843.00,2020,cancelled
14120,84,991.42,2022,refunded
14121,118,100.72,2024,completed
14122,310,237.23,2023,completed
14123,387,385.71,2023,pending
14124,244,383.62,2024,completed
14125,141,714.51,2023,completed
14126,323,609.34,2023,pending
14127,484,37.74,2020,completed
14128,415,77.50,2024,pending
14129,414,909.17,2022,cancelled
14130,471,344.03,2022,completed
14131,288,674.88,2021,completed
14132,96,162.45,2022,cancelled
14133,28,599.60,2024,refunded
14134,171,615.86,2021,completed
14135,482,757.41,2023,completed
14136,190,468.17,2024,refunded
14137,169,232.78,2021,completed
14138,84,242.28,2022,cancelled
14139,387,173.50,2023,pending
14140,192,230.91,2021,completed
14141,252,851.31,2021,completed
14142,326,243.64,2020,cancelled
14143,111,302.37,2024,completed
14144,99,429.73,2022,completed
14145,306,953.46,2021,cancelled
14146,378,128.81,2021,completed
14147,231,342.37,2021,refunded
14148,266,855.54,2020,refunded
14149,481,144.45,2020,pending
14150,464,921.36,2024,refunded
14151,83,381.90,2022,pending
14152,328,850.12,2024,completed
14153,134,170.92,2021,completed
14154,188,449.82,2024,pending
14155,309,241.99,2022,pending
14156,260,594.34,2020,pending
14157,62,746.59,2022,pending
14158,176,67.91,2023,cancelled
14159,35,570.42,2020,completed
14160,75,50.45,2024,pending
14161,60,94.07,2024,completed
14162,86,466.79,2023,completed
14163,476,257.33,2023,refunded
14164,395,507.33,2023,refunded
14165,309,351.77,2023,completed
14166,273,644.15,2022,pending
14167,464,999.46,2020,completed
14168,400,925.71,2022,refunded
14169,297,362.34,2023,cancelled
14170,149,443.78,2022,refunded
14171,373,841.33,2024,completed
14172,72,436.69,2021,completed
14173,114,225.39,2022,cancelled
14174,354,524.51,2023,completed
14175,268,38.97,2022,completed
14176,124,33.49,2021,completed
14177,482,169.34,2020,pending
14178,432,635.74,2021,cancelled
14179,333,526.26,2020,cancelled
14180,321,842.57,2023,completed
14181,408,877.61,2021,pending
14182,189,885.26,2022,completed
14183,335,61.54,2020,cancelled
14184,307,867.17,2021,completed
14185,359,246.60,2023,completed
14186,7,11.36,2022,completed
14187,313,267.02,2023,cancelled
14188,401,810.88,2023,cancelled
14189,42,52.09,2022,cancelled
14190,175,210.06,2020,refunded
14191,84,23.90,2022,refunded
14192,224,359.83,2020,refunded
14193,161,664.08,2020,refunded
14194,143,887.28,2024,pending
14195,305,809.33,2023,pending
14196,279,554.62,2023,refunded
14197,167,869.47,2023,completed
14198,158,485.26,2023,refunded
14199,27,977.12,2024,pending
14200,381,417.81,2024,completed
14201,434,202.06,2024,refunded
14202,137,985.07,2022,completed
14203,372,612.64,2022,refunded
14204,422,473.05,2024,refunded
14205,393,457.72,2022,completed
14206,323,831.39,2022,cancelled
14207,351,266.85,2022,completed
14208,347,769.89,2021,refunded
14209,487,419.99,2020,completed
14210,184,939.11,2021,refunded
14211,131,708.33,2022,pending
14212,193,391.51,2022,completed
14213,231,202.64,2020,cancelled
14214,337,791.19,2021,cancelled
14215,248,939.58,2021,refunded
14216,482,653.37,2022,pending
14217,225,386.04,2022,completed
14218,469,80.02,2023,completed
14219,308,815.90,2023,completed
14220,430,874.20,2022,completed
14221,99,68.96,2023,completed
14222,269,861.64,2024,completed
14223,80,138.84,2020,completed
14224,274,856.68,2021,refunded
14225,83,22.72,2024,pending
14226,360,154.70,2020,pending
14227,104,896.34,2020,completed
14228,204,535.77,2023,completed
14229,146,267.21,2020,completed
14230,166,82.83,2023,refunded
14231,216,694.31,2022,completed
14232,374,229.20,2024,pending
14233,196,988.02,2023,cancelled
14234,228,982.70,2021,completed
14235,256,333.47,2024,refunded
14236,84,439.35,2021,completed
14237,359,757.68,2023,pending
14238,185,358.48,2021,completed
14239,15,792.94,2024,cancelled
14240,434,428.35,2024,refunded
14241,331,793.85,2024,completed
14242,341,512.51,2023,cancelled
14243,498,999.96,2022,completed
14244,443,469.10,2023,pending
14245,313,301.78,2024,pending
14246,119,121.53,2021,completed
14247,375,13.21,2023,pending
14248,351,810.64,2020,completed
14249,184,707.06,2024,completed
14250,29,999.23,2023,completed
14251,481,554.24,2022,pending
14252,136,914.05,2023,completed
14253,275,721.03,2021,cancelled
14254,230,762.03,2022,completed
14255,289,634.94,2020,completed
14256,261,501.76,2021,completed
14257,11,113.29,2022,cancelled
14258,271,606.18,2024,completed
14259,42,523.40,2022,completed
14260,278,462.02,2024,refunded
14261,211,190.63,2020,pending
14262,245,668.15,2024,completed
14263,410,543.75,2021,completed
14264,369,16.15,2021,completed
14265,121,795.12,2020,pending
14266,134,451.64,2020,completed
14267,99,456.62,2020,refunded
14268,79,386.91,2024,refunded
14269,444,920.66,2024,cancelled
14270,387,723.42,2023,completed
14271,233,900.77,2021,completed
14272,10,376.96,2023,pending
14273,202,339.58,2022,completed
14274,72,331.60,2020,completed
14275,250,326.19,2024,pending
14276,270,49.85,2020,refunded
14277,289,640.57,2021,refunded
14278,193,219.25,2020,completed
14279,258,866.81,2021,cancelled
14280,63,458.06,2023,completed
14281,103,452.27,2020,completed
14282,110,506.98,2023,completed
14283,341,699.29,2021,completed
14284,5,471.77,2022,completed
14285,321,333.08,2022,completed
14286,480,303.34,2022,completed
14287,454,252.96,2020,completed
14288,281,691.43,2023,refunded
14289,492,196.56,2024,pending
14290,499,355.03,2021,completed
14291,410,281.34,2024,pending
14292,106,735.01,2024,pending
14293,473,49.13,2022,cancelled
14294,148,832.51,2024,pending
14295,123,49.28,2022,cancelled
14296,40,529.78,2024,completed
14297,444,654.04,2024,pending
14298,381,610.41,2023,completed
14299,330,41.28,2023,completed
14300,415,11.50,2023,cancelled
14301,460,182.68,2024,completed
14302,231,520.05,2022,completed
14303,61,364.06,2020,refunded
14304,26,866.45,2024,completed
14305,240,427.82,2021,refunded
14306,500,382.53,2021,pending
14307,378,673.15,2021,cancelled
14308,136,727.04,2021,cancelled
14309,470,154.47,2024,cancelled
14310,212,364.74,2022,completed
14311,32,145.50,2020,refunded
14312,473,303.75,2021,completed
14313,33,397.63,2020,completed
14314,345,288.46,2024,completed
14315,31,634.27,2023,refunded
14316,155,458.16,2022,refunded
14317,365,996.91,2024,completed
14318,472,897.11,2024,pending
14319,157,692.95,2021,completed
14320,226,36.07,2022,completed
14321,486,979.06,2020,cancelled
14322,308,848.84,2024,cancelled
14323,215,163.62,2023,completed
14324,232,812.62,2024,refunded
14325,463,928.86,2023,completed
14326,87,563.47,2023,completed
14327,221,172.74,2023,completed
14328,143,793.15,2020,completed
14329,356,98.17,2024,completed
14330,103,260.26,2024,refunded
14331,173,695.52,2021,completed
14332,477,848.19,2020,completed
14333,256,125.75,2020,refunded
14334,298,459.85,2023,cancelled
14335,78,212.11,2021,completed
14336,80,989.71,2020,completed
14337,100,204.74,2022,pending
14338,93,877.60,2023,pending
14339,44,722.15,2021,refunded
14340,110,779.44,2024,refunded
14341,67,134.98,2020,completed
14342,43,694.58,2020,pending
14343,301,881.52,2020,completed
14344,288,842.89,2022,cancelled
14345,281,864.73,2024,cancelled
14346,263,855.97,2024,completed
14347,405,339.67,2023,completed
14348,289,457.69,2020,pending
14349,184,725.10,2021,cancelled
14350,355,725.65,2022,completed
14351,427,748.34,2023,pending
14352,185,225.83,2023,cancelled
14353,4,218.12,2020,completed
14354,17,604.52,2023,completed
14355,97,343.91,2023,pending
14356,268,539.99,2023,completed
14357,194,96.07,2021,completed
14358,190,726.56,2020,completed
14359,153,644.97,2023,completed
14360,311,546.00,2023,completed
14361,168,14.26,2024,cancelled
14362,367,317.57,2024,cancelled
14363,374,505.63,2021,completed
14364,246,189.92,2020,completed
14365,271,207.84,2024,completed
14366,456,89.48,2021,refunded
14367,114,487.87,2021,refunded
14368,4,728.09,2021,completed
14369,29,665.31,2023,cancelled
14370,11,11.88,2022,refunded
14371,309,211.01,2023,completed
14372,338,606.12,2023,pending
14373,147,750.92,2024,completed
14374,54,359.56,2024,completed
14375,96,631.10,2022,completed
14376,124,533.00,2024,completed
14377,476,254.88,2023,cancelled
14378,274,653.45,2020,completed
14379,379,347.92,2023,refunded
14380,71,888.89,2023,completed
14381,30,829.18,2024,pending
14382,324,946.91,2020,completed
14383,292,917.71,2022,refunded
14384,21,603.84,2020,completed
14385,397,703.37,2022,cancelled
14386,135,309.95,2023,completed
14387,269,314.17,2022,cancelled
14388,393,952.26,2023,refunded
14389,45,167.33,2020,completed
14390,81,403.50,2021,pending
14391,20,675.99,2022,completed
14392,426,321.79,2022,completed
14393,447,709.71,2023,completed
14394,264,374.06,2023,completed
14395,396,135.65,2020,refunded
14396,211,344.30,2021,cancelled
14397,445,423.41,2024,pending
14398,117,154.91,2021,refunded
14399,365,588.13,2023,refunded
14400,347,250.33,2021,refunded
14401,147,353.87,2024,completed
14402,500,679.39,2023,refunded
14403,476,318.34,2024,pending
14404,325,70.82,2024,completed
14405,316,376.19,2021,completed
14406,370,646.16,2020,completed
14407,298,163.00,2020,completed
14408,90,511.25,2022,refunded
14409,114,667.44,2020,completed
14410,184,102.98,2021,refunded
14411,350,155.50,2021,completed
14412,10,59.70,2024,cancelled
14413,491,249.14,2022,cancelled
14414,372,344.10,2022,refunded
14415,234,670.54,2024,completed
14416,141,642.86,2023,refunded
14417,257,62.40,2023,refunded
14418,424,767.53,2023,cancelled
14419,146,500.19,2020,cancelled
14420,391,832.04,2020,cancelled
14421,111,920.82,2024,completed
14422,392,559.55,2022,completed
14423,284,819.63,2022,completed
14424,56,667.38,2022,completed
14425,471,500.25,2023,completed
14426,180,69.44,2020,cancelled
14427,183,405.44,2020,pending
14428,152,129.30,2022,cancelled
14429,289,313.11,2023,refunded
14430,405,181.14,2021,completed
14431,201,921.01,2023,refunded
14432,267,734.84,2024,pending
14433,61,854.15,2024,completed
14434,379,870.43,2020,completed
14435,40,456.28,2024,cancelled
14436,78,121.34,2023,completed
14437,305,220.75,2022,completed
14438,474,74.78,2023,completed
14439,214,688.91,2024,cancelled
14440,163,591.25,2021,cancelled
14441,256,512.76,2021,completed
14442,401,102.27,2022,cancelled
14443,69,249.75,2022,completed
14444,330,554.94,2023,refunded
14445,36,976.69,2022,refunded
14446,28,138.50,2024,cancelled
14447,395,583.09,2024,completed
14448,320,17.92,2024,cancelled
14449,125,891.93,2020,completed
14450,416,800.58,2024,cancelled
14451,70,586.53,2020,pending
14452,410,847.55,2022,pending
14453,99,473.76,2022,completed
14454,158,367.35,2024,refunded
14455,43,791.67,2024,completed
14456,490,389.95,2023,cancelled
14457,354,958.67,2021,completed
14458,479,718.70,2023,completed
14459,469,974.54,2021,completed
14460,266,202.12,2024,completed
14461,228,675.17,2021,pending
14462,175,637.00,2023,pending
14463,53,803.65,2023,refunded
14464,316,662.68,2020,refunded
14465,101,559.73,2024,refunded
14466,250,361.67,2022,completed
14467,282,190.55,2023,refunded
14468,322,426.69,2021,completed
14469,30,132.52,2023,cancelled
14470,208,726.41,2020,pending
14471,415,658.08,2024,cancelled
14472,30,885.11,2023,refunded
14473,199,99.27,2023,completed
14474,86,259.62,2024,refunded
14475,317,213.91,2021,completed
14476,78,696.64,2020,completed
14477,106,244.28,2023,completed
14478,111,801.94,2021,refunded
14479,324,995.28,2021,refunded
14480,247,615.81,2023,completed
14481,368,966.19,2023,pending
14482,275,577.23,2022,completed
14483,27,549.02,2020,refunded
14484,145,863.45,2020,refunded
14485,379,939.15,2020,cancelled
14486,323,705.93,2023,completed
14487,383,281.37,2024,refunded
14488,222,213.42,2021,completed
14489,127,907.38,2021,completed
14490,106,502.26,2021,completed
14491,210,891.33,2024,pending
14492,46,755.16,2024,completed
14493,261,172.62,2021,completed
14494,204,172.00,2020,completed
14495,160,569.28,2022,completed
14496,294,145.90,2020,cancelled
14497,133,662.85,2020,completed
14498,114,996.88,2020,refunded
14499,38,796.14,2024,refunded
14500,230,864.85,2024,pending
14501,55,734.83,2023,refunded
14502,182,260.93,2020,completed
14503,12,733.16,2020,refunded
14504,180,629.65,2021,refunded
14505,307,823.74,2021,pending
14506,269,903.47,2023,completed
14507,464,320.87,2022,completed
14508,73,663.47,2021,refunded
14509,80,363.24,2020,completed
14510,1,602.27,2023,pending
14511,157,908.99,2021,completed
14512,239,231.44,2020,cancelled
14513,326,113.61,2024,completed
14514,224,310.32,2022,completed
14515,243,548.26,2024,cancelled
14516,445,129.86,2022,completed
14517,100,682.19,2024,completed
14518,485,344.74,2022,cancelled
14519,71,273.47,2021,refunded
14520,405,475.13,2020,completed
14521,25,34.44,2022,completed
14522,495,536.90,2024,completed
14523,306,290.19,2020,cancelled
14524,306,260.95,2022,completed
14525,422,374.22,2021,completed
14526,401,248.64,2024,pending
14527,104,893.43,2023,refunded
14528,178,500.35,2024,completed
14529,388,311.06,2022,completed
14530,20,555.17,2021,cancelled
14531,135,233.68,2022,completed
14532,376,601.33,2022,completed
14533,131,254.97,2024,pending
14534,115,281.27,2022,completed
14535,46,958.76,2020,pending
14536,108,165.87,2021,completed
14537,393,296.87,2024,pending
14538,159,369.18,2020,completed
14539,342,118.78,2024,cancelled
14540,14,390.31,2022,completed
14541,54,960.75,2021,completed
14542,20,711.36,2021,completed
14543,487,216.94,2023,completed
14544,468,121.48,2021,cancelled
14545,98,259.69,2020,completed
14546,47,794.06,2020,cancelled
14547,229,190.68,2020,completed
14548,181,132.67,2024,cancelled
14549,332,980.66,2022,refunded
14550,63,984.33,2023,cancelled
14551,457,584.31,2024,refunded
14552,135,996.98,2024,pending
14553,59,698.18,2021,completed
14554,440,244.51,2023,completed
14555,272,770.79,2020,completed
14556,72,787.07,2020,completed
14557,195,245.51,2021,completed
14558,103,619.91,2020,completed
14559,84,979.14,2020,completed
14560,346,255.66,2022,completed
14561,100,789.73,2021,refunded
14562,132,661.35,2020,cancelled
14563,466,511.07,2022,cancelled
14564,198,662.65,2023,pending
14565,194,763.65,2023,pending
14566,492,27.25,2022,completed
14567,392,657.32,2023,refunded
14568,111,214.05,2022,completed
14569,130,639.57,2020,completed
14570,273,60.99,2021,pending
14571,45,237.49,2021,completed
14572,141,671.13,2024,completed
14573,30,32.54,2023,refunded
14574,98,154.47,2024,cancelled
14575,6,179.00,2024,completed
14576,334,96.64,2024,completed
14577,163,939.62,2024,refunded
14578,400,952.85,2024,completed
14579,379,615.78,2020,completed
14580,345,733.65,2022,completed
14581,338,448.96,2024,pending
14582,89,973.01,2022,completed
14583,426,545.31,2022,completed
14584,95,442.17,2022,cancelled
14585,76,596.87,2021,completed
14586,344,70.37,2024,completed
14587,291,906.92,2022,refunded
14588,168,226.08,2020,pending
14589,52,572.17,2021,completed
14590,392,502.50,2021,completed
14591,445,890.56,2022,completed
14592,57,924.53,2022,completed
14593,287,313.59,2022,pending
14594,276,919.11,2023,completed
14595,73,670.52,2022,completed
14596,291,279.62,2021,cancelled
14597,461,45.10,2021,refunded
14598,57,224.66,2024,refunded
14599,107,924.18,2024,cancelled
14600,396,918.98,2024,pending
14601,237,263.75,2024,refunded
14602,139,981.37,2024,completed
14603,169,496.84,2023,pending
14604,119,443.10,2024,cancelled
14605,188,30.69,2020,completed
14606,370,553.87,2023,completed
14607,145,639.13,2022,refunded
14608,95,68.63,2020,refunded
14609,466,290.01,2022,completed
14610,72,823.41,2023,completed
14611,296,240.00,2023,completed
14612,20,900.75,2022,completed
14613,410,146.54,2024,completed
14614,124,264.64,2023,completed
14615,490,628.19,2021,completed
14616,425,144.34,2024,cancelled
14617,208,419.05,2022,cancelled
14618,284,202.89,2021,cancelled
14619,489,404.90,2024,completed
14620,488,769.78,2024,completed
14621,370,994.10,2022,refunded
14622,307,751.39,2020,pending
14623,418,400.27,2020,refunded
14624,98,217.22,2022,refunded
14625,304,104.05,2020,completed
14626,479,133.19,2021,completed
14627,487,568.24,2020,cancelled
14628,175,429.77,2023,pending
14629,113,507.93,2023,pending
14630,98,531.83,2024,refunded
14631,56,934.81,2021,completed
14632,84,695.50,2022,refunded
14633,270,463.83,2022,pending
14634,286,656.19,2021,completed
14635,74,40.01,2024,completed
14636,470,454.42,2023,cancelled
14637,182,26.40,2020,completed
14638,374,296.48,2021,completed
14639,159,963.10,2021,cancelled
14640,464,262.93,2022,cancelled
14641,444,965.39,2020,cancelled
14642,308,634.13,2022,completed
14643,378,906.63,2021,refunded
14644,35,88.72,2021,cancelled
14645,6,976.61,2022,completed
14646,494,302.00,2020,completed
14647,373,838.09,2023,pending
14648,320,430.97,2023,completed
14649,190,262.68,2021,completed
14650,229,164.80,2024,refunded
14651,50,71.04,2022,pending
14652,197,182.44,2020,pending
14653,28,245.87,2023,completed
14654,142,425.63,2024,cancelled
14655,185,578.91,2020,pending
14656,192,688.28,2021,completed
14657,227,804.65,2023,completed
14658,443,26.54,2020,completed
14659,33,582.96,2023,completed
14660,244,361.56,2020,completed
14661,270,480.35,2023,completed
14662,374,527.90,2022,completed
14663,11,60.15,2020,completed
14664,183,69.50,2022,pending
14665,56,99.03,2023,cancelled
14666,403,71.64,2020,completed
14667,412,418.68,2022,completed
14668,205,510.52,2021,refunded
14669,22,400.78,2022,refunded
14670,108,971.16,2024,completed
14671,367,595.63,2024,refunded
14672,71,151.32,2021,refunded
14673,439,885.67,2021,refunded
14674,358,648.71,2023,completed
14675,364,993.72,2021,pending
14676,135,184.89,2020,refunded
14677,128,998.34,2023,completed
14678,465,222.29,2023,pending
14679,327,863.40,2021,completed
14680,330,269.85,2020,cancelled
14681,140,578.22,2022,pending
14682,478,788.90,2023,refunded
14683,458,931.38,2022,cancelled
14684,205,848.48,2021,refunded
14685,66,710.43,2021,completed
14686,95,202.03,2021,completed
14687,396,819.32,2021,cancelled
14688,205,971.21,2024,refunded
14689,182,653.37,2020,cancelled
14690,140,623.86,2023,cancelled
14691,57,952.93,2020,pending
14692,5,462.91,2023,completed
14693,224,65.71,2020,pending
14694,246,988.43,2024,completed
14695,417,434.76,2024,pending
14696,148,785.63,2024,refunded
14697,195,973.86,2021,cancelled
14698,464,792.74,2022,completed
14699,33,971.27,2021,refunded
14700,200,326.57,2020,refunded
14701,293,57.67,2020,completed
14702,40,431.39,2020,pending
14703,97,702.29,2020,refunded
14704,289,990.91,2020,completed
14705,390,337.94,2020,completed
14706,187,539.87,2022,refunded
14707,226,186.92,2020,refunded
14708,390,125.77,2024,cancelled
14709,347,361.14,2023,completed
14710,212,809.34,2021,pending
14711,57,159.46,2021,cancelled
14712,499,530.27,2024,refunded
14713,83,605.71,2022,completed
14714,251,992.69,2021,pending
14715,319,758.57,2023,cancelled
14716,418,941.29,2023,refunded
14717,407,705.38,2024,cancelled
14718,170,635.81,2023,completed
14719,54,304.55,2022,completed
14720,399,46.53,2020,pending
14721,406,110.54,2020,completed
14722,247,769.99,2022,completed
14723,56,742.16,2024,refunded
14724,90,937.72,2020,completed
14725,349,679.95,2021,completed
14726,199,251.09,2020,completed
14727,395,903.79,2021,cancelled
14728,301,727.56,2022,refunded
14729,277,802.70,2023,pending
14730,400,639.65,2021,completed
14731,38,903.99,2020,cancelled
14732,432,254.98,2020,pending
14733,19,610.22,2021,completed
14734,36,147.82,2021,cancelled
14735,420,424.18,2023,completed
14736,282,708.22,2021,completed
14737,294,756.02,2020,pending
14738,286,688.94,2022,pending
14739,126,265.70,2024,completed
14740,262,106.83,2023,cancelled
14741,45,333.65,2023,refunded
14742,98,734.19,2023,completed
14743,5,584.65,2023,completed
14744,71,234.54,2024,completed
14745,41,869.48,2020,refunded
14746,477,478.15,2021,completed
14747,135,823.71,2023,pending
14748,479,568.26,2020,refunded
14749,315,948.49,2021,completed
14750,169,276.73,2024,completed
14751,75,355.13,2021,pending
14752,326,595.71,2024,completed
14753,443,864.60,2024,refunded
14754,341,282.28,2021,refunded
14755,234,709.69,2022,completed
14756,203,588.92,2021,refunded
14757,384,196.16,2022,cancelled
14758,378,662.98,2022,cancelled
14759,334,427.74,2024,cancelled
14760,21,291.58,2024,completed
14761,43,232.87,2023,completed
14762,416,610.81,2023,cancelled
14763,3,39.62,2022,cancelled
14764,418,370.89,2022,completed
14765,448,123.97,2021,completed
14766,127,39.88,2022,pending
14767,443,86.24,2020,refunded
14768,476,558.18,2022,cancelled
14769,69,385.68,2023,completed
14770,343,721.71,2024,completed
14771,296,204.20,2023,refunded
14772,345,896.66,2024,refunded
14773,189,411.68,2022,refunded
14774,453,877.58,2022,refunded
14775,342,73.00,2020,completed
14776,306,297.37,2022,refunded
14777,404,878.53,2022,pending
14778,419,987.07,2022,completed
14779,360,702.58,2023,refunded
14780,444,556.18,2020,pending
14781,313,266.38,2023,refunded
14782,473,362.54,2022,refunded
14783,179,448.34,2021,cancelled
14784,33,629.00,2024,cancelled
14785,268,856.78,2022,completed
14786,143,590.43,2020,pending
14787,296,945.18,2021,refunded
14788,45,520.56,2024,completed
14789,364,620.84,2024,pending
14790,313,739.49,2024,completed
14791,33,47.83,2024,refunded
14792,10,475.90,2024,completed
14793,318,381.98,2023,completed
14794,87,732.38,2024,pending
14795,217,660.01,2020,completed
14796,162,908.72,2020,completed
14797,349,927.92,2023,completed
14798,390,398.26,2023,refunded
14799,291,539.08,2020,cancelled
14800,272,237.75,2024,completed
14801,492,671.02,2021,completed
14802,186,770.33,2021,completed
14803,487,668.39,2020,pending
14804,409,370.54,2023,cancelled
14805,188,345.27,2023,completed
14806,210,257.54,2020,cancelled
14807,100,939.96,2024,refunded
14808,435,804.31,2023,completed
14809,325,751.24,2020,completed
14810,251,819.96,2021,completed
14811,381,258.53,2022,completed
14812,400,415.68,2022,pending
14813,252,607.53,2021,cancelled
14814,207,343.99,2024,completed
14815,32,978.75,2023,completed
14816,27,360.88,2023,cancelled
14817,137,422.14,2024,completed
14818,135,840.47,2022,completed
14819,184,726.19,2022,completed
14820,500,243.81,2020,completed
14821,50,934.82,2022,completed
14822,194,555.50,2020,completed
14823,96,681.93,2020,completed
14824,431,735.87,2020,refunded
14825,382,712.03,2022,completed
14826,18,114.43,2022,pending
14827,190,287.94,2021,pending
14828,59,929.72,2022,completed
14829,398,119.73,2020,completed
14830,263,114.81,2020,completed
14831,407,800.33,2021,completed
14832,163,451.90,2023,completed
14833,193,299.13,2022,completed
14834,124,106.61,2024,pending
14835,341,734.00,2024,completed
14836,375,986.35,2024,pending
14837,222,760.85,2023,completed
14838,159,763.80,2022,completed
14839,28,465.67,2020,cancelled
14840,26,22.15,2020,completed
14841,193,281.00,2022,completed
14842,297,365.78,2020,completed
14843,440,824.97,2023,completed
14844,167,295.49,2021,cancelled
14845,372,200.04,2024,pending
14846,183,557.16,2020,completed
14847,55,126.39,2023,refunded
14848,480,705.59,2021,completed
14849,267,823.16,2023,completed
14850,350,180.67,2020,completed
14851,499,530.60,2023,cancelled
14852,448,290.45,2023,refunded
14853,166,702.37,2020,completed
14854,104,730.55,2021,pending
14855,225,54.64,2020,completed
14856,456,598.96,2020,cancelled
14857,68,970.62,2024,completed
14858,157,409.48,2021,refunded
14859,436,194.73,2022,refunded
14860,161,492.25,2022,cancelled
14861,397,66.62,2023,refunded
14862,134,646.25,2020,cancelled
14863,65,797.65,2024,refunded
14864,387,314.66,2023,pending
14865,79,152.73,2022,pending
14866,106,565.59,2023,completed
14867,82,907.11,2023,pending
14868,295,191.39,2020,pending
14869,193,973.64,2024,completed
14870,301,756.86,2022,completed
14871,409,873.64,2022,pending
14872,374,901.83,2020,refunded
14873,22,849.89,2022,completed
14874,451,187.20,2020,refunded
14875,289,539.38,2021,refunded
14876,199,462.34,2021,completed
14877,25,98.17,2024,refunded
14878,324,729.39,2020,pending
14879,461,134.50,2020,cancelled
14880,25,65.95,2022,refunded
14881,205,725.64,2021,completed
14882,389,455.48,2023,pending
14883,115,992.16,2021,completed
14884,260,842.35,2024,completed
14885,182,339.52,2024,completed
14886,474,71.10,2022,pending
14887,131,806.94,2024,refunded
14888,277,594.53,2021,completed
14889,73,307.80,2022,cancelled
14890,428,280.31,2023,refunded
14891,422,14.17,2023,completed
14892,99,787.94,2023,completed
14893,246,793.46,2022,refunded
14894,358,709.02,2022,completed
14895,412,568.02,2020,pending
14896,143,517.81,2021,cancelled
14897,387,246.94,2021,refunded
14898,287,756.64,2021,completed
14899,311,808.46,2021,refunded
14900,279,437.75,2024,completed
14901,32,571.68,2021,cancelled
14902,83,282.06,2020,completed
14903,251,392.89,2020,completed
14904,195,48.42,2022,pending
14905,136,931.79,2022,completed
14906,290,964.79,2021,completed
14907,456,80.68,2022,refunded
14908,10,323.92,2021,completed
14909,14,474.14,2023,completed
14910,418,624.71,2024,completed
14911,431,975.51,2021,completed
14912,233,128.87,2021,refunded
14913,379,248.67,2022,cancelled
14914,142,276.40,2022,refunded
14915,389,859.00,2021,completed
14916,268,592.10,2020,refunded
14917,432,528.37,2022,refunded
14918,233,68.03,2024,completed
14919,178,801.41,2021,completed
14920,196,422.97,2021,refunded
14921,384,226.94,2023,refunded
14922,220,615.81,2023,completed
14923,397,968.50,2023,completed
14924,208,818.20,2021,cancelled
14925,298,526.77,2021,completed
14926,50,452.49,2020,pending
14927,60,794.56,2023,completed
14928,105,755.11,2022,completed
14929,249,560.25,2023,pending
14930,185,356.58,2022,refunded
14931,170,545.76,2022,refunded
14932,456,796.58,2022,cancelled
14933,24,243.18,2023,completed
14934,120,333.08,2020,completed
14935,275,99.75,2020,cancelled
14936,232,680.64,2024,cancelled
14937,232,729.27,2021,completed
14938,6,716.20,2023,completed
14939,127,673.68,2023,refunded
14940,191,229.72,2024,completed
14941,136,605.70,2021,refunded
14942,172,681.05,2022,refunded
14943,190,122.56,2022,completed
14944,123,246.93,2023,completed
14945,354,506.79,2021,pending
14946,389,687.77,2020,refunded
14947,261,947.35,2022,cancelled
14948,30,198.49,2021,completed
14949,403,277.37,2024,cancelled
14950,367,342.74,2022,cancelled
14951,424,578.76,2021,completed
14952,139,549.92,2021,cancelled
14953,19,349.62,2021,refunded
14954,455,429.77,2023,pending
14955,277,726.61,2024,pending
14956,120,905.97,2023,completed
14957,393,95.45,2022,completed
14958,71,631.78,2022,refunded
14959,121,66.93,2024,refunded
14960,42,443.35,2021,completed
14961,346,439.39,2022,cancelled
14962,31,811.16,2022,completed
14963,443,254.76,2021,cancelled
14964,239,751.88,2021,completed
14965,131,473.51,2021,cancelled
14966,411,36.61,2022,completed
14967,224,226.03,2020,completed
14968,195,927.50,2021,completed
14969,272,626.19,2020,cancelled
14970,499,386.92,2023,completed
14971,427,533.04,2021,completed
14972,383,69.51,2021,completed
14973,57,688.16,2020,completed
14974,421,597.97,2023,refunded
14975,71,867.80,2024,completed
14976,38,964.31,2024,completed
14977,433,391.49,2022,completed
14978,321,491.78,2021,pending
14979,279,586.80,2021,pending
14980,6,827.62,2024,cancelled
14981,210,607.76,2023,completed
14982,56,22.85,2023,refunded
14983,281,60.77,2023,refunded
14984,366,659.88,2020,completed
14985,98,400.63,2022,pending
14986,299,777.18,2021,refunded
14987,10,107.26,2020,pending
14988,406,652.40,2024,completed
14989,36,840.04,2022,completed
14990,349,564.97,2024,completed
14991,356,580.48,2023,completed
14992,320,996.71,2023,cancelled
14993,334,96.01,2023,pending
14994,356,139.76,2021,completed
14995,68,829.16,2020,completed
14996,183,101.82,2021,completed
14997,160,329.13,2022,cancelled
14998,379,950.41,2022,refunded
14999,341,339.50,2020,refunded
15000,77,950.71,2021,pending
15001,354,670.69,2020,cancelled
15002,29,849.74,2022,completed
15003,361,176.81,2022,cancelled
15004,331,994.70,2021,cancelled
15005,117,236.50,2023,completed
15006,469,654.36,2021,completed
15007,259,491.75,2020,completed
15008,432,15.19,2024,completed
15009,147,70.05,2024,completed
15010,217,394.87,2021,refunded
15011,451,342.59,2024,completed
15012,218,696.87,2022,cancelled
15013,275,980.44,2024,pending
15014,31,569.60,2024,completed
15015,407,999.90,2022,completed
15016,495,24.94,2021,pending
15017,243,888.80,2022,completed
15018,53,756.33,2022,completed
15019,359,919.20,2023,pending
15020,463,64.96,2024,completed
15021,104,145.57,2020,completed
15022,113,876.11,2021,completed
15023,481,185.83,2020,completed
15024,481,150.57,2024,cancelled
15025,319,982.63,2022,refunded
15026,160,68.27,2023,cancelled
15027,124,653.17,2020,completed
15028,405,904.34,2021,completed
15029,438,423.54,2023,completed
15030,327,539.87,2024,cancelled
15031,198,432.07,2021,completed
15032,206,677.33,2023,pending
15033,23,783.01,2021,pending
15034,3,67.97,2024,completed
15035,214,432.69,2022,refunded
15036,140,242.62,2021,completed
15037,81,239.37,2020,cancelled
15038,142,545.33,2023,completed
15039,476,520.80,2021,cancelled
15040,181,655.13,2023,refunded
15041,90,284.45,2024,completed
15042,393,247.82,2023,cancelled
15043,222,336.86,2022,completed
15044,83,910.56,2023,completed
15045,22,219.97,2024,completed
15046,287,852.04,2024,completed
15047,239,123.12,2022,completed
15048,118,339.95,2024,completed
15049,85,321.67,2024,cancelled
15050,87,382.23,2022,completed
15051,353,928.99,2022,completed
15052,58,439.92,2021,completed
15053,183,145.37,2024,refunded
15054,238,54.90,2022,pending
15055,147,708.98,2022,completed
15056,156,497.66,2024,pending
15057,387,195.33,2023,pending
15058,475,499.01,2022,refunded
15059,203,301.12,2020,pending
15060,43,701.85,2022,completed
15061,105,690.34,2023,refunded
15062,304,147.88,2021,completed
15063,49,618.67,2022,pending
15064,469,383.75,2021,completed
15065,37,304.30,2021,refunded
15066,349,852.45,2020,completed
15067,176,696.63,2024,completed
15068,100,853.07,2024,pending
15069,408,481.24,2023,completed
15070,260,772.97,2024,completed
15071,278,849.92,2022,cancelled
15072,217,877.49,2021,completed
15073,356,873.33,2022,pending
15074,294,333.70,2020,completed
15075,498,975.79,2022,cancelled
15076,387,427.22,2020,refunded
15077,316,442.21,2022,cancelled
15078,377,119.52,2020,completed
15079,442,841.57,2024,completed
15080,217,497.02,2022,completed
15081,437,81.80,2021,pending
15082,432,613.94,2020,completed
15083,240,836.71,2023,pending
15084,465,848.97,2024,completed
15085,128,394.36,2023,refunded
15086,159,416.35,2022,completed
15087,497,454.41,2023,pending
15088,292,957.71,2023,completed
15089,7,410.39,2024,completed
15090,480,779.44,2022,completed
15091,465,307.03,2024,completed
15092,38,207.82,2024,refunded
15093,119,438.73,2022,completed
15094,149,331.61,2023,completed
15095,433,898.84,2024,refunded
15096,351,932.11,2023,refunded
15097,54,24.67,2022,refunded
15098,308,134.14,2024,cancelled
15099,38,174.74,2020,completed
15100,173,213.05,2022,completed
15101,95,722.42,2023,completed
15102,52,302.40,2021,completed
15103,3,754.85,2024,refunded
15104,178,372.29,2023,completed
15105,108,38.85,2023,pending
15106,269,165.06,2020,cancelled
15107,313,465.15,2024,pending
15108,402,463.73,2023,refunded
15109,289,656.56,2021,completed
15110,89,781.46,2020,completed
15111,455,586.87,2021,cancelled
15112,262,886.91,2021,completed
15113,13,815.09,2021,refunded
15114,359,26.05,2023,completed
15115,338,723.05,2024,pending
15116,121,553.68,2023,completed
15117,457,464.98,2020,completed
15118,212,346.18,2022,pending
15119,308,663.41,2024,cancelled
15120,392,85.79,2024,pending
15121,52,620.62,2024,pending
15122,351,302.06,2023,pending
15123,104,835.17,2024,cancelled
15124,142,56.85,2021,completed
15125,340,371.63,2022,refunded
15126,291,390.29,2020,completed
15127,34,982.62,2020,cancelled
15128,60,14.78,2021,completed
15129,426,197.14,2022,cancelled
15130,28,103.12,2021,cancelled
15131,182,333.20,2023,refunded
15132,441,392.56,2023,pending
15133,69,424.16,2024,completed
15134,70,709.99,2022,pending
15135,164,381.17,2023,pending
15136,295,938.23,2020,completed
15137,257,49.57,2023,completed
15138,291,959.81,2023,completed
15139,173,482.27,2023,cancelled
15140,99,633.05,2024,cancelled
15141,304,53.44,2024,pending
15142,77,169.37,2020,cancelled
15143,408,841.13,2022,completed
15144,284,257.87,2024,refunded
15145,8,216.78,2021,refunded
15146,11,207.90,2024,refunded
15147,342,813.32,2024,completed
15148,153,552.66,2020,completed
15149,230,393.31,2023,refunded
15150,471,142.36,2023,completed
15151,78,104.59,2022,refunded
15152,216,545.00,2021,completed
15153,138,62.12,2020,refunded
15154,494,939.67,2021,refunded
15155,460,249.09,2022,completed
15156,198,488.35,2024,completed
15157,327,910.10,2024,completed
15158,306,396.36,2023,completed
15159,337,678.93,2024,completed
15160,187,842.26,2021,completed
15161,399,763.85,2022,completed
15162,249,642.55,2022,cancelled
15163,108,708.91,2020,completed
15164,94,445.12,2024,completed
15165,40,874.39,2024,completed
15166,296,663.53,2022,completed
15167,262,744.44,2020,completed
15168,444,888.03,2023,completed
15169,236,475.57,2021,completed
15170,449,61.26,2024,completed
15171,456,203.56,2021,completed
15172,368,808.90,2023,completed
15173,460,107.42,2022,completed
15174,70,78.40,2023,completed
15175,432,229.92,2024,refunded
15176,492,557.04,2023,completed
15177,437,536.34,2021,completed
15178,229,347.51,2024,refunded
15179,450,365.92,2020,completed
15180,69,330.88,2024,refunded
15181,450,788.61,2020,completed
15182,81,662.78,2022,completed
15183,117,522.46,2024,pending
15184,459,570.95,2022,pending
15185,431,447.04,2024,refunded
15186,256,436.45,2023,completed
15187,373,475.02,2023,completed
15188,220,940.45,2022,cancelled
15189,386,470.35,2024,refunded
15190,103,501.34,2024,completed
15191,298,547.82,2021,completed
15192,147,364.53,2021,completed
15193,391,938.91,2023,pending
15194,296,770.47,2021,completed
15195,172,497.07,2022,completed
15196,239,500.20,2021,completed
15197,269,749.68,2022,completed
15198,35,592.09,2020,cancelled
15199,104,554.76,2023,pending
15200,351,878.10,2020,refunded
15201,458,722.96,2021,cancelled
15202,348,533.09,2023,completed
15203,440,11.25,2024,pending
15204,12,752.46,2021,completed
15205,281,47.90,2020,cancelled
15206,84,96.08,2022,completed
15207,415,214.31,2020,completed
15208,286,841.95,2024,pending
15209,318,807.90,2021,completed
15210,149,609.77,2023,cancelled
15211,18,423.97,2020,refunded
15212,238,969.94,2024,completed
15213,74,980.96,2024,completed
15214,333,511.83,2022,cancelled
15215,157,180.01,2022,completed
15216,439,176.49,2023,refunded
15217,378,581.14,2024,completed
15218,149,850.54,2024,completed
15219,380,635.40,2020,cancelled
15220,378,697.07,2020,completed
15221,134,655.42,2024,cancelled
15222,145,350.60,2021,completed
15223,486,885.45,2024,cancelled
15224,388,889.31,2020,refunded
15225,154,339.81,2024,refunded
15226,78,906.05,2020,cancelled
15227,98,857.36,2021,pending
15228,112,429.31,2020,pending
15229,307,363.70,2024,completed
15230,68,89.88,2023,refunded
15231,234,38.83,2024,completed
15232,293,933.57,2023,completed
15233,383,412.84,2023,completed
15234,37,509.14,2022,refunded
15235,458,351.86,2024,completed
15236,178,557.07,2024,completed
15237,247,840.29,2020,completed
15238,190,449.62,2020,completed
15239,68,613.51,2022,pending
15240,351,226.07,2024,completed
15241,267,500.33,2024,refunded
15242,349,266.59,2022,completed
15243,299,842.32,2023,cancelled
15244,340,21.49,2021,pending
15245,282,304.62,2022,cancelled
15246,423,22.50,2024,refunded
15247,312,735.29,2022,completed
15248,41,143.95,2021,cancelled
15249,359,833.91,2023,pending
15250,343,915.31,2024,cancelled
15251,56,237.47,2022,completed
15252,137,325.58,2024,completed
15253,99,929.23,2021,completed
15254,110,524.19,2022,pending
15255,275,954.91,2020,completed
15256,167,654.66,2022,completed
15257,189,361.69,2022,pending
15258,203,169.09,2021,pending
15259,212,448.01,2022,cancelled
15260,393,919.37,2022,cancelled
15261,424,838.01,2021,completed
15262,200,602.55,2022,refunded
15263,37,422.04,2023,cancelled
15264,179,424.38,2024,cancelled
15265,133,276.13,2024,refunded
15266,22,796.66,2020,completed
15267,176,572.20,2020,refunded
15268,457,223.26,2023,cancelled
15269,56,386.46,2023,pending
15270,136,848.47,2023,refunded
15271,328,694.89,2023,refunded
15272,48,685.33,2023,completed
15273,232,789.25,2021,completed
15274,338,56.91,2023,completed
15275,455,330.68,2022,refunded
15276,495,559.96,2021,pending
15277,350,857.06,2023,completed
15278,426,118.48,2020,refunded
15279,26,911.45,2021,cancelled
15280,15,665.67,2022,refunded
15281,39,639.01,2021,completed
15282,81,531.99,2020,completed
15283,372,697.12,2023,pending
15284,183,770.40,2022,pending
15285,381,27.12,2020,refunded
15286,339,588.21,2023,completed
15287,278,172.10,2021,completed
15288,212,930.61,2022,completed
15289,334,793.12,2021,completed
15290,381,857.02,2020,completed
15291,270,465.05,2024,completed
15292,168,358.70,2021,refunded
15293,203,366.18,2022,completed
15294,173,492.41,2021,pending
15295,270,213.85,2023,refunded
15296,56,135.01,2023,refunded
15297,348,708.26,2020,completed
15298,274,855.20,2023,completed
15299,362,305.03,2022,completed
15300,21,98.36,2022,completed
15301,402,71.41,2022,completed
15302,440,455.89,2020,completed
15303,195,651.05,2020,completed
15304,280,82.07,2024,completed
15305,446,149.52,2024,refunded
15306,73,989.74,2023,refunded
15307,368,676.21,2024,completed
15308,427,226.31,2024,completed
15309,431,124.64,2021,completed
15310,100,820.06,2020,completed
15311,112,736.72,2024,pending
15312,498,260.08,2022,completed
15313,416,549.77,2024,completed
15314,417,846.03,2020,completed
15315,38,12.99,2021,completed
15316,383,489.44,2022,pending
15317,47,622.40,2024,cancelled
15318,224,766.89,2021,completed
15319,310,245.75,2020,completed
15320,433,851.23,2023,refunded
15321,211,332.10,2021,completed
15322,136,435.82,2024,completed
15323,41,128.11,2022,refunded
15324,133,368.37,2020,completed
15325,158,342.89,2023,cancelled
15326,102,485.06,2024,completed
15327,383,46.07,2021,pending
15328,35,333.08,2021,pending
15329,414,751.46,2024,completed
15330,394,29.03,2023,completed
15331,257,189.51,2024,completed
15332,181,159.63,2020,pending
15333,279,986.29,2022,refunded
15334,172,742.02,2023,completed
15335,202,490.97,2022,completed
15336,434,172.48,2020,completed
15337,46,53.89,2021,completed
15338,285,799.89,2020,pending
15339,474,74.50,2023,refunded
15340,344,949.52,2022,completed
15341,410,797.40,2023,completed
15342,305,257.92,2021,refunded
15343,413,770.45,2020,completed
15344,176,781.56,2024,completed
15345,371,752.80,2022,completed
15346,272,109.82,2021,pending
15347,102,456.71,2022,cancelled
15348,282,810.67,2022,refunded
15349,30,708.98,2021,completed
15350,334,877.69,2024,completed
15351,321,717.91,2021,completed
15352,345,240.22,2023,refunded
15353,269,386.64,2023,completed
15354,463,978.01,2023,cancelled
15355,322,393.74,2023,completed
15356,343,686.67,2022,cancelled
15357,198,16.33,2021,refunded
15358,330,733.48,2022,pending
15359,385,466.98,2022,completed
15360,243,954.67,2022,pending
15361,3,943.61,2022,refunded
15362,313,631.51,2022,completed
15363,278,54.20,2021,completed
15364,263,127.48,2022,completed
15365,269,553.96,2024,completed
15366,25,641.98,2024,completed
15367,235,786.11,2022,refunded
15368,398,53.37,2022,completed
15369,72,173.37,2024,cancelled
15370,181,522.50,2024,cancelled
15371,13,554.61,2024,cancelled
15372,350,62.67,2023,pending
15373,289,670.95,2021,cancelled
15374,206,738.50,2024,refunded
15375,38,72.26,2021,completed
15376,223,919.40,2021,completed
15377,27,190.37,2020,pending
15378,423,197.87,2021,completed
15379,19,385.82,2024,refunded
15380,451,741.13,2023,completed
15381,35,18.19,2021,cancelled
15382,347,110.31,2024,cancelled
15383,67,686.72,2020,completed
15384,226,219.33,2021,completed
15385,181,546.75,2023,completed
15386,466,641.18,2020,refunded
15387,375,107.53,2024,completed
15388,311,248.83,2020,completed
15389,231,784.82,2023,completed
15390,257,765.81,2021,pending
15391,470,732.13,2024,pending
15392,458,996.48,2022,refunded
15393,459,943.17,2023,completed
15394,384,613.38,2023,completed
15395,389,558.80,2020,pending
15396,418,505.06,2020,completed
15397,234,837.58,2021,pending
15398,498,288.77,2022,cancelled
15399,406,280.91,2024,completed
15400,176,584.78,2020,completed
15401,448,89.74,2022,completed
15402,79,21.83,2020,completed
15403,401,903.72,2024,refunded
15404,229,319.92,2024,completed
15405,143,675.88,2022,completed
15406,41,993.40,2024,pending
15407,218,394.35,2023,refunded
15408,259,727.70,2023,pending
15409,54,991.18,2023,completed
15410,115,435.91,2024,refunded
15411,350,363.70,2024,cancelled
15412,264,163.31,2022,completed
15413,440,833.02,2021,completed
15414,396,821.16,2021,cancelled
15415,261,536.86,2022,completed
15416,375,972.71,2022,cancelled
15417,466,346.93,2020,completed
15418,263,560.46,2023,completed
15419,133,455.10,2022,completed
15420,31,446.23,2024,cancelled
15421,389,962.24,2020,completed
15422,317,323.24,2021,completed
15423,479,317.94,2021,completed
15424,11,826.89,2023,completed
15425,93,933.40,2020,completed
15426,438,739.98,2020,completed
15427,401,139.77,2021,completed
15428,276,317.91,2021,refunded
15429,33,540.89,2021,cancelled
15430,180,74.81,2024,refunded
15431,86,561.54,2021,pending
15432,68,26.49,2023,refunded
15433,417,759.00,2020,completed
15434,71,359.56,2022,completed
15435,45,46.93,2021,completed
15436,256,328.88,2023,cancelled
15437,104,632.61,2021,refunded
15438,309,476.34,2022,completed
15439,232,860.56,2023,completed
15440,253,280.97,2021,completed
15441,422,463.81,2022,completed
15442,14,234.65,2022,completed
15443,173,379.47,2022,refunded
15444,173,79.48,2022,pending
15445,403,934.72,2020,pending
15446,351,68.79,2020,cancelled
15447,474,990.16,2023,refunded
15448,344,130.98,2023,pending
15449,477,138.70,2022,completed
15450,438,158.40,2022,completed
15451,286,391.08,2020,cancelled
15452,230,893.37,2024,completed
15453,289,98.15,2021,completed
15454,454,979.24,2024,refunded
15455,462,70.19,2023,completed
15456,148,974.64,2022,completed
15457,127,128.25,2020,refunded
15458,419,993.73,2021,completed
15459,192,910.82,2024,completed
15460,470,946.01,2022,pending
15461,474,242.45,2023,completed
15462,14,633.49,2022,completed
15463,192,661.05,2024,completed
15464,280,676.04,2024,completed
15465,41,49.20,2020,pending
15466,406,721.05,2021,completed
15467,398,316.52,2021,completed
15468,225,599.55,2022,completed
15469,328,783.95,2024,completed
15470,441,197.53,2024,cancelled
15471,11,279.42,2020,completed
15472,485,336.59,2020,refunded
15473,486,230.38,2021,refunded
15474,237,954.52,2023,completed
15475,478,365.60,2021,refunded
15476,288,765.90,2023,cancelled
15477,39,709.34,2023,pending
15478,98,127.74,2024,completed
15479,130,246.94,2022,pending
15480,393,608.58,2021,cancelled
15481,117,371.80,2021,cancelled
15482,53,619.66,2022,completed
15483,283,394.68,2021,completed
15484,161,863.10,2020,refunded
15485,1,775.04,2020,pending
15486,41,421.22,2021,pending
15487,482,779.79,2021,completed
15488,440,788.04,2024,refunded
15489,239,577.91,2023,cancelled
15490,313,492.56,2021,refunded
15491,366,495.49,2022,completed
15492,298,781.88,2020,refunded
15493,2,820.32,2022,completed
15494,406,824.57,2024,cancelled
15495,173,990.09,2020,completed
15496,229,479.64,2021,pending
15497,379,592.55,2024,pending
15498,439,874.06,2020,refunded
15499,388,253.49,2021,cancelled
15500,452,433.21,2022,completed
15501,420,776.90,2022,completed
15502,104,191.31,2024,completed
15503,328,336.38,2020,completed
15504,462,197.65,2024,cancelled
15505,23,818.26,2023,cancelled
15506,272,887.03,2024,cancelled
15507,167,16.47,2023,pending
15508,17,180.97,2022,completed
15509,425,992.66,2021,refunded
15510,435,56.06,2024,completed
15511,365,893.35,2023,completed
15512,337,976.96,2020,completed
15513,227,699.78,2021,completed
15514,161,217.74,2020,completed
15515,209,979.98,2023,pending
15516,205,88.67,2023,pending
15517,433,179.48,2024,pending
15518,225,641.34,2023,completed
15519,179,65.02,2020,completed
15520,167,391.85,2020,completed
15521,251,202.52,2021,cancelled
15522,80,544.11,2024,completed
15523,452,243.61,2024,completed
15524,227,144.51,2021,cancelled
15525,445,732.05,2024,cancelled
15526,114,346.87,2024,cancelled
15527,33,918.61,2021,pending
15528,89,358.34,2020,completed
15529,123,514.84,2024,completed
15530,168,459.82,2021,completed
15531,133,346.48,2022,completed
15532,357,183.50,2021,refunded
15533,113,875.99,2023,completed
15534,37,942.69,2023,completed
15535,300,44.20,2022,completed
15536,321,414.06,2023,pending
15537,192,452.58,2020,pending
15538,410,780.58,2022,completed
15539,497,329.53,2021,completed
15540,19,570.07,2022,completed
15541,275,928.68,2022,cancelled
15542,137,787.73,2020,pending
15543,274,823.98,2024,completed
15544,196,672.51,2024,cancelled
15545,340,302.39,2021,completed
15546,251,438.98,2021,refunded
15547,348,322.32,2024,completed
15548,119,376.38,2022,completed
15549,463,137.74,2023,cancelled
15550,129,789.48,2022,completed
15551,55,429.68,2020,refunded
15552,310,209.09,2023,completed
15553,374,355.69,2020,pending
15554,81,267.85,2021,completed
15555,333,322.71,2022,completed
15556,39,557.55,2020,completed
15557,44,877.97,2023,pending
15558,443,499.74,2024,completed
15559,96,340.69,2021,cancelled
15560,285,593.04,2024,cancelled
15561,237,982.53,2022,completed
15562,202,467.71,2022,cancelled
15563,46,695.49,2024,completed
15564,313,587.01,2022,completed
15565,93,271.64,2022,completed
15566,38,337.92,2020,pending
15567,271,408.02,2021,completed
15568,194,332.10,2024,completed
15569,316,793.08,2021,completed
15570,350,242.41,2024,pending
15571,138,200.02,2024,refunded
15572,240,173.10,2024,refunded
15573,396,325.88,2021,cancelled
15574,65,774.65,2022,cancelled
15575,223,421.15,2022,completed
15576,452,763.55,2024,completed
15577,458,816.15,2022,refunded
15578,259,888.81,2021,completed
15579,109,418.08,2020,completed
15580,28,153.18,2021,completed
15581,196,618.21,2022,completed
15582,380,817.37,2020,cancelled
15583,475,112.05,2020,completed
15584,197,797.73,2023,pending
15585,262,626.58,2021,pending
15586,169,86.18,2022,completed
15587,299,928.82,2024,completed
15588,37,941.17,2024,completed
15589,364,549.27,2020,completed
15590,38,757.19,2023,completed
15591,194,727.55,2020,cancelled
15592,198,291.28,2021,pending
15593,218,94.60,2022,pending
15594,54,535.91,2024,cancelled
15595,297,102.04,2023,refunded
15596,84,949.69,2021,cancelled
15597,162,758.19,2024,refunded
15598,455,935.46,2022,cancelled
15599,447,104.11,2022,completed
15600,258,800.59,2020,refunded
15601,375,337.26,2020,refunded
15602,21,86.85,2021,completed
15603,339,936.07,2022,pending
15604,218,77.20,2024,completed
15605,441,669.95,2020,cancelled
15606,173,773.03,2022,cancelled
15607,355,472.69,2020,completed
15608,40,466.81,2021,refunded
15609,156,168.91,2024,completed
15610,231,798.82,2021,completed
15611,24,979.36,2020,pending
15612,252,171.01,2020,completed
15613,380,637.64,2021,completed
15614,486,150.03,2021,completed
15615,467,174.32,2023,refunded
15616,159,469.38,2021,completed
15617,36,588.18,2024,completed
15618,82,548.63,2022,completed
15619,483,47.39,2021,cancelled
15620,429,741.86,2021,pending
15621,111,148.53,2020,completed
15622,184,219.17,2022,pending
15623,402,470.31,2022,pending
15624,147,80.11,2021,cancelled
15625,230,952.05,2024,refunded
15626,245,196.90,2020,refunded
15627,163,70.05,2022,completed
15628,13,803.63,2023,completed
15629,44,544.66,2024,completed
15630,235,315.35,2024,completed
15631,377,285.16,2020,completed
15632,264,329.00,2023,completed
15633,245,143.40,2023,completed
15634,361,284.97,2020,completed
15635,490,716.84,2023,completed
15636,230,874.59,2023,completed
15637,186,544.55,2023,completed
15638,140,176.90,2020,refunded
15639,76,926.08,2024,completed
15640,456,552.90,2023,completed
15641,364,312.06,2021,refunded
15642,246,700.84,2024,pending
15643,42,77.75,2023,completed
15644,123,820.49,2024,completed
15645,495,121.47,2021,pending
15646,365,379.32,2024,completed
15647,184,281.62,2021,refunded
15648,139,113.24,2022,completed
15649,145,891.36,2021,pending
15650,90,296.97,2024,completed
15651,406,763.50,2024,completed
15652,333,122.55,2022,pending
15653,175,762.90,2024,refunded
15654,262,712.80,2022,completed
15655,190,648.73,2021,completed
15656,106,316.79,2020,completed
15657,13,449.17,2022,completed
15658,374,729.99,2022,pending
15659,151,616.03,2021,completed
15660,439,667.22,2022,completed
15661,453,466.98,2020,cancelled
15662,375,376.56,2022,cancelled
15663,294,380.85,2021,pending
15664,332,87.78,2020,completed
15665,424,835.62,2020,completed
15666,219,153.76,2020,pending
15667,32,990.05,2021,pending
15668,374,632.05,2020,pending
15669,190,341.76,2024,completed
15670,352,340.71,2022,pending
15671,263,690.63,2020,cancelled
15672,274,608.06,2023,completed
15673,143,200.72,2021,completed
15674,392,565.55,2022,completed
15675,99,561.14,2021,pending
15676,366,219.32,2022,completed
15677,481,239.77,2020,refunded
15678,325,70.48,2024,refunded
15679,141,600.41,2020,pending
15680,321,213.14,2023,completed
15681,435,359.09,2024,completed
15682,250,443.57,2020,cancelled
15683,415,175.42,2023,cancelled
15684,358,815.50,2021,cancelled
15685,15,63.38,2024,cancelled
15686,457,187.55,2024,pending
15687,20,761.14,2021,pending
15688,253,866.79,2020,cancelled
15689,249,862.84,2022,completed
15690,9,194.75,2021,completed
15691,437,135.03,2021,cancelled
15692,280,297.69,2021,pending
15693,193,605.75,2023,cancelled
15694,363,466.18,2021,cancelled
15695,376,889.61,2022,refunded
15696,383,502.84,2024,completed
15697,427,725.99,2022,refunded
15698,172,793.39,2023,pending
15699,381,576.30,2020,cancelled
15700,464,965.91,2021,pending
15701,434,462.80,2021,cancelled
15702,181,426.38,2023,cancelled
15703,334,854.22,2021,refunded
15704,204,561.60,2023,completed
15705,366,369.78,2023,refunded
15706,425,675.19,2022,completed
15707,65,467.64,2024,completed
15708,97,436.26,2023,refunded
15709,443,341.48,2020,completed
15710,249,21.08,2021,cancelled
15711,169,217.80,2024,pending
15712,247,136.11,2024,pending
15713,288,53.33,2022,completed
15714,250,172.17,2023,completed
15715,193,525.01,2020,completed
15716,50,425.43,2021,completed
15717,482,784.96,2024,refunded
15718,301,185.47,2024,completed
15719,63,106.34,2024,pending
15720,279,837.49,2023,refunded
15721,109,715.77,2023,completed
15722,156,18.75,2022,completed
15723,500,782.20,2023,completed
15724,41,714.06,2022,cancelled
15725,387,897.89,2023,completed
15726,21,112.22,2020,cancelled
15727,64,580.35,2022,completed
15728,208,768.11,2024,completed
15729,412,676.66,2020,completed
15730,427,320.24,2024,pending
15731,376,680.13,2020,refunded
15732,134,510.71,2022,completed
15733,138,951.04,2022,completed
15734,59,254.47,2024,cancelled
15735,108,402.75,2023,completed
15736,437,172.45,2024,completed
15737,268,481.36,2022,refunded
15738,181,528.75,2021,completed
15739,247,143.46,2023,completed
15740,356,701.40,2020,completed
15741,133,992.23,2020,cancelled
15742,497,623.47,2022,pending
15743,340,239.70,2020,completed
15744,76,664.98,2021,refunded
15745,304,909.30,2023,refunded
15746,388,114.65,2020,completed
15747,246,953.19,2021,completed
15748,40,550.73,2022,pending
15749,367,348.84,2023,pending
15750,486,983.64,2022,completed
15751,294,80.28,2023,pending
15752,275,395.43,2021,completed
15753,15,941.92,2021,completed
15754,489,505.06,2022,pending
15755,92,36.28,2021,pending
15756,452,753.35,2024,pending
15757,475,874.00,2022,refunded
15758,75,159.79,2023,completed
15759,273,395.53,2020,completed
15760,440,762.45,2024,pending
15761,437,780.62,2023,pending
15762,250,18.30,2024,completed
15763,463,760.48,2022,completed
15764,52,533.47,2021,refunded
15765,154,81.94,2022,pending
15766,491,981.49,2023,completed
15767,135,981.75,2023,completed
15768,411,47.66,2021,pending
15769,168,939.92,2021,pending
15770,133,651.30,2024,completed
15771,468,357.85,2024,completed
15772,154,244.18,2023,completed
15773,487,405.74,2023,cancelled
15774,249,331.32,2022,completed
15775,28,770.94,2021,completed
15776,342,72.46,2024,completed
15777,394,573.00,2023,completed
15778,187,49.16,2021,cancelled
15779,361,216.30,2023,pending
15780,409,239.65,2024,cancelled
15781,247,302.89,2023,pending
15782,283,217.05,2021,completed
15783,78,618.60,2021,completed
15784,329,284.15,2023,completed
15785,97,83.46,2024,pending
15786,122,487.82,2020,pending
15787,107,63.23,2021,completed
15788,290,231.99,2021,completed
15789,263,784.55,2020,completed
15790,359,781.12,2020,completed
15791,40,617.60,2023,cancelled
15792,320,112.09,2022,completed
15793,78,893.97,2021,pending
15794,468,115.49,2023,cancelled
15795,269,785.58,2020,completed
15796,181,85.75,2022,cancelled
15797,56,674.33,2020,completed
15798,279,204.22,2022,completed
15799,58,387.46,2023,completed
15800,291,92.02,2021,refunded
15801,367,689.96,2024,completed
15802,175,115.27,2022,completed
15803,326,355.78,2024,completed
15804,270,727.49,2020,completed
15805,342,95.58,2024,completed
15806,222,70.62,2020,pending
15807,139,609.23,2023,cancelled
15808,70,542.78,2021,completed
15809,54,215.37,2022,refunded
15810,374,645.92,2024,pending
15811,115,740.80,2024,completed
15812,484,276.56,2020,pending
15813,189,121.05,2020,refunded
15814,155,327.39,2024,completed
15815,109,521.09,2023,completed
15816,276,203.34,2024,cancelled
15817,373,77.02,2024,completed
15818,24,778.69,2024,completed
15819,373,159.84,2022,completed
15820,200,339.42,2021,pending
15821,305,407.09,2021,refunded
15822,499,529.53,2021,completed
15823,38,123.65,2022,pending
15824,405,987.99,2023,completed
15825,175,261.56,2022,completed
15826,195,199.47,2022,completed
15827,29,88.35,2023,cancelled
15828,370,887.22,2022,cancelled
15829,310,396.33,2023,pending
15830,415,376.44,2022,pending
15831,451,790.09,2021,completed
15832,223,626.81,2020,completed
15833,80,315.03,2024,refunded
15834,167,961.00,2022,refunded
15835,15,498.17,2020,completed
15836,338,706.82,2020,refunded
15837,81,681.16,2024,refunded
15838,209,143.40,2023,refunded
15839,325,247.90,2020,completed
15840,497,183.07,2020,refunded
15841,178,758.25,2023,completed
15842,198,26.84,2020,refunded
15843,457,174.38,2022,refunded
15844,460,71.18,2020,pending
15845,260,12.13,2021,cancelled
15846,328,231.28,2022,completed
15847,24,476.80,2023,completed
15848,16,318.96,2024,completed
15849,196,228.47,2023,pending
15850,158,234.39,2022,refunded
15851,348,874.47,2022,pending
15852,4,602.74,2020,pending
15853,305,701.86,2021,completed
15854,149,133.17,2024,completed
15855,472,834.62,2023,cancelled
15856,280,122.96,2023,pending
15857,325,196.22,2023,pending
15858,247,960.32,2022,completed
15859,156,738.64,2024,completed
15860,395,15.79,2022,completed
15861,313,795.59,2023,cancelled
15862,130,552.41,2020,completed
15863,487,425.73,2020,refunded
15864,489,293.40,2022,pending
15865,161,228.59,2022,completed
15866,237,523.92,2022,pending
15867,202,899.03,2023,completed
15868,464,872.52,2024,cancelled
15869,165,33.05,2023,completed
15870,190,822.70,2024,completed
15871,420,701.78,2020,completed
15872,178,586.97,2023,cancelled
15873,10,702.19,2024,refunded
15874,259,493.41,2021,cancelled
15875,46,389.01,2023,completed
15876,132,42.97,2021,completed
15877,184,828.05,2022,pending
15878,149,527.76,2021,refunded
15879,276,405.28,2022,cancelled
15880,426,582.84,2024,completed
15881,312,169.04,2023,cancelled
15882,20,959.61,2024,completed
15883,308,220.14,2024,completed
15884,227,172.39,2021,cancelled
15885,498,108.25,2020,completed
15886,25,943.80,2020,refunded
15887,90,905.58,2022,refunded
15888,50,846.85,2021,cancelled
15889,50,243.74,2021,completed
15890,39,123.36,2023,completed
15891,273,146.30,2020,refunded
15892,394,707.32,2023,refunded
15893,412,264.10,2023,pending
15894,210,966.80,2020,cancelled
15895,483,250.94,2023,completed
15896,357,522.74,2022,completed
15897,337,312.37,2023,pending
15898,184,730.87,2020,pending
15899,203,461.50,2023,pending
15900,389,824.94,2024,pending
15901,148,589.60,2024,pending
15902,76,447.43,2020,cancelled
15903,83,398.40,2023,completed
15904,310,493.48,2023,completed
15905,374,791.44,2020,cancelled
15906,262,626.39,2023,cancelled
15907,438,952.66,2023,completed
15908,161,146.63,2021,refunded
15909,408,833.08,2021,completed
15910,65,591.99,2020,completed
15911,76,166.40,2020,completed
15912,279,627.08,2022,completed
15913,75,835.30,2024,pending
15914,347,328.52,2021,completed
15915,298,948.99,2024,completed
15916,142,773.65,2021,completed
15917,372,229.01,2024,cancelled
15918,494,727.54,2022,completed
15919,388,354.67,2020,completed
15920,184,832.24,2021,refunded
15921,318,591.68,2021,completed
15922,77,171.16,2024,pending
15923,400,646.79,2022,pending
15924,451,666.94,2021,completed
15925,146,732.82,2021,completed
15926,290,343.24,2023,completed
15927,136,35.80,2021,pending
15928,397,291.98,2021,completed
15929,162,18.83,2021,cancelled
15930,206,617.50,2021,completed
15931,150,62.83,2022,completed
15932,304,776.67,2023,cancelled
15933,179,571.06,2020,completed
15934,475,258.44,2020,pending
15935,272,263.93,2022,cancelled
15936,227,749.98,2024,cancelled
15937,385,935.63,2021,completed
15938,495,826.58,2024,refunded
15939,63,562.91,2021,refunded
15940,400,983.46,2022,completed
15941,266,401.23,2021,completed
15942,236,895.19,2022,completed
15943,138,332.04,2024,completed
15944,208,909.44,2023,pending
15945,374,653.16,2023,completed
15946,309,590.02,2024,completed
15947,70,224.47,2023,completed
15948,238,152.46,2020,completed
15949,213,919.10,2020,completed
15950,398,822.66,2023,cancelled
15951,496,613.43,2020,refunded
15952,136,621.13,2021,completed
15953,34,588.25,2023,completed
15954,152,962.54,2024,completed
15955,486,688.30,2022,refunded
15956,479,853.08,2023,completed
15957,298,898.12,2024,pending
15958,390,338.07,2022,cancelled
15959,137,748.59,2024,completed
15960,308,965.69,2021,completed
15961,86,389.29,2020,completed
15962,424,827.55,2024,pending
15963,385,291.47,2022,refunded
15964,477,725.40,2020,completed
15965,393,804.36,2021,pending
15966,475,326.61,2021,refunded
15967,498,966.99,2022,completed
15968,354,425.61,2023,completed
15969,90,334.24,2023,refunded
15970,283,673.28,2020,cancelled
15971,247,691.31,2021,pending
15972,386,372.91,2023,pending
15973,95,956.53,2021,cancelled
15974,229,725.81,2024,cancelled
15975,15,174.47,2021,refunded
15976,277,795.44,2023,completed
15977,57,953.42,2023,completed
15978,411,988.66,2022,pending
15979,297,684.22,2023,completed
15980,335,155.10,2024,cancelled
15981,131,603.61,2024,completed
15982,325,724.88,2020,cancelled
15983,186,453.36,2021,completed
15984,72,544.31,2022,completed
15985,100,368.83,2022,cancelled
15986,407,974.88,2024,completed
15987,142,831.01,2022,completed
15988,404,637.36,2024,completed
15989,394,265.15,2024,completed
15990,309,265.79,2021,completed
15991,384,711.89,2022,cancelled
15992,279,510.49,2021,completed
15993,459,451.45,2021,cancelled
15994,148,996.24,2024,completed
15995,136,852.59,2024,pending
15996,291,473.22,2022,completed
15997,391,513.79,2021,completed
15998,301,318.33,2024,completed
15999,261,568.09,2021,refunded
16000,197,508.20,2024,pending
16001,204,555.11,2021,completed
16002,479,86.20,2020,pending
16003,433,489.46,2023,pending
16004,86,411.44,2024,refunded
16005,241,237.86,2021,completed
16006,271,458.11,2021,completed
16007,345,551.13,2023,cancelled
16008,444,731.02,2024,completed
16009,293,432.57,2023,completed
16010,109,29.55,2024,completed
16011,426,973.56,2022,completed
16012,182,809.87,2020,completed
16013,346,947.85,2023,completed
16014,368,592.16,2020,refunded
16015,306,984.09,2024,refunded
16016,87,227.59,2022,pending
16017,442,427.83,2022,cancelled
16018,4,882.83,2023,completed
16019,65,635.27,2022,completed
16020,263,895.11,2021,completed
16021,48,599.22,2023,completed
16022,419,931.51,2021,completed
16023,175,875.55,2022,completed
16024,225,829.72,2020,completed
16025,341,361.63,2020,completed
16026,139,898.82,2023,cancelled
16027,431,19.36,2020,completed
16028,426,959.27,2020,pending
16029,376,142.14,2022,completed
16030,287,806.89,2022,cancelled
16031,14,400.95,2022,completed
16032,449,536.83,2022,refunded
16033,351,210.99,2020,pending
16034,278,747.37,2023,completed
16035,232,143.00,2022,pending
16036,440,882.79,2020,completed
16037,138,105.37,2021,pending
16038,182,990.42,2021,completed
16039,289,555.38,2020,pending
16040,87,791.43,2021,cancelled
16041,229,992.06,2020,cancelled
16042,155,174.56,2023,cancelled
16043,346,665.36,2024,completed
16044,289,458.06,2022,refunded
16045,451,342.86,2023,pending
16046,498,180.11,2022,completed
16047,436,394.63,2023,completed
16048,438,75.22,2020,completed
16049,311,894.06,2024,completed
16050,116,598.32,2023,cancelled
16051,286,125.14,2020,refunded
16052,441,926.00,2024,refunded
16053,325,404.91,2022,pending
16054,496,199.00,2023,pending
16055,395,925.68,2024,completed
16056,99,352.12,2023,completed
16057,477,56.01,2023,pending
16058,152,637.04,2023,refunded
16059,148,466.12,2021,pending
16060,395,502.39,2021,completed
16061,277,592.14,2022,completed
16062,392,47.95,2020,cancelled
16063,490,927.39,2023,cancelled
16064,363,719.35,2020,completed
16065,341,747.99,2020,cancelled
16066,291,599.84,2022,completed
16067,412,77.69,2020,cancelled
16068,196,185.68,2024,completed
16069,241,138.17,2024,cancelled
16070,345,463.86,2022,refunded
16071,52,992.39,2021,refunded
16072,180,24.29,2023,completed
16073,14,711.51,2024,refunded
16074,131,648.98,2024,cancelled
16075,422,495.82,2020,completed
16076,16,321.44,2022,pending
16077,398,759.96,2022,completed
16078,312,454.91,2020,pending
16079,219,990.56,2020,pending
16080,181,485.39,2020,cancelled
16081,178,966.81,2021,cancelled
16082,455,66.68,2022,cancelled
16083,193,198.69,2023,completed
16084,180,908.92,2020,completed
16085,473,90.30,2020,completed
16086,30,444.29,2022,completed
16087,255,581.15,2021,refunded
16088,107,660.99,2024,completed
16089,499,644.92,2022,completed
16090,433,325.81,2022,completed
16091,54,311.29,2020,completed
16092,395,515.55,2022,completed
16093,454,607.71,2023,completed
16094,465,867.31,2022,refunded
16095,420,579.87,2021,completed
16096,1,212.23,2024,cancelled
16097,310,114.59,2024,completed
16098,186,817.85,2022,cancelled
16099,62,133.66,2024,completed
16100,106,713.64,2023,pending
16101,234,742.68,2022,completed
16102,329,896.79,2022,pending
16103,108,722.36,2024,completed
16104,323,661.97,2023,completed
16105,198,185.90,2024,pending
16106,292,160.90,2022,completed
16107,15,303.77,2023,refunded
16108,101,316.09,2022,completed
16109,17,976.01,2023,cancelled
16110,141,352.92,2024,pending
16111,102,371.88,2022,completed
16112,334,325.37,2024,completed
16113,172,622.14,2020,completed
16114,152,587.28,2021,refunded
16115,467,164.48,2024,completed
16116,431,979.06,2022,refunded
16117,69,512.46,2024,completed
16118,292,384.69,2020,pending
16119,48,507.82,2024,completed
16120,378,41.02,2023,completed
16121,427,390.49,2023,pending
16122,378,717.32,2021,completed
16123,73,790.81,2023,cancelled
16124,355,761.60,2022,refunded
16125,437,642.52,2020,refunded
16126,262,954.03,2021,completed
16127,381,207.77,2020,refunded
16128,168,320.51,2022,completed
16129,406,908.18,2022,pending
16130,224,196.82,2020,completed
16131,126,954.79,2023,completed
16132,108,411.37,2020,cancelled
16133,147,113.41,2021,cancelled
16134,285,841.61,2022,pending
16135,226,787.56,2021,cancelled
16136,4,876.24,2020,completed
16137,431,298.57,2023,cancelled
16138,19,627.00,2022,completed
16139,383,89.07,2024,refunded
16140,69,444.22,2024,completed
16141,375,895.13,2021,pending
16142,80,895.28,2022,cancelled
16143,453,726.02,2021,cancelled
16144,288,304.48,2023,completed
16145,280,623.34,2023,pending
16146,148,14.68,2024,completed
16147,206,346.28,2022,pending
16148,360,778.08,2023,pending
16149,24,680.70,2024,cancelled
16150,354,105.85,2023,refunded
16151,169,377.85,2023,pending
16152,307,642.62,2021,completed
16153,46,303.92,2023,cancelled
16154,455,566.86,2024,completed
16155,410,664.01,2022,pending
16156,156,303.07,2023,cancelled
16157,387,986.20,2022,completed
16158,119,734.22,2021,completed
16159,347,886.09,2023,pending
16160,226,854.98,2020,refunded
16161,147,153.93,2024,cancelled
16162,315,672.70,2023,completed
16163,343,596.78,2022,cancelled
16164,130,781.42,2024,refunded
16165,390,869.93,2021,refunded
16166,41,600.02,2023,completed
16167,465,73.51,2023,completed
16168,47,581.92,2021,completed
16169,279,929.65,2022,completed
16170,486,99.39,2024,completed
16171,43,21.91,2022,refunded
16172,96,286.35,2022,refunded
16173,116,251.90,2020,pending
16174,236,953.49,2020,cancelled
16175,75,958.66,2020,pending
16176,224,283.30,2021,completed
16177,357,554.03,2023,completed
16178,144,512.72,2022,pending
16179,188,76.34,2023,refunded
16180,112,608.24,2021,completed
16181,301,664.42,2024,completed
16182,128,551.30,2022,refunded
16183,36,892.41,2024,completed
16184,368,831.28,2021,refunded
16185,122,824.68,2020,completed
16186,378,445.23,2023,cancelled
16187,323,834.91,2021,completed
16188,130,672.39,2020,completed
16189,122,676.27,2023,cancelled
16190,2,447.04,2022,completed
16191,78,297.63,2021,cancelled
16192,259,196.73,2023,pending
16193,133,172.35,2020,completed
16194,229,486.79,2022,completed
16195,156,363.48,2023,completed
16196,244,731.80,2020,completed
16197,131,700.43,2024,completed
16198,316,199.18,2024,pending
16199,430,787.25,2024,completed
16200,326,487.70,2022,completed
16201,260,921.64,2022,completed
16202,135,416.39,2022,pending
16203,416,716.37,2024,completed
16204,340,830.09,2023,cancelled
16205,395,748.04,2023,completed
16206,451,396.70,2021,cancelled
16207,266,815.00,2022,completed
16208,35,515.77,2023,completed
16209,148,690.90,2021,completed
16210,96,145.52,2024,cancelled
16211,121,665.48,2020,pending
16212,49,267.33,2021,cancelled
16213,20,987.66,2021,completed
16214,454,912.45,2022,completed
16215,217,692.08,2021,pending
16216,119,358.27,2024,cancelled
16217,340,520.77,2024,completed
16218,233,603.20,2023,refunded
16219,104,765.12,2023,completed
16220,281,767.72,2024,completed
16221,119,756.03,2023,completed
16222,250,293.15,2021,cancelled
16223,285,334.40,2023,completed
16224,133,605.78,2021,cancelled
16225,208,116.28,2020,completed
16226,102,28.49,2022,completed
16227,215,60.85,2024,cancelled
16228,258,424.97,2024,completed
16229,429,917.82,2020,cancelled
16230,293,604.66,2024,cancelled
16231,317,235.13,2020,completed
16232,325,39.22,2023,completed
16233,92,73.65,2020,completed
16234,301,80.08,2024,refunded
16235,276,29.45,2023,refunded
16236,65,881.73,2020,cancelled
16237,180,120.14,2020,completed
16238,467,711.64,2023,pending
16239,417,384.79,2024,completed
16240,247,162.31,2021,completed
16241,450,971.94,2022,pending
16242,103,411.27,2021,cancelled
16243,18,68.23,2021,refunded
16244,236,540.17,2023,completed
16245,261,726.86,2020,completed
16246,89,210.88,2021,pending
16247,148,235.04,2022,cancelled
16248,147,451.44,2020,completed
16249,176,690.26,2020,completed
16250,334,740.53,2022,refunded
16251,302,587.54,2021,completed
16252,108,555.96,2020,cancelled
16253,497,204.45,2023,completed
16254,49,520.09,2020,cancelled
16255,394,415.88,2024,cancelled
16256,223,305.24,2024,refunded
16257,198,873.82,2020,cancelled
16258,500,486.16,2022,completed
16259,234,178.76,2022,completed
16260,392,147.93,2020,completed
16261,122,124.89,2022,completed
16262,133,372.62,2020,completed
16263,316,274.11,2022,pending
16264,373,545.60,2024,completed
16265,468,477.42,2022,completed
16266,266,794.79,2022,completed
16267,328,777.36,2020,completed
16268,360,944.79,2020,refunded
16269,267,280.59,2024,refunded
16270,314,107.60,2021,pending
16271,105,351.21,2023,pending
16272,130,133.85,2024,completed
16273,153,577.41,2021,completed
16274,179,809.62,2021,completed
16275,186,290.03,2020,cancelled
16276,81,277.23,2024,completed
16277,319,510.54,2023,completed
16278,228,395.66,2021,completed
16279,485,811.16,2021,completed
16280,213,345.86,2022,completed
16281,306,757.05,2024,completed
16282,467,407.82,2021,cancelled
16283,373,461.59,2020,cancelled
16284,424,493.85,2022,cancelled
16285,245,261.64,2023,completed
16286,304,438.35,2023,completed
16287,192,390.79,2023,pending
16288,12,348.25,2020,completed
16289,71,233.26,2020,completed
16290,397,77.21,2022,refunded
16291,442,52.97,2023,cancelled
16292,132,608.99,2021,completed
16293,498,830.22,2023,completed
16294,473,620.58,2021,completed
16295,328,55.11,2020,refunded
16296,432,742.79,2022,completed
16297,373,517.91,2022,completed
16298,389,15.61,2020,completed
16299,2,20.40,2020,refunded
16300,121,15.96,2024,completed
16301,9,177.24,2021,pending
16302,351,142.30,2022,pending
16303,469,925.59,2023,refunded
16304,298,771.92,2020,refunded
16305,244,529.10,2023,pending
16306,140,89.01,2020,refunded
16307,327,702.61,2022,cancelled
16308,213,460.52,2020,cancelled
16309,349,273.41,2024,cancelled
16310,364,866.03,2024,completed
16311,464,514.84,2021,completed
16312,287,150.60,2023,pending
16313,469,982.84,2020,completed
16314,430,902.71,2022,completed
16315,162,631.97,2021,completed
16316,91,563.17,2020,completed
16317,105,216.07,2024,completed
16318,272,958.62,2021,cancelled
16319,206,928.42,2021,cancelled
16320,69,356.37,2020,pending
16321,343,100.16,2020,cancelled
16322,477,95.70,2020,completed
16323,377,532.85,2022,completed
16324,322,249.25,2020,completed
16325,290,600.82,2020,cancelled
16326,470,859.87,2023,completed
16327,222,338.62,2022,completed
16328,355,354.71,2022,pending
16329,105,568.83,2022,completed
16330,125,180.18,2024,cancelled
16331,127,766.17,2021,refunded
16332,169,38.73,2021,pending
16333,398,781.96,2022,completed
16334,363,315.38,2020,cancelled
16335,291,173.89,2022,pending
16336,500,675.72,2023,cancelled
16337,330,14.54,2022,refunded
16338,381,142.95,2020,completed
16339,72,797.15,2024,completed
16340,144,103.07,2023,pending
16341,376,846.94,2022,completed
16342,364,127.34,2021,pending
16343,133,978.34,2020,completed
16344,301,662.93,2022,refunded
16345,411,182.96,2020,refunded
16346,191,517.26,2024,completed
16347,68,932.02,2022,completed
16348,352,296.47,2023,completed
16349,177,164.12,2020,refunded
16350,324,966.22,2023,completed
16351,491,73.86,2023,completed
16352,298,69.82,2021,pending
16353,40,132.98,2023,cancelled
16354,380,828.36,2024,completed
16355,458,339.98,2022,cancelled
16356,19,161.13,2021,pending
16357,104,972.58,2023,refunded
16358,229,642.20,2021,completed
16359,430,976.51,2022,completed
16360,166,956.52,2022,completed
16361,195,573.99,2022,completed
16362,22,852.97,2021,cancelled
16363,421,875.66,2023,cancelled
16364,392,514.98,2024,completed
16365,269,880.87,2020,completed
16366,469,185.18,2024,refunded
16367,283,58.32,2023,completed
16368,200,788.06,2022,completed
16369,229,209.31,2024,completed
16370,459,361.96,2020,pending
16371,433,840.70,2024,refunded
16372,194,658.65,2021,refunded
16373,390,962.90,2022,completed
16374,413,941.34,2024,pending
16375,218,326.32,2024,completed
16376,373,214.63,2024,completed
16377,361,865.16,2024,cancelled
16378,461,912.67,2023,completed
16379,116,571.72,2021,cancelled
16380,267,581.81,2020,completed
16381,380,845.91,2022,refunded
16382,254,798.70,2022,completed
16383,269,404.77,2020,cancelled
16384,149,504.35,2022,completed
16385,413,955.03,2021,pending
16386,14,562.45,2022,completed
16387,36,400.64,2024,completed
16388,235,577.44,2022,completed
16389,280,386.60,2021,completed
16390,357,902.10,2020,refunded
16391,365,858.89,2021,completed
16392,473,693.64,2022,refunded
16393,81,793.22,2023,completed
16394,441,878.94,2020,pending
16395,102,867.53,2024,completed
16396,460,55.36,2024,cancelled
16397,225,527.42,2024,cancelled
16398,421,848.53,2021,cancelled
16399,42,963.38,2020,cancelled
16400,105,584.98,2020,completed
16401,374,708.57,2021,completed
16402,219,512.69,2022,cancelled
16403,156,953.23,2024,completed
16404,150,877.35,2020,cancelled
16405,256,489.25,2020,refunded
16406,114,979.84,2021,refunded
16407,134,622.50,2024,completed
16408,174,420.81,2024,refunded
16409,145,701.32,2020,completed
16410,455,129.73,2020,cancelled
16411,319,17.21,2023,completed
16412,93,129.77,2022,completed
16413,316,778.47,2020,completed
16414,237,13.58,2024,completed
16415,438,973.63,2022,completed
16416,314,869.90,2022,completed
16417,442,343.15,2023,completed
16418,491,501.69,2022,cancelled
16419,94,887.35,2021,cancelled
16420,302,550.44,2022,completed
16421,312,927.64,2024,completed
16422,114,464.56,2020,completed
16423,467,86.67,2023,completed
16424,179,780.80,2024,completed
16425,474,650.70,2020,completed
16426,305,743.72,2022,refunded
16427,461,615.44,2024,refunded
16428,334,694.32,2022,refunded
16429,41,107.31,2020,cancelled
16430,269,258.39,2022,cancelled
16431,186,445.46,2022,completed
16432,333,459.91,2021,pending
16433,265,60.27,2021,refunded
16434,298,889.45,2023,completed
16435,295,648.33,2024,refunded
16436,7,803.60,2022,completed
16437,376,192.87,2024,completed
16438,78,572.61,2024,completed
16439,179,500.18,2022,completed
16440,88,25.52,2024,cancelled
16441,154,917.66,2022,completed
16442,96,176.78,2021,completed
16443,485,534.27,2020,cancelled
16444,185,24.66,2022,pending
16445,146,99.37,2023,cancelled
16446,229,620.06,2020,cancelled
16447,481,435.25,2022,refunded
16448,310,432.20,2020,cancelled
16449,331,239.83,2021,pending
16450,47,974.77,2023,refunded
16451,211,902.52,2020,refunded
16452,34,167.83,2024,completed
16453,200,377.73,2021,refunded
16454,263,701.62,2022,pending
16455,134,586.18,2022,cancelled
16456,179,150.90,2021,completed
16457,292,263.74,2020,completed
16458,288,105.00,2023,cancelled
16459,27,926.37,2020,completed
16460,77,831.99,2022,completed
16461,70,84.88,2022,completed
16462,109,834.94,2023,completed
16463,259,551.47,2022,pending
16464,301,760.10,2022,cancelled
16465,313,839.78,2021,completed
16466,69,890.04,2022,refunded
16467,378,623.35,2023,completed
16468,138,744.50,2023,completed
16469,82,120.88,2021,completed
16470,500,765.89,2022,pending
16471,381,143.34,2021,completed
16472,102,292.35,2024,completed
16473,216,204.80,2022,completed
16474,232,867.96,2024,refunded
16475,487,282.53,2020,pending
16476,268,118.42,2022,cancelled
16477,491,442.18,2020,completed
16478,324,402.46,2020,refunded
16479,453,805.61,2024,cancelled
16480,122,68.76,2021,completed
16481,229,339.50,2022,cancelled
16482,202,988.19,2023,completed
16483,302,437.18,2020,cancelled
16484,307,739.25,2022,completed
16485,282,363.31,2024,completed
16486,266,385.91,2024,completed
16487,388,596.74,2024,completed
16488,392,743.02,2022,cancelled
16489,331,478.20,2020,completed
16490,278,856.03,2021,cancelled
16491,125,203.95,2024,completed
16492,203,419.17,2024,completed
16493,255,549.56,2022,refunded
16494,78,91.74,2024,completed
16495,39,912.04,2021,completed
16496,222,776.07,2020,refunded
16497,358,77.20,2023,completed
16498,210,429.11,2020,refunded
16499,107,306.58,2020,cancelled
16500,425,783.95,2020,completed
16501,332,592.30,2024,completed
16502,379,32.47,2024,completed
16503,236,484.47,2024,pending
16504,444,349.11,2023,completed
16505,236,308.35,2023,refunded
16506,276,303.13,2024,refunded
16507,19,975.88,2022,refunded
16508,220,893.12,2020,refunded
16509,292,790.52,2022,completed
16510,317,180.87,2022,completed
16511,101,438.68,2020,completed
16512,326,341.73,2022,pending
16513,275,52.99,2024,cancelled
16514,312,256.36,2024,completed
16515,88,297.03,2021,completed
16516,330,21.22,2022,completed
16517,270,199.05,2024,completed
16518,218,60.71,2023,completed
16519,371,151.35,2020,completed
16520,113,444.79,2022,pending
16521,21,85.60,2024,pending
16522,448,902.14,2023,completed
16523,498,929.97,2020,cancelled
16524,476,29.58,2022,pending
16525,146,99.05,2024,completed
16526,84,253.43,2021,completed
16527,55,504.66,2023,completed
16528,116,179.00,2022,completed
16529,451,313.60,2024,completed
16530,350,815.66,2024,completed
16531,125,123.43,2024,refunded
16532,180,188.16,2024,completed
16533,349,162.77,2022,completed
16534,297,786.58,2020,completed
16535,318,675.60,2021,completed
16536,449,887.86,2023,refunded
16537,472,942.44,2024,completed
16538,164,175.83,2021,completed
16539,15,234.19,2020,completed
16540,142,643.79,2022,completed
16541,286,594.99,2022,completed
16542,365,888.45,2021,completed
16543,342,99.68,2023,completed
16544,14,577.16,2024,completed
16545,216,252.36,2024,refunded
16546,351,552.32,2023,refunded
16547,170,553.50,2021,completed
16548,101,32.65,2021,cancelled
16549,81,13.38,2020,pending
16550,272,419.15,2024,refunded
16551,499,751.43,2021,completed
16552,426,386.28,2023,pending
16553,386,372.73,2020,completed
16554,173,239.31,2021,completed
16555,7,758.65,2023,completed
16556,243,989.80,2024,completed
16557,18,956.88,2020,completed
16558,305,110.59,2021,completed
16559,253,585.60,2023,completed
16560,372,793.34,2023,completed
16561,368,267.24,2020,completed
16562,241,937.25,2023,completed
16563,215,965.23,2022,completed
16564,100,505.93,2020,cancelled
16565,441,21.38,2023,completed
16566,1,340.86,2020,completed
16567,261,608.38,2023,completed
16568,169,991.85,2024,pending
16569,30,540.72,2021,completed
16570,121,252.64,2022,pending
16571,9,909.39,2023,cancelled
16572,101,122.61,2021,cancelled
16573,61,769.73,2021,completed
16574,192,713.72,2024,pending
16575,77,427.63,2023,pending
16576,194,713.99,2023,completed
16577,180,921.52,2022,completed
16578,347,281.17,2021,refunded
16579,129,726.98,2024,pending
16580,162,108.12,2021,pending
16581,195,856.09,2020,cancelled
16582,378,606.54,2023,refunded
16583,380,758.16,2023,completed
16584,362,503.76,2020,cancelled
16585,61,830.90,2021,completed
16586,279,651.11,2021,refunded
16587,187,46.79,2023,cancelled
16588,205,649.78,2023,completed
16589,136,34.36,2020,completed
16590,462,101.85,2022,cancelled
16591,398,687.62,2021,refunded
16592,432,120.51,2022,completed
16593,240,169.95,2021,cancelled
16594,238,810.96,2021,completed
16595,460,366.70,2022,refunded
16596,40,222.56,2020,completed
16597,181,954.71,2024,completed
16598,428,589.35,2021,completed
16599,313,382.72,2022,refunded
16600,498,459.79,2020,pending
16601,169,668.60,2021,cancelled
16602,11,743.75,2024,completed
16603,278,471.74,2021,cancelled
16604,306,242.29,2022,completed
16605,16,440.05,2020,completed
16606,97,454.56,2024,completed
16607,15,793.17,2021,completed
16608,331,364.13,2024,completed
16609,482,530.17,2022,pending
16610,119,778.61,2024,pending
16611,145,275.16,2024,completed
16612,44,832.72,2024,cancelled
16613,329,613.88,2021,pending
16614,486,927.00,2020,completed
16615,55,657.38,2020,completed
16616,229,933.92,2024,completed
16617,444,294.32,2022,pending
16618,45,439.13,2020,refunded
16619,274,601.99,2023,completed
16620,294,241.01,2022,refunded
16621,211,711.95,2022,pending
16622,478,146.04,2023,refunded
16623,491,861.19,2024,completed
16624,280,668.89,2022,completed
16625,440,66.60,2024,completed
16626,74,702.80,2023,refunded
16627,170,307.55,2024,pending
16628,136,211.10,2024,pending
16629,190,918.52,2024,cancelled
16630,73,358.12,2020,pending
16631,348,820.93,2022,completed
16632,128,328.63,2023,completed
16633,446,327.09,2024,cancelled
16634,174,793.61,2023,completed
16635,326,502.73,2024,refunded
16636,130,704.17,2022,completed
16637,389,882.70,2021,completed
16638,177,210.69,2023,pending
16639,114,742.70,2023,completed
16640,228,550.88,2022,completed
16641,227,267.43,2023,cancelled
16642,226,53.59,2020,refunded
16643,87,360.33,2024,cancelled
16644,190,764.38,2023,completed
16645,385,776.60,2020,completed
16646,222,97.85,2024,pending
16647,333,856.37,2022,completed
16648,177,631.60,2024,completed
16649,141,478.88,2020,refunded
16650,110,267.44,2022,refunded
16651,457,517.02,2024,refunded
16652,12,321.19,2020,cancelled
16653,340,700.80,2023,pending
16654,401,292.60,2021,completed
16655,22,633.82,2020,pending
16656,401,248.25,2021,completed
16657,52,99.95,2020,pending
16658,384,120.08,2023,completed
16659,431,717.94,2023,cancelled
16660,354,282.32,2022,refunded
16661,143,579.53,2022,pending
16662,66,365.04,2022,completed
16663,58,332.02,2021,completed
16664,414,437.07,2023,completed
16665,12,565.72,2022,pending
16666,85,721.21,2020,completed
16667,217,743.49,2020,refunded
16668,54,626.21,2023,completed
16669,349,795.03,2022,completed
16670,204,799.36,2020,refunded
16671,211,913.63,2024,cancelled
16672,320,935.21,2020,completed
16673,324,463.02,2021,pending
16674,334,592.27,2020,completed
16675,15,151.71,2024,completed
16676,295,963.46,2022,completed
16677,218,288.53,2024,refunded
16678,99,642.53,2022,completed
16679,207,727.32,2023,pending
16680,478,628.92,2021,completed
16681,365,127.38,2020,cancelled
16682,445,895.42,2024,refunded
16683,40,93.62,2024,cancelled
16684,474,39.29,2022,completed
16685,63,572.02,2022,refunded
16686,4,159.00,2022,completed
16687,300,219.12,2022,pending
16688,237,587.30,2021,completed
16689,487,16.90,2024,completed
16690,255,234.55,2022,completed
16691,445,333.14,2022,completed
16692,256,571.10,2024,completed
16693,233,906.13,2020,pending
16694,87,605.27,2020,cancelled
16695,453,53.76,2023,cancelled
16696,204,318.76,2022,refunded
16697,499,27.23,2020,completed
16698,293,750.25,2022,completed
16699,435,154.08,2021,completed
16700,48,42.29,2023,cancelled
16701,224,293.32,2020,cancelled
16702,408,60.98,2020,refunded
16703,337,240.30,2024,refunded
16704,188,437.86,2021,refunded
16705,206,600.09,2020,completed
16706,210,902.58,2022,completed
16707,190,240.92,2023,pending
16708,129,79.22,2022,pending
16709,159,516.32,2022,completed
16710,245,285.91,2024,pending
16711,243,727.17,2022,completed
16712,485,935.96,2024,cancelled
16713,322,456.98,2024,refunded
16714,92,759.48,2022,completed
16715,158,89.35,2023,pending
16716,449,786.22,2022,cancelled
16717,96,651.16,2023,cancelled
16718,335,721.69,2020,refunded
16719,365,68.52,2021,refunded
16720,446,503.16,2021,completed
16721,288,648.12,2023,completed
16722,105,476.99,2023,completed
16723,371,789.14,2023,completed
16724,455,356.07,2023,refunded
16725,28,673.22,2022,cancelled
16726,412,115.90,2021,pending
16727,13,868.24,2021,cancelled
16728,268,227.84,2024,cancelled
16729,28,51.25,2021,completed
16730,345,976.50,2024,completed
16731,49,588.89,2021,refunded
16732,417,527.96,2020,refunded
16733,7,529.47,2024,completed
16734,194,87.62,2024,completed
16735,370,634.42,2024,pending
16736,34,460.28,2020,pending
16737,272,598.64,2022,refunded
16738,317,469.93,2021,pending
16739,154,474.68,2022,cancelled
16740,146,519.13,2024,completed
16741,348,812.49,2022,cancelled
16742,260,872.27,2021,completed
16743,251,77.08,2023,cancelled
16744,51,710.05,2021,completed
16745,426,13.43,2021,pending
16746,393,537.35,2023,completed
16747,146,97.96,2024,completed
16748,288,219.78,2022,pending
16749,354,99.52,2021,cancelled
16750,157,162.13,2024,completed
16751,150,100.80,2024,completed
16752,112,504.39,2022,cancelled
16753,411,899.31,2022,completed
16754,12,890.25,2023,cancelled
16755,199,613.64,2020,cancelled
16756,244,975.00,2023,pending
16757,150,347.36,2022,refunded
16758,234,12.20,2020,refunded
16759,255,550.29,2024,completed
16760,250,871.44,2021,completed
16761,208,608.49,2022,refunded
16762,1,983.52,2022,completed
16763,207,561.41,2020,completed
16764,115,53.76,2024,refunded
16765,95,95.34,2023,completed
16766,112,22.79,2022,pending
16767,25,602.52,2022,cancelled
16768,123,850.72,2021,completed
16769,215,909.77,2024,completed
16770,356,582.12,2020,completed
16771,453,339.27,2021,completed
16772,207,963.71,2024,cancelled
16773,283,45.43,2023,refunded
16774,428,112.84,2024,cancelled
16775,110,381.09,2022,pending
16776,493,410.64,2021,refunded
16777,133,958.50,2022,completed
16778,339,387.74,2023,cancelled
16779,467,827.96,2021,refunded
16780,53,930.15,2020,cancelled
16781,192,175.64,2021,refunded
16782,362,788.31,2020,completed
16783,289,582.79,2021,completed
16784,131,622.37,2021,completed
16785,487,974.94,2020,pending
16786,238,872.33,2020,cancelled
16787,394,399.27,2023,completed
16788,13,549.36,2021,refunded
16789,227,567.09,2022,refunded
16790,182,494.85,2020,cancelled
16791,416,224.53,2020,cancelled
16792,113,620.59,2024,refunded
16793,122,307.67,2021,pending
16794,336,327.86,2022,completed
16795,32,26.19,2020,pending
16796,155,561.22,2020,completed
16797,42,470.88,2020,refunded
16798,97,607.60,2021,completed
16799,384,683.54,2023,pending
16800,344,523.92,2020,pending
16801,356,460.29,2021,completed
16802,500,105.83,2024,cancelled
16803,31,875.16,2024,refunded
16804,147,691.16,2020,completed
16805,208,554.67,2022,pending
16806,328,285.96,2020,completed
16807,455,932.68,2020,cancelled
16808,170,54.43,2020,refunded
16809,222,503.26,2021,completed
16810,236,324.74,2022,pending
16811,186,550.33,2021,completed
16812,355,594.18,2021,completed
16813,305,803.81,2023,pending
16814,308,474.82,2023,completed
16815,302,272.50,2022,refunded
16816,476,912.17,2021,completed
16817,103,418.05,2022,completed
16818,56,613.50,2022,pending
16819,51,802.59,2021,refunded
16820,397,524.45,2023,pending
16821,13,346.95,2021,pending
16822,42,201.38,2023,completed
16823,232,751.65,2020,pending
16824,87,515.55,2023,pending
16825,200,504.19,2024,cancelled
16826,8,256.16,2024,completed
16827,383,239.92,2024,completed
16828,151,64.15,2021,completed
16829,37,583.06,2022,completed
16830,251,78.69,2020,completed
16831,391,218.24,2021,refunded
16832,395,986.97,2022,pending
16833,109,890.23,2020,completed
16834,447,543.95,2023,pending
16835,152,608.04,2020,cancelled
16836,197,739.81,2021,completed
16837,300,409.80,2022,pending
16838,12,732.44,2022,cancelled
16839,204,249.50,2023,completed
16840,5,861.49,2024,completed
16841,379,973.82,2021,cancelled
16842,156,843.89,2023,pending
16843,166,857.37,2023,completed
16844,299,55.59,2020,completed
16845,323,623.10,2020,cancelled
16846,132,366.68,2022,pending
16847,442,905.11,2024,completed
16848,27,127.55,2020,pending
16849,478,230.01,2021,completed
16850,489,227.88,2024,refunded
16851,230,746.63,2020,cancelled
16852,238,444.98,2020,completed
16853,456,562.63,2022,completed
16854,378,981.45,2022,refunded
16855,405,131.25,2021,pending
16856,337,124.45,2021,pending
16857,485,941.97,2023,cancelled
16858,181,325.96,2022,refunded
16859,261,406.48,2024,completed
16860,343,680.42,2024,pending
16861,294,596.02,2022,refunded
16862,52,977.17,2023,completed
16863,361,710.21,2022,completed
16864,158,505.20,2021,completed
16865,173,311.65,2023,pending
16866,282,79.39,2021,pending
16867,182,81.29,2021,cancelled
16868,362,958.54,2023,cancelled
16869,357,552.69,2023,cancelled
16870,112,15.85,2024,refunded
16871,169,612.04,2022,pending
16872,391,982.29,2021,completed
16873,237,302.10,2021,cancelled
16874,362,349.08,2021,cancelled
16875,71,273.18,2022,pending
16876,180,264.36,2020,pending
16877,192,54.99,2023,completed
16878,33,476.41,2020,completed
16879,329,131.73,2023,completed
16880,74,702.15,2023,completed
16881,20,580.48,2023,cancelled
16882,27,887.95,2024,refunded
16883,255,31.48,2023,cancelled
16884,139,908.64,2022,completed
16885,451,59.90,2020,completed
16886,237,33.60,2024,completed
16887,329,165.94,2023,completed
16888,304,471.04,2022,cancelled
16889,193,414.21,2020,refunded
16890,96,416.02,2024,completed
16891,305,912.10,2023,refunded
16892,342,432.22,2022,completed
16893,362,919.02,2023,completed
16894,119,266.27,2022,completed
16895,60,61.11,2023,completed
16896,150,438.62,2023,cancelled
16897,220,433.54,2022,refunded
16898,44,304.20,2024,completed
16899,435,452.97,2021,refunded
16900,31,464.23,2021,cancelled
16901,312,770.57,2023,completed
16902,209,604.44,2022,completed
16903,443,165.68,2020,pending
16904,146,548.04,2021,completed
16905,241,311.55,2022,completed
16906,127,52.37,2020,refunded
16907,104,920.22,2023,completed
16908,214,435.85,2022,refunded
16909,103,59.02,2023,completed
16910,444,977.33,2022,cancelled
16911,27,299.84,2020,completed
16912,86,346.97,2023,completed
16913,301,908.44,2020,refunded
16914,374,580.43,2021,cancelled
16915,479,171.93,2020,completed
16916,69,462.85,2022,refunded
16917,38,659.68,2020,completed
16918,117,903.80,2022,cancelled
16919,237,913.93,2022,refunded
16920,202,938.21,2020,completed
16921,476,45.61,2023,completed
16922,230,418.04,2021,completed
16923,171,123.77,2020,completed
16924,392,252.32,2022,completed
16925,389,129.08,2020,completed
16926,107,451.98,2023,refunded
16927,372,332.77,2022,pending
16928,436,554.89,2024,completed
16929,142,221.78,2020,refunded
16930,402,681.34,2023,completed
16931,225,202.84,2023,completed
16932,316,461.46,2024,completed
16933,30,371.95,2023,completed
16934,71,987.06,2023,completed
16935,151,337.46,2020,completed
16936,25,631.60,2021,completed
16937,459,683.02,2021,completed
16938,88,430.80,2024,refunded
16939,78,731.64,2024,completed
16940,459,412.77,2023,cancelled
16941,32,568.54,2020,completed
16942,186,489.13,2020,completed
16943,87,261.86,2022,pending
16944,325,921.04,2021,completed
16945,83,992.72,2021,cancelled
16946,51,626.99,2021,completed
16947,377,113.61,2021,refunded
16948,159,986.04,2024,pending
16949,150,294.50,2020,pending
16950,435,140.15,2022,pending
16951,288,365.25,2021,completed
16952,68,594.85,2020,refunded
16953,227,233.83,2024,pending
16954,2,747.19,2023,completed
16955,366,86.99,2024,completed
16956,152,498.52,2020,completed
16957,221,981.94,2022,refunded
16958,194,882.30,2022,pending
16959,407,390.89,2023,cancelled
16960,352,571.27,2023,pending
16961,308,342.26,2022,completed
16962,22,99.01,2023,completed
16963,483,695.15,2022,refunded
16964,176,701.45,2020,refunded
16965,164,597.15,2020,cancelled
16966,216,208.36,2023,completed
16967,50,182.81,2023,completed
16968,93,359.81,2020,completed
16969,277,865.45,2023,completed
16970,159,580.82,2024,refunded
16971,46,457.97,2024,completed
16972,46,78.88,2024,refunded
16973,46,118.21,2023,pending
16974,421,55.53,2023,pending
16975,112,705.88,2020,refunded
16976,93,578.93,2021,completed
16977,90,474.38,2023,refunded
16978,423,952.90,2022,pending
16979,199,517.77,2022,completed
16980,478,638.31,2020,completed
16981,229,292.40,2024,cancelled
16982,471,285.56,2021,pending
16983,284,891.50,2022,cancelled
16984,27,916.08,2021,completed
16985,320,964.09,2024,completed
16986,253,515.65,2024,completed
16987,485,23.52,2024,cancelled
16988,340,308.79,2022,pending
16989,355,308.08,2023,cancelled
16990,473,831.37,2024,cancelled
16991,423,994.22,2021,cancelled
16992,283,369.95,2022,completed
16993,96,716.85,2022,completed
16994,196,314.20,2024,completed
16995,167,747.78,2021,completed
16996,5,739.01,2024,completed
16997,319,217.15,2022,refunded
16998,312,919.31,2022,cancelled
16999,7,173.57,2020,refunded
17000,350,179.18,2022,cancelled
17001,125,326.61,2020,refunded
17002,315,535.37,2021,completed
17003,331,453.11,2022,cancelled
17004,134,855.65,2022,refunded
17005,117,540.59,2023,completed
17006,482,209.07,2020,completed
17007,78,528.56,2022,completed
17008,219,199.93,2023,completed
17009,301,826.27,2022,completed
17010,359,519.06,2024,completed
17011,477,827.03,2021,pending
17012,348,785.87,2021,cancelled
17013,248,630.62,2023,completed
17014,100,13.26,2024,completed
17015,207,309.32,2021,completed
17016,212,374.32,2021,completed
17017,103,375.91,2021,cancelled
17018,341,36.98,2020,refunded
17019,247,434.27,2020,cancelled
17020,178,151.57,2020,cancelled
17021,495,136.38,2020,completed
17022,208,568.47,2020,pending
17023,95,601.36,2023,completed
17024,90,185.81,2024,pending
17025,73,926.77,2021,pending
17026,425,768.77,2024,completed
17027,495,15.98,2024,refunded
17028,117,773.93,2024,completed
17029,366,104.25,2023,completed
17030,138,561.40,2022,cancelled
17031,138,171.23,2024,refunded
17032,405,487.74,2021,pending
17033,247,787.18,2022,completed
17034,279,914.83,2020,pending
17035,281,496.35,2020,refunded
17036,476,137.49,2021,completed
17037,257,268.77,2023,refunded
17038,167,209.98,2023,completed
17039,282,737.00,2023,pending
17040,293,262.61,2022,completed
17041,499,809.97,2023,completed
17042,188,437.93,2024,pending
17043,499,614.40,2020,pending
17044,69,444.37,2021,pending
17045,269,755.74,2024,completed
17046,112,944.38,2021,completed
17047,365,949.94,2021,completed
17048,497,960.67,2020,cancelled
17049,331,777.83,2022,completed
17050,216,561.26,2024,pending
17051,370,886.75,2024,cancelled
17052,346,981.90,2022,pending
17053,489,376.00,2022,completed
17054,144,25.05,2024,refunded
17055,124,760.59,2023,cancelled
17056,257,123.60,2024,completed
17057,306,749.24,2021,completed
17058,267,493.45,2022,completed
17059,294,792.85,2024,refunded
17060,284,333.09,2022,pending
17061,357,885.86,2021,refunded
17062,386,814.90,2024,completed
17063,31,936.10,2024,refunded
17064,245,864.36,2022,pending
17065,103,895.58,2024,completed
17066,411,832.16,2020,completed
17067,392,651.10,2021,completed
17068,79,454.11,2021,cancelled
17069,26,584.55,2021,completed
17070,104,167.83,2024,cancelled
17071,212,362.77,2024,completed
17072,336,793.62,2021,completed
17073,142,584.06,2020,completed
17074,16,197.40,2020,completed
17075,401,589.11,2021,completed
17076,147,484.16,2022,completed
17077,460,241.37,2022,refunded
17078,437,820.18,2023,cancelled
17079,359,337.49,2020,pending
17080,410,417.86,2023,cancelled
17081,238,95.72,2023,refunded
17082,421,941.27,2023,completed
17083,65,607.04,2020,pending
17084,133,704.98,2024,completed
17085,268,431.58,2023,cancelled
17086,492,657.35,2021,cancelled
17087,41,201.94,2024,completed
17088,147,84.10,2021,completed
17089,424,163.85,2022,refunded
17090,250,838.35,2023,refunded
17091,163,341.11,2020,completed
17092,271,365.03,2022,completed
17093,422,853.19,2024,cancelled
17094,17,772.14,2023,completed
17095,56,393.40,2024,completed
17096,189,695.62,2023,completed
17097,467,976.77,2021,cancelled
17098,220,499.54,2020,pending
17099,25,820.52,2023,pending
17100,118,916.80,2020,refunded
17101,468,158.66,2022,pending
17102,233,838.51,2020,completed
17103,271,649.18,2024,refunded
17104,108,261.41,2020,completed
17105,196,22.99,2023,completed
17106,262,462.67,2022,completed
17107,127,24.47,2020,completed
17108,286,683.19,2021,pending
17109,260,720.42,2021,refunded
17110,355,776.91,2020,refunded
17111,47,679.29,2021,cancelled
17112,195,521.62,2023,cancelled
17113,137,917.81,2020,completed
17114,266,833.17,2022,completed
17115,198,187.77,2021,pending
17116,229,398.29,2021,completed
17117,397,532.69,2024,pending
17118,345,361.83,2021,completed
17119,364,566.09,2021,cancelled
17120,119,398.60,2024,completed
17121,467,97.74,2023,completed
17122,12,460.44,2022,pending
17123,113,889.74,2020,completed
17124,385,606.88,2024,pending
17125,303,781.60,2024,refunded
17126,395,237.98,2023,cancelled
17127,80,315.35,2020,cancelled
17128,409,406.46,2020,cancelled
17129,448,154.34,2023,refunded
17130,300,721.82,2023,completed
17131,281,64.11,2024,completed
17132,202,131.87,2024,pending
17133,143,635.02,2024,cancelled
17134,41,686.99,2024,completed
17135,80,228.39,2022,pending
17136,384,309.09,2020,pending
17137,226,831.82,2023,completed
17138,287,302.91,2022,completed
17139,289,600.22,2022,completed
17140,186,618.80,2022,completed
17141,101,805.86,2024,completed
17142,410,170.96,2023,pending
17143,324,536.23,2022,pending
17144,137,435.81,2023,completed
17145,397,809.63,2024,cancelled
17146,257,524.96,2024,completed
17147,213,110.67,2022,completed
17148,156,351.57,2022,pending
17149,162,38.59,2022,completed
17150,228,868.95,2020,completed
17151,328,893.56,2021,completed
17152,202,648.29,2022,pending
17153,482,945.18,2021,refunded
17154,10,532.99,2021,completed
17155,325,753.23,2022,completed
17156,365,338.88,2021,pending
17157,311,113.84,2022,pending
17158,417,323.82,2024,completed
17159,4,670.10,2022,refunded
17160,31,496.88,2020,completed
17161,102,132.05,2022,pending
17162,281,802.44,2022,completed
17163,75,689.32,2021,pending
17164,37,178.95,2024,cancelled
17165,432,149.23,2024,completed
17166,490,414.19,2024,cancelled
17167,38,545.21,2024,completed
17168,330,135.29,2021,completed
17169,258,682.36,2020,pending
17170,53,949.78,2020,completed
17171,220,942.31,2020,completed
17172,328,458.18,2023,cancelled
17173,472,726.11,2020,refunded
17174,282,533.45,2022,completed
17175,362,912.51,2024,completed
17176,70,180.89,2022,refunded
17177,248,105.81,2020,completed
17178,312,602.25,2020,completed
17179,292,583.00,2021,completed
17180,312,989.14,2022,completed
17181,137,63.42,2021,cancelled
17182,82,243.22,2022,cancelled
17183,160,475.85,2024,refunded
17184,214,88.84,2022,cancelled
17185,2,316.89,2022,refunded
17186,283,822.00,2021,completed
17187,241,473.65,2023,completed
17188,87,13.19,2024,completed
17189,474,31.00,2024,completed
17190,463,855.33,2023,completed
17191,45,126.12,2021,completed
17192,268,914.23,2023,completed
17193,24,973.56,2021,pending
17194,170,951.59,2023,completed
17195,148,499.65,2023,completed
17196,468,386.91,2022,refunded
17197,229,940.42,2020,completed
17198,441,506.37,2024,pending
17199,390,418.06,2022,completed
17200,228,355.81,2021,pending
17201,157,552.47,2024,completed
17202,407,729.98,2023,cancelled
17203,137,983.86,2023,pending
17204,123,882.18,2020,completed
17205,375,197.70,2022,pending
17206,204,988.45,2024,completed
17207,31,47.14,2024,completed
17208,304,185.68,2023,pending
17209,475,785.18,2022,completed
17210,6,481.91,2022,completed
17211,421,375.60,2022,completed
17212,371,364.07,2022,completed
17213,445,950.47,2022,completed
17214,55,707.81,2022,pending
17215,208,744.45,2023,completed
17216,207,89.47,2022,completed
17217,145,782.67,2022,pending
17218,457,428.51,2023,completed
17219,148,579.11,2020,completed
17220,333,346.68,2022,pending
17221,355,797.06,2023,completed
17222,226,542.36,2024,pending
17223,411,372.33,2021,completed
17224,82,831.12,2020,completed
17225,82,32.64,2022,completed
17226,477,642.21,2020,completed
17227,247,256.14,2020,refunded
17228,257,97.41,2022,refunded
17229,98,840.20,2021,completed
17230,196,133.02,2020,completed
17231,236,447.35,2024,completed
17232,416,412.83,2022,pending
17233,413,253.05,2022,completed
17234,4,496.17,2022,pending
17235,132,820.08,2022,refunded
17236,162,244.91,2024,completed
17237,352,848.44,2024,completed
17238,326,183.18,2023,completed
17239,302,69.96,2024,cancelled
17240,296,309.69,2021,refunded
17241,346,298.51,2021,cancelled
17242,274,149.23,2023,completed
17243,330,88.52,2022,completed
17244,275,201.12,2020,completed
17245,300,33.37,2020,pending
17246,16,624.03,2024,cancelled
17247,38,429.96,2020,pending
17248,270,559.72,2024,completed
17249,278,428.57,2020,completed
17250,336,572.11,2020,cancelled
17251,341,622.92,2023,completed
17252,16,245.41,2024,pending
17253,375,220.41,2023,refunded
17254,146,78.14,2023,cancelled
17255,301,888.57,2022,completed
17256,255,275.29,2023,refunded
17257,445,369.36,2023,completed
17258,128,494.77,2024,completed
17259,484,50.33,2024,completed
17260,211,915.30,2023,completed
17261,367,116.01,2020,completed
17262,11,915.39,2023,completed
17263,311,545.38,2024,refunded
17264,212,241.40,2021,pending
17265,495,335.48,2023,refunded
17266,125,509.13,2024,completed
17267,456,618.70,2023,cancelled
17268,65,956.39,2021,refunded
17269,80,537.50,2021,refunded
17270,341,550.12,2022,refunded
17271,261,24.75,2021,completed
17272,7,892.08,2022,refunded
17273,384,89.58,2023,cancelled
17274,113,536.45,2024,completed
17275,61,87.43,2022,pending
17276,328,104.86,2024,pending
17277,49,27.61,2021,pending
17278,495,685.24,2021,cancelled
17279,314,672.97,2023,completed
17280,467,924.80,2022,completed
17281,269,880.35,2024,cancelled
17282,195,350.87,2020,refunded
17283,347,45.85,2024,completed
17284,468,868.98,2022,completed
17285,299,632.81,2023,completed
17286,440,921.50,2024,completed
17287,491,272.26,2023,pending
17288,18,687.65,2022,refunded
17289,292,12.33,2020,completed
17290,47,204.16,2021,completed
17291,110,710.54,2024,completed
17292,499,611.88,2023,completed
17293,402,869.38,2023,completed
17294,353,236.47,2024,refunded
17295,267,824.91,2024,completed
17296,313,279.63,2024,cancelled
17297,249,465.36,2022,completed
17298,7,397.90,2021,pending
17299,323,163.10,2023,completed
17300,219,139.01,2024,completed
17301,485,537.63,2024,completed
17302,284,530.42,2022,pending
17303,156,587.30,2024,completed
17304,134,948.50,2021,refunded
17305,420,970.85,2023,pending
17306,76,334.96,2020,completed
17307,396,652.08,2023,completed
17308,124,877.89,2022,completed
17309,302,591.80,2023,cancelled
17310,93,35.79,2023,cancelled
17311,227,15.24,2024,cancelled
17312,217,68.14,2023,pending
17313,388,712.43,2023,completed
17314,332,846.32,2020,refunded
17315,305,935.51,2020,cancelled
17316,378,990.79,2022,completed
17317,47,644.34,2021,refunded
17318,278,90.04,2024,completed
17319,80,286.37,2024,completed
17320,210,943.33,2021,completed
17321,210,519.39,2021,completed
17322,225,837.35,2021,refunded
17323,479,34.19,2024,cancelled
17324,349,423.16,2023,completed
17325,9,19.73,2022,cancelled
17326,437,221.60,2023,pending
17327,18,508.50,2024,refunded
17328,301,184.23,2022,completed
17329,143,810.33,2022,pending
17330,46,896.66,2021,completed
17331,365,138.71,2022,completed
17332,21,554.28,2021,completed
17333,260,438.13,2022,pending
17334,403,785.13,2021,completed
17335,139,591.58,2022,cancelled
17336,460,346.49,2023,cancelled
17337,296,78.54,2020,refunded
17338,389,116.09,2022,completed
17339,17,866.72,2024,pending
17340,211,692.60,2020,completed
17341,195,510.31,2021,completed
17342,256,260.97,2023,completed
17343,470,157.56,2022,cancelled
17344,364,327.04,2024,completed
17345,35,548.52,2024,completed
17346,67,380.66,2020,cancelled
17347,244,488.70,2020,completed
17348,100,543.66,2020,cancelled
17349,14,377.81,2020,cancelled
17350,463,325.46,2021,completed
17351,398,819.56,2022,completed
17352,112,174.48,2024,completed
17353,303,532.49,2021,cancelled
17354,190,339.60,2023,completed
17355,212,207.00,2020,completed
17356,429,612.83,2024,pending
17357,382,445.35,2022,refunded
17358,434,716.09,2021,cancelled
17359,302,387.14,2020,completed
17360,45,514.43,2020,completed
17361,187,303.33,2020,pending
17362,432,853.03,2023,refunded
17363,135,125.91,2022,completed
17364,317,679.95,2023,cancelled
17365,204,193.65,2023,cancelled
17366,471,856.46,2021,pending
17367,102,957.04,2022,cancelled
17368,104,269.66,2023,refunded
17369,317,292.68,2020,refunded
17370,40,735.86,2021,pending
17371,423,898.44,2021,cancelled
17372,374,340.66,2022,cancelled
17373,454,307.76,2021,refunded
17374,490,831.60,2021,pending
17375,5,757.28,2020,completed
17376,414,730.02,2024,refunded
17377,359,643.82,2020,completed
17378,423,936.65,2023,pending
17379,154,444.66,2022,refunded
17380,242,346.57,2022,completed
17381,277,504.45,2021,refunded
17382,86,971.41,2023,refunded
17383,136,397.80,2020,completed
17384,140,355.81,2020,completed
17385,456,205.23,2024,cancelled
17386,457,241.44,2020,cancelled
17387,498,187.16,2024,refunded
17388,70,231.73,2021,completed
17389,286,355.02,2024,cancelled
17390,394,276.31,2021,completed
17391,169,458.95,2020,cancelled
17392,329,729.22,2021,completed
17393,30,256.90,2021,cancelled
17394,117,428.67,2024,completed
17395,288,206.44,2024,cancelled
17396,192,730.81,2024,refunded
17397,10,67.97,2022,completed
17398,461,534.08,2024,completed
17399,1,116.05,2022,completed
17400,201,879.23,2021,cancelled
17401,153,710.79,2023,refunded
17402,76,979.25,2024,pending
17403,414,178.41,2021,refunded
17404,164,96.06,2021,completed
17405,456,159.48,2020,completed
17406,159,451.58,2021,refunded
17407,143,144.46,2024,completed
17408,92,198.32,2020,pending
17409,279,165.81,2023,completed
17410,418,156.92,2024,completed
17411,78,48.82,2024,completed
17412,146,537.75,2021,pending
17413,457,416.29,2022,completed
17414,56,166.09,2023,completed
17415,35,865.80,2021,refunded
17416,287,964.05,2024,cancelled
17417,421,496.79,2024,completed
17418,82,787.17,2024,completed
17419,321,134.95,2023,completed
17420,471,648.36,2020,cancelled
17421,359,555.64,2024,refunded
17422,177,801.10,2022,refunded
17423,81,245.82,2022,pending
17424,408,511.59,2023,refunded
17425,485,795.18,2022,pending
17426,168,593.54,2023,completed
17427,168,853.06,2024,completed
17428,483,809.99,2023,completed
17429,184,294.18,2021,refunded
17430,288,12.54,2020,pending
17431,106,318.04,2021,completed
17432,301,581.96,2022,completed
17433,102,862.55,2021,completed
17434,41,930.11,2022,completed
17435,150,319.46,2024,cancelled
17436,425,423.35,2020,pending
17437,400,372.35,2022,cancelled
17438,494,170.50,2020,pending
17439,133,173.15,2020,refunded
17440,177,567.21,2020,cancelled
17441,397,885.98,2023,completed
17442,468,493.87,2022,completed
17443,91,735.36,2022,pending
17444,242,844.07,2023,completed
17445,404,384.46,2022,completed
17446,275,346.76,2020,completed
17447,362,163.69,2021,cancelled
17448,183,506.25,2023,pending
17449,138,794.94,2020,completed
17450,13,770.97,2024,completed
17451,441,278.65,2020,pending
17452,75,540.87,2020,completed
17453,288,383.38,2023,cancelled
17454,316,717.15,2021,refunded
17455,409,907.36,2021,completed
17456,188,59.39,2024,refunded
17457,82,299.38,2020,pending
17458,453,205.11,2021,completed
17459,382,600.12,2021,completed
17460,279,492.90,2022,completed
17461,419,396.44,2020,completed
17462,152,736.88,2024,completed
17463,257,718.89,2024,completed
17464,462,106.08,2023,completed
17465,391,284.92,2024,pending
17466,474,320.32,2022,cancelled
17467,78,534.18,2024,refunded
17468,180,911.71,2021,completed
17469,345,718.86,2022,pending
17470,84,229.33,2024,pending
17471,204,696.35,2020,cancelled
17472,434,504.59,2024,completed
17473,87,968.34,2021,refunded
17474,228,472.63,2020,cancelled
17475,320,586.90,2024,pending
17476,216,590.61,2023,cancelled
17477,452,877.48,2024,refunded
17478,171,625.27,2021,pending
17479,188,689.14,2021,refunded
17480,340,446.93,2022,refunded
17481,380,567.86,2020,completed
17482,29,563.10,2022,pending
17483,375,65.27,2024,pending
17484,287,54.51,2024,completed
17485,197,21.59,2021,cancelled
17486,296,42.10,2023,cancelled
17487,240,547.04,2023,refunded
17488,24,300.12,2020,completed
17489,476,732.93,2021,pending
17490,427,642.99,2020,completed
17491,172,292.17,2021,pending
17492,113,872.88,2020,completed
17493,402,373.36,2024,completed
17494,255,33.40,2020,completed
17495,66,151.48,2022,completed
17496,156,745.85,2024,pending
17497,372,297.05,2020,completed
17498,66,188.56,2020,completed
17499,4,715.67,2021,completed
17500,86,25.51,2020,completed
17501,483,860.42,2024,completed
17502,489,382.20,2023,completed
17503,308,197.61,2020,cancelled
17504,118,763.74,2024,completed
17505,226,749.50,2023,refunded
17506,51,507.91,2024,completed
17507,331,534.42,2020,refunded
17508,333,116.20,2024,cancelled
17509,47,326.91,2020,pending
17510,60,611.40,2023,refunded
17511,423,489.02,2021,completed
17512,210,770.12,2024,cancelled
17513,36,658.27,2023,completed
17514,50,257.74,2020,completed
17515,185,883.72,2022,refunded
17516,391,766.94,2022,refunded
17517,211,672.20,2024,pending
17518,191,699.24,2021,refunded
17519,454,712.87,2022,completed
17520,366,239.24,2022,completed
17521,54,482.91,2020,refunded
17522,250,198.90,2022,cancelled
17523,147,369.31,2023,completed
17524,63,273.96,2024,refunded
17525,483,991.87,2022,completed
17526,128,396.80,2021,completed
17527,171,913.94,2024,completed
17528,354,715.63,2020,completed
17529,391,448.52,2023,completed
17530,445,960.34,2022,completed
17531,367,368.98,2021,completed
17532,282,311.38,2021,completed
17533,467,123.55,2020,completed
17534,304,34.24,2021,refunded
17535,396,926.01,2024,pending
17536,60,548.72,2023,pending
17537,286,165.87,2020,completed
17538,356,827.99,2024,refunded
17539,148,740.86,2021,pending
17540,288,599.60,2021,refunded
17541,303,577.81,2022,refunded
17542,298,368.61,2023,completed
17543,390,426.52,2023,cancelled
17544,39,962.97,2021,completed
17545,188,436.43,2023,completed
17546,486,200.68,2024,refunded
17547,328,751.45,2021,completed
17548,352,131.11,2021,refunded
17549,463,682.65,2024,cancelled
17550,162,147.92,2024,pending
17551,164,285.62,2022,pending
17552,156,500.69,2020,completed
17553,287,380.60,2023,completed
17554,198,383.14,2024,refunded
17555,402,780.44,2022,completed
17556,171,719.33,2022,completed
17557,20,535.36,2020,completed
17558,413,596.40,2020,cancelled
17559,177,220.12,2021,pending
17560,77,281.94,2020,completed
17561,415,564.23,2024,pending
17562,447,72.83,2024,refunded
17563,317,338.62,2021,completed
17564,297,360.97,2024,completed
17565,314,871.64,2022,completed
17566,397,33.29,2024,cancelled
17567,95,821.15,2020,cancelled
17568,222,697.15,2022,refunded
17569,278,760.60,2023,completed
17570,209,246.74,2023,completed
17571,498,899.74,2023,cancelled
17572,35,39.87,2023,completed
17573,99,904.48,2024,refunded
17574,40,808.02,2024,completed
17575,30,802.10,2023,completed
17576,398,107.77,2022,pending
17577,309,705.45,2022,completed
17578,274,766.52,2024,cancelled
17579,107,309.91,2022,completed
17580,310,359.10,2022,completed
17581,40,826.99,2021,completed
17582,411,688.85,2024,cancelled
17583,274,665.79,2024,completed
17584,468,97.47,2022,pending
17585,441,407.11,2022,completed
17586,127,531.98,2023,completed
17587,223,328.37,2023,refunded
17588,439,158.18,2020,completed
17589,470,402.27,2022,cancelled
17590,267,575.52,2022,refunded
17591,487,296.79,2021,completed
17592,244,526.97,2022,completed
17593,93,899.79,2024,completed
17594,419,932.85,2022,refunded
17595,163,454.27,2020,completed
17596,273,490.06,2021,completed
17597,240,575.20,2022,completed
17598,229,382.86,2020,completed
17599,127,977.77,2021,cancelled
17600,137,480.99,2023,cancelled
17601,145,355.73,2022,cancelled
17602,391,309.07,2023,pending
17603,70,462.27,2023,pending
17604,405,717.23,2023,refunded
17605,131,717.85,2024,refunded
17606,163,241.58,2020,refunded
17607,170,92.87,2023,completed
17608,80,34.07,2023,completed
17609,132,555.24,2021,completed
17610,268,892.75,2020,completed
17611,83,972.40,2024,completed
17612,304,686.26,2020,completed
17613,69,694.03,2021,cancelled
17614,253,789.26,2023,completed
17615,63,12.85,2020,pending
17616,218,652.40,2024,completed
17617,373,869.14,2021,cancelled
17618,152,219.57,2024,completed
17619,147,139.43,2024,completed
17620,479,146.78,2020,refunded
17621,183,33.66,2023,completed
17622,328,70.01,2022,completed
17623,59,898.99,2024,cancelled
17624,402,916.65,2023,pending
17625,480,316.30,2021,refunded
17626,107,288.30,2020,completed
17627,227,728.40,2023,completed
17628,472,674.81,2022,completed
17629,420,622.45,2022,refunded
17630,491,115.17,2024,refunded
17631,440,714.14,2021,refunded
17632,304,691.99,2021,refunded
17633,130,175.29,2022,cancelled
17634,401,533.67,2023,refunded
17635,401,846.62,2023,pending
17636,109,644.04,2023,completed
17637,71,837.80,2021,pending
17638,443,63.47,2023,cancelled
17639,88,524.08,2021,refunded
17640,255,379.13,2022,completed
17641,389,692.98,2022,completed
17642,214,792.05,2023,completed
17643,164,12.57,2023,pending
17644,85,648.14,2022,completed
17645,307,828.31,2022,refunded
17646,274,20.70,2024,pending
17647,396,739.23,2024,completed
17648,225,714.82,2020,completed
17649,90,837.93,2024,completed
17650,442,418.58,2020,completed
17651,218,58.02,2024,cancelled
17652,134,70.60,2022,cancelled
17653,93,754.03,2024,completed
17654,277,885.94,2020,pending
17655,68,803.26,2024,pending
17656,332,806.06,2024,refunded
17657,454,92.66,2022,pending
17658,72,457.59,2022,completed
17659,275,153.31,2021,completed
17660,437,103.96,2024,completed
17661,89,731.87,2024,cancelled
17662,28,681.33,2023,completed
17663,418,416.83,2021,cancelled
17664,274,752.63,2024,completed
17665,397,968.46,2021,cancelled
17666,137,510.39,2024,cancelled
17667,475,732.68,2022,pending
17668,246,586.05,2020,completed
17669,181,208.42,2023,completed
17670,206,468.38,2024,completed
17671,67,730.03,2022,cancelled
17672,238,768.38,2022,completed
17673,249,685.44,2021,refunded
17674,185,784.03,2020,completed
17675,450,464.37,2021,completed
17676,194,743.12,2022,completed
17677,46,200.62,2020,completed
17678,260,867.24,2023,pending
17679,26,649.31,2020,cancelled
17680,274,508.10,2024,completed
17681,309,327.13,2023,completed
17682,150,847.83,2022,pending
17683,284,511.76,2023,completed
17684,338,897.34,2021,cancelled
17685,114,207.92,2020,completed
17686,353,183.77,2022,refunded
17687,433,372.50,2023,completed
17688,127,616.98,2020,refunded
17689,281,736.93,2021,refunded
17690,79,815.46,2022,pending
17691,370,376.10,2024,cancelled
17692,310,475.66,2021,completed
17693,234,792.91,2021,completed
17694,15,677.33,2024,completed
17695,137,163.12,2020,refunded
17696,379,714.16,2022,cancelled
17697,399,328.94,2022,pending
17698,34,978.56,2023,completed
17699,33,719.52,2020,completed
17700,254,796.35,2023,completed
17701,400,824.53,2021,completed
17702,384,755.35,2021,completed
17703,141,44.71,2022,completed
17704,407,896.44,2020,pending
17705,272,468.85,2020,refunded
17706,427,125.62,2024,cancelled
17707,90,851.93,2024,completed
17708,223,558.34,2021,pending
17709,160,323.67,2023,pending
17710,232,23.36,2024,completed
17711,60,912.33,2023,completed
17712,103,225.33,2023,completed
17713,100,757.72,2022,completed
17714,330,659.61,2020,completed
17715,230,878.19,2024,completed
17716,80,507.11,2023,completed
17717,255,479.21,2021,cancelled
17718,332,504.37,2020,completed
17719,355,816.00,2020,refunded
17720,351,94.40,2022,refunded
17721,190,446.56,2024,completed
17722,430,224.23,2021,refunded
17723,315,37.99,2024,refunded
17724,484,671.06,2021,completed
17725,456,246.42,2023,completed
17726,474,223.86,2024,completed
17727,331,764.96,2024,completed
17728,57,955.71,2023,cancelled
17729,476,257.05,2022,completed
17730,366,625.23,2022,completed
17731,150,773.09,2022,pending
17732,211,362.07,2022,completed
17733,377,170.14,2021,cancelled
17734,196,201.05,2024,pending
17735,454,378.30,2024,cancelled
17736,201,52.05,2023,refunded
17737,280,524.12,2020,completed
17738,416,949.01,2023,completed
17739,457,516.16,2022,cancelled
17740,298,468.86,2023,pending
17741,381,120.40,2024,pending
17742,214,671.16,2023,completed
17743,137,892.84,2021,completed
17744,272,216.72,2020,cancelled
17745,27,698.10,2024,completed
17746,198,569.56,2022,refunded
17747,352,624.96,2021,cancelled
17748,458,398.00,2021,completed
17749,182,531.69,2022,cancelled
17750,218,99.73,2023,completed
17751,134,127.84,2023,refunded
17752,470,764.00,2022,cancelled
17753,461,170.96,2024,refunded
17754,66,749.28,2023,completed
17755,137,778.69,2021,refunded
17756,301,316.91,2021,completed
17757,124,694.30,2022,completed
17758,481,333.70,2021,refunded
17759,123,821.29,2021,completed
17760,300,372.71,2021,refunded
17761,73,38.56,2021,completed
17762,489,553.66,2023,pending
17763,132,125.88,2023,pending
17764,467,178.60,2022,cancelled
17765,127,261.48,2020,completed
17766,205,301.26,2020,completed
17767,456,283.60,2022,pending
17768,94,887.17,2020,completed
17769,313,34.51,2022,cancelled
17770,480,768.28,2022,pending
17771,62,469.80,2020,completed
17772,291,488.79,2023,pending
17773,435,34.60,2023,cancelled
17774,378,183.88,2020,cancelled
17775,467,783.25,2021,completed
17776,337,389.83,2022,completed
17777,85,314.91,2023,refunded
17778,249,997.68,2024,cancelled
17779,225,786.90,2022,cancelled
17780,90,327.13,2023,completed
17781,45,846.55,2024,completed
17782,431,881.99,2023,cancelled
17783,261,988.48,2023,pending
17784,263,939.65,2020,completed
17785,237,158.44,2020,completed
17786,222,283.81,2022,completed
17787,487,592.41,2020,pending
17788,56,360.42,2022,pending
17789,73,725.29,2023,completed
17790,23,311.49,2020,pending
17791,372,736.07,2020,pending
17792,43,498.90,2024,cancelled
17793,154,923.49,2024,completed
17794,458,568.79,2024,refunded
17795,151,176.70,2020,completed
17796,498,853.54,2021,pending
17797,259,171.37,2022,completed
17798,11,907.08,2021,completed
17799,167,294.72,2023,pending
17800,145,123.64,2020,completed
17801,391,163.63,2021,pending
17802,411,237.33,2020,completed
17803,113,456.41,2022,completed
17804,89,481.14,2024,refunded
17805,272,794.37,2023,pending
17806,241,778.19,2022,completed
17807,235,303.94,2021,cancelled
17808,475,58.04,2024,cancelled
17809,475,301.51,2022,pending
17810,418,778.16,2022,completed
17811,333,509.92,2022,refunded
17812,182,254.97,2020,completed
17813,32,797.93,2024,pending
17814,47,201.69,2020,completed
17815,495,225.73,2024,cancelled
17816,80,868.32,2021,completed
17817,346,493.89,2022,completed
17818,56,362.16,2023,pending
17819,473,890.19,2022,completed
17820,111,723.49,2021,cancelled
17821,426,301.04,2021,completed
17822,100,153.97,2023,completed
17823,187,479.66,2024,completed
17824,469,144.76,2020,completed
17825,152,366.46,2024,pending
17826,407,286.24,2024,completed
17827,145,497.73,2024,completed
17828,253,625.44,2021,refunded
17829,231,461.76,2022,completed
17830,459,85.34,2020,refunded
17831,12,485.37,2021,refunded
17832,138,19.56,2024,refunded
17833,218,265.47,2021,refunded
17834,61,589.16,2024,completed
17835,87,127.49,2020,refunded
17836,436,531.07,2022,cancelled
17837,84,900.64,2021,completed
17838,41,543.79,2024,cancelled
17839,394,278.87,2024,cancelled
17840,282,775.87,2020,refunded
17841,232,288.33,2021,pending
17842,349,421.57,2022,refunded
17843,100,882.83,2021,refunded
17844,5,178.85,2022,completed
17845,418,748.23,2020,completed
17846,120,635.36,2022,pending
17847,423,376.85,2023,refunded
17848,218,84.96,2020,completed
17849,407,432.91,2024,completed
17850,99,166.33,2023,cancelled
17851,329,298.83,2024,completed
17852,243,473.78,2023,refunded
17853,302,921.30,2022,cancelled
17854,174,752.87,2024,completed
17855,463,111.30,2021,completed
17856,16,370.95,2022,completed
17857,244,964.82,2022,refunded
17858,36,142.83,2022,refunded
17859,193,41.61,2022,cancelled
17860,219,890.22,2020,refunded
17861,422,77.13,2023,pending
17862,259,953.40,2023,completed
17863,487,268.84,2020,completed
17864,383,835.98,2022,completed
17865,282,920.70,2024,completed
17866,172,173.40,2020,completed
17867,105,689.68,2021,completed
17868,262,604.83,2023,completed
17869,312,279.49,2023,cancelled
17870,345,826.65,2024,completed
17871,261,92.46,2023,completed
17872,310,437.28,2021,completed
17873,165,734.81,2024,completed
17874,316,433.86,2024,completed
17875,224,201.87,2020,completed
17876,226,78.44,2024,completed
17877,167,458.03,2023,completed
17878,6,996.40,2024,completed
17879,477,843.87,2023,completed
17880,478,201.01,2021,completed
17881,58,219.08,2024,cancelled
17882,432,121.75,2021,completed
17883,74,728.43,2023,cancelled
17884,261,655.11,2021,refunded
17885,439,770.60,2021,completed
17886,1,668.41,2020,refunded
17887,480,198.75,2023,completed
17888,51,86.58,2023,completed
17889,280,512.60,2024,completed
17890,330,280.00,2020,completed
17891,302,543.47,2021,cancelled
17892,447,170.40,2022,completed
17893,392,298.24,2024,completed
17894,107,695.74,2022,pending
17895,441,242.45,2023,completed
17896,343,315.11,2023,completed
17897,371,438.07,2023,completed
17898,218,867.90,2020,completed
17899,341,639.59,2021,completed
17900,331,649.39,2020,completed
17901,311,30.18,2020,completed
17902,394,225.78,2020,completed
17903,475,154.48,2022,cancelled
17904,58,459.28,2023,completed
17905,96,553.65,2021,completed
17906,351,599.33,2024,cancelled
17907,444,214.64,2023,pending
17908,454,744.85,2024,completed
17909,474,467.14,2024,pending
17910,83,913.18,2021,completed
17911,241,880.79,2022,completed
17912,476,118.18,2021,completed
17913,46,890.42,2024,completed
17914,53,739.57,2020,refunded
17915,291,880.17,2023,refunded
17916,399,912.39,2023,pending
17917,266,160.53,2022,completed
17918,235,862.54,2021,completed
17919,450,435.69,2022,completed
17920,323,415.42,2020,refunded
17921,465,84.09,2020,completed
17922,435,581.38,2024,cancelled
17923,407,584.25,2024,completed
17924,165,978.32,2021,completed
17925,486,647.76,2020,pending
17926,256,984.51,2023,pending
17927,7,797.86,2024,pending
17928,202,429.73,2024,pending
17929,293,863.61,2020,completed
17930,288,275.93,2021,refunded
17931,387,707.70,2021,completed
17932,461,449.42,2024,completed
17933,477,681.58,2020,cancelled
17934,289,422.12,2020,refunded
17935,168,977.91,2021,cancelled
17936,440,437.42,2024,completed
17937,240,394.23,2023,completed
17938,82,72.04,2022,refunded
17939,171,782.00,2023,cancelled
17940,74,544.53,2021,pending
17941,44,772.52,2021,cancelled
17942,142,662.31,2024,completed
17943,153,717.52,2022,cancelled
17944,279,656.24,2023,pending
17945,384,257.42,2023,completed
17946,335,93.54,2020,refunded
17947,101,464.49,2023,refunded
17948,253,808.66,2020,completed
17949,84,233.67,2022,completed
17950,268,774.11,2022,refunded
17951,256,529.64,2021,cancelled
17952,440,528.41,2024,cancelled
17953,80,92.64,2024,completed
17954,180,556.28,2022,completed
17955,201,628.86,2022,refunded
17956,296,817.77,2021,refunded
17957,395,965.14,2020,refunded
17958,20,832.37,2020,refunded
17959,223,148.79,2022,cancelled
17960,31,391.67,2020,completed
17961,481,142.17,2024,cancelled
17962,334,208.88,2024,completed
17963,137,278.52,2023,completed
17964,368,632.28,2022,pending
17965,86,978.87,2021,pending
17966,24,210.60,2021,completed
17967,410,668.74,2022,completed
17968,332,107.41,2023,completed
17969,145,744.63,2020,pending
17970,164,728.71,2024,refunded
17971,57,194.75,2023,refunded
17972,401,16.38,2023,refunded
17973,187,438.10,2024,cancelled
17974,402,77.52,2021,refunded
17975,443,306.51,2021,refunded
17976,307,683.95,2020,completed
17977,292,451.30,2024,pending
17978,489,629.46,2022,cancelled
17979,2,480.46,2021,completed
17980,360,893.91,2024,cancelled
17981,328,48.00,2020,cancelled
17982,102,979.92,2024,cancelled
17983,236,480.05,2024,completed
17984,41,281.28,2020,cancelled
17985,169,947.22,2021,cancelled
17986,57,567.02,2023,completed
17987,69,985.75,2024,completed
17988,130,585.06,2023,completed
17989,217,68.84,2023,refunded
17990,130,999.21,2023,pending
17991,192,178.94,2024,cancelled
17992,182,687.95,2023,refunded
17993,25,488.37,2020,completed
17994,435,374.79,2020,pending
17995,51,280.61,2023,completed
17996,485,313.88,2022,completed
17997,410,217.98,2021,completed
17998,271,243.54,2023,completed
17999,405,98.26,2022,refunded
18000,400,582.51,2021,cancelled
18001,237,171.52,2023,pending
18002,314,925.15,2023,refunded
18003,322,591.08,2024,completed
18004,85,184.12,2022,refunded
18005,61,112.68,2024,pending
18006,294,124.91,2021,pending
18007,367,413.43,2020,completed
18008,386,721.10,2023,completed
18009,333,318.88,2022,completed
18010,464,99.28,2022,cancelled
18011,396,12.49,2022,completed
18012,145,302.05,2020,completed
18013,459,308.15,2024,completed
18014,369,471.85,2022,refunded
18015,500,951.53,2021,completed
18016,142,428.46,2021,cancelled
18017,219,336.19,2022,pending
18018,438,397.55,2023,completed
18019,19,519.65,2020,pending
18020,350,10.19,2022,completed
18021,362,842.85,2024,cancelled
18022,399,871.55,2021,completed
18023,182,55.76,2024,completed
18024,264,691.03,2023,pending
18025,336,612.09,2023,cancelled
18026,473,413.06,2024,completed
18027,36,464.39,2024,refunded
18028,453,626.29,2023,refunded
18029,22,346.83,2023,cancelled
18030,70,74.90,2023,refunded
18031,466,60.93,2020,refunded
18032,450,138.72,2023,completed
18033,67,794.32,2020,refunded
18034,190,134.73,2024,refunded
18035,162,677.07,2024,pending
18036,133,173.61,2024,completed
18037,484,23.26,2020,completed
18038,17,535.77,2020,cancelled
18039,175,421.88,2023,pending
18040,434,709.61,2024,completed
18041,477,309.76,2024,refunded
18042,120,935.66,2024,pending
18043,84,686.39,2022,refunded
18044,475,892.32,2024,completed
18045,446,488.42,2022,completed
18046,487,650.05,2024,cancelled
18047,375,354.19,2023,completed
18048,361,831.15,2023,pending
18049,127,506.27,2023,completed
18050,308,337.24,2024,pending
18051,247,20.48,2022,refunded
18052,429,483.41,2020,pending
18053,211,211.77,2023,cancelled
18054,41,818.96,2021,completed
18055,353,520.66,2024,completed
18056,483,107.24,2023,completed
18057,324,381.90,2024,cancelled
18058,480,202.98,2021,completed
18059,305,716.98,2024,completed
18060,273,693.70,2022,cancelled
18061,161,84.51,2021,completed
18062,426,741.27,2022,refunded
18063,269,309.44,2021,completed
18064,443,292.75,2024,refunded
18065,240,222.74,2023,refunded
18066,236,663.10,2022,pending
18067,416,140.29,2022,completed
18068,98,909.69,2024,pending
18069,482,135.07,2022,pending
18070,292,714.85,2022,pending
18071,100,537.73,2024,completed
18072,292,636.96,2022,completed
18073,203,905.21,2022,refunded
18074,125,138.29,2023,cancelled
18075,238,518.00,2023,cancelled
18076,131,517.68,2023,completed
18077,48,937.54,2021,completed
18078,112,791.23,2020,cancelled
18079,254,440.15,2023,completed
18080,14,135.98,2021,cancelled
18081,112,269.55,2024,completed
18082,154,44.58,2022,refunded
18083,270,555.34,2020,refunded
18084,121,363.48,2020,refunded
18085,213,171.38,2021,completed
18086,190,666.33,2022,completed
18087,176,834.46,2022,pending
18088,234,54.91,2022,completed
18089,76,435.84,2020,cancelled
18090,341,174.32,2022,completed
18091,364,42.38,2024,cancelled
18092,6,929.96,2023,completed
18093,133,880.43,2022,completed
18094,24,289.22,2023,completed
18095,97,932.25,2023,pending
18096,267,825.38,2023,completed
18097,265,758.25,2022,completed
18098,49,840.16,2020,refunded
18099,4,892.94,2021,refunded
18100,85,640.76,2022,pending
18101,85,59.79,2021,completed
18102,123,794.33,2023,refunded
18103,463,585.68,2021,pending
18104,186,749.56,2023,completed
18105,174,292.66,2021,completed
18106,53,459.73,2023,pending
18107,253,291.03,2022,completed
18108,118,409.21,2021,pending
18109,374,27.41,2023,completed
18110,295,440.07,2021,completed
18111,8,247.57,2024,cancelled
18112,267,385.78,2021,refunded
18113,3,519.05,2024,pending
18114,347,513.95,2021,completed
18115,133,34.64,2022,refunded
18116,397,210.93,2022,completed
18117,168,656.86,2023,completed
18118,306,825.89,2023,completed
18119,315,693.04,2022,completed
18120,45,251.43,2023,pending
18121,184,491.11,2021,refunded
18122,455,176.26,2021,cancelled
18123,426,567.20,2020,completed
18124,146,801.08,2020,completed
18125,46,961.43,2024,completed
18126,471,813.90,2021,pending
18127,429,161.82,2023,refunded
18128,138,271.34,2020,pending
18129,109,288.39,2021,completed
18130,476,157.81,2022,cancelled
18131,494,298.93,2021,refunded
18132,2,855.22,2023,cancelled
18133,99,932.85,2022,completed
18134,378,162.09,2024,cancelled
18135,367,329.97,2020,cancelled
18136,188,269.22,2020,cancelled
18137,369,494.93,2023,cancelled
18138,249,150.77,2020,pending
18139,63,553.68,2020,refunded
18140,469,690.03,2021,pending
18141,480,445.78,2021,cancelled
18142,63,648.79,2021,completed
18143,312,463.62,2020,cancelled
18144,355,125.73,2021,completed
18145,387,72.27,2024,refunded
18146,412,726.78,2020,completed
18147,238,579.78,2023,completed
18148,11,705.30,2022,completed
18149,486,17.57,2024,pending
18150,7,652.66,2021,refunded
18151,487,633.64,2021,cancelled
18152,16,531.09,2023,pending
18153,272,678.62,2021,refunded
18154,367,10.32,2023,cancelled
18155,271,38.21,2021,cancelled
18156,56,356.54,2021,completed
18157,145,808.09,2021,refunded
18158,305,957.38,2020,refunded
18159,333,69.12,2023,refunded
18160,354,740.01,2023,completed
18161,336,488.27,2022,completed
18162,410,838.27,2020,cancelled
18163,322,476.36,2020,refunded
18164,256,707.58,2023,completed
18165,485,836.36,2022,cancelled
18166,194,578.61,2020,completed
18167,302,528.08,2021,completed
18168,196,68.75,2023,completed
18169,211,482.13,2024,refunded
18170,389,944.58,2020,completed
18171,166,583.17,2023,refunded
18172,450,788.70,2024,completed
18173,308,178.96,2020,pending
18174,205,19.81,2024,cancelled
18175,51,99.05,2020,pending
18176,11,393.25,2024,completed
18177,310,598.62,2021,refunded
18178,125,457.47,2024,completed
18179,170,507.16,2020,pending
18180,206,209.75,2024,completed
18181,121,331.43,2020,completed
18182,491,992.26,2022,refunded
18183,321,511.17,2021,cancelled
18184,128,42.94,2020,completed
18185,335,242.09,2020,completed
18186,350,992.47,2022,completed
18187,378,367.70,2022,pending
18188,314,448.51,2024,completed
18189,378,795.15,2023,pending
18190,339,756.41,2022,refunded
18191,18,194.31,2021,refunded
18192,276,63.29,2024,refunded
18193,385,495.78,2022,completed
18194,338,355.78,2023,completed
18195,191,770.15,2024,pending
18196,449,271.82,2022,cancelled
18197,352,656.27,2022,cancelled
18198,352,627.90,2021,pending
18199,244,345.41,2023,completed
18200,72,276.20,2020,pending
18201,25,772.72,2021,pending
18202,106,537.26,2020,completed
18203,224,164.42,2024,completed
18204,391,364.00,2023,refunded
18205,331,824.35,2020,completed
18206,374,601.05,2020,completed
18207,252,831.14,2021,cancelled
18208,43,851.64,2021,refunded
18209,26,838.44,2024,refunded
18210,234,634.34,2021,refunded
18211,93,875.08,2024,cancelled
18212,500,12.79,2022,refunded
18213,124,844.27,2022,completed
18214,401,760.10,2023,refunded
18215,179,790.25,2023,completed
18216,242,522.58,2023,completed
18217,189,584.95,2024,refunded
18218,147,440.68,2020,refunded
18219,288,622.89,2020,cancelled
18220,187,581.30,2023,cancelled
18221,344,114.22,2020,cancelled
18222,8,514.43,2020,cancelled
18223,182,709.87,2020,pending
18224,228,590.73,2022,cancelled
18225,156,605.12,2021,cancelled
18226,331,958.03,2022,cancelled
18227,79,757.57,2023,pending
18228,424,871.03,2023,refunded
18229,60,609.02,2022,completed
18230,295,192.11,2021,completed
18231,83,710.74,2021,pending
18232,169,502.57,2024,refunded
18233,387,637.05,2021,completed
18234,276,225.28,2023,refunded
18235,218,140.16,2020,pending
18236,147,820.77,2024,completed
18237,219,394.87,2020,completed
18238,188,744.79,2021,cancelled
18239,462,647.66,2020,pending
18240,444,642.85,2020,refunded
18241,212,223.86,2021,refunded
18242,195,227.13,2020,completed
18243,4,484.73,2020,refunded
18244,468,557.12,2024,pending
18245,211,20.41,2024,refunded
18246,490,772.27,2023,completed
18247,500,911.08,2020,completed
18248,1,711.12,2020,completed
18249,319,556.30,2022,completed
18250,126,72.93,2023,cancelled
18251,293,24.96,2020,completed
18252,88,382.83,2023,completed
18253,246,537.94,2023,completed
18254,402,791.06,2023,completed
18255,215,728.64,2023,cancelled
18256,404,566.52,2023,refunded
18257,213,964.02,2023,completed
18258,143,143.11,2021,cancelled
18259,72,786.65,2021,cancelled
18260,96,723.02,2022,pending
18261,220,596.68,2021,completed
18262,93,853.78,2022,completed
18263,250,523.04,2023,pending
18264,56,511.25,2020,completed
18265,242,238.43,2024,completed
18266,356,331.63,2023,pending
18267,321,174.85,2022,completed
18268,181,176.74,2024,completed
18269,412,675.49,2023,cancelled
18270,308,812.54,2023,cancelled
18271,169,946.76,2023,completed
18272,452,698.21,2022,completed
18273,47,604.95,2021,refunded
18274,73,77.41,2020,refunded
18275,333,919.53,2021,completed
18276,495,117.75,2021,refunded
18277,166,639.34,2021,pending
18278,470,127.79,2021,completed
18279,456,399.91,2020,pending
18280,56,978.06,2021,completed
18281,301,395.79,2024,pending
18282,223,879.74,2022,refunded
18283,474,264.66,2020,cancelled
18284,186,209.05,2023,pending
18285,483,279.43,2022,refunded
18286,305,943.01,2022,completed
18287,419,722.93,2024,completed
18288,484,33.53,2023,refunded
18289,268,481.42,2023,cancelled
18290,172,90.31,2024,cancelled
18291,27,951.99,2023,pending
18292,430,594.72,2023,cancelled
18293,436,842.12,2022,completed
18294,340,243.07,2020,refunded
18295,462,670.03,2021,completed
18296,62,41.93,2022,pending
18297,323,332.61,2020,completed
18298,289,81.42,2020,pending
18299,199,55.59,2021,pending
18300,474,636.74,2020,pending
18301,408,943.82,2023,pending
18302,308,503.75,2023,completed
18303,370,248.27,2021,completed
18304,491,584.97,2022,refunded
18305,26,221.57,2020,refunded
18306,142,147.94,2023,pending
18307,394,475.63,2023,pending
18308,298,885.06,2021,cancelled
18309,242,420.39,2023,completed
18310,27,172.14,2020,pending
18311,123,468.96,2024,cancelled
18312,124,959.68,2024,refunded
18313,41,143.12,2022,completed
18314,267,951.64,2022,completed
18315,365,745.67,2021,pending
18316,483,953.74,2021,refunded
18317,12,445.79,2023,completed
18318,391,866.49,2024,completed
18319,427,985.52,2021,completed
18320,433,665.07,2024,pending
18321,249,655.86,2021,completed
18322,130,621.89,2023,refunded
18323,284,504.16,2020,completed
18324,273,166.50,2021,cancelled
18325,152,153.99,2022,completed
18326,178,836.05,2022,pending
18327,221,359.27,2024,completed
18328,189,45.75,2020,completed
18329,161,186.04,2024,completed
18330,444,858.72,2024,refunded
18331,178,471.08,2022,completed
18332,165,851.46,2022,completed
18333,276,194.55,2021,completed
18334,500,296.29,2020,refunded
18335,35,234.03,2021,cancelled
18336,295,669.74,2020,pending
18337,301,637.00,2021,cancelled
18338,44,12.48,2023,pending
18339,171,607.72,2021,refunded
18340,199,628.74,2020,completed
18341,481,838.10,2021,completed
18342,196,851.29,2020,cancelled
18343,351,926.58,2024,completed
18344,253,916.66,2021,refunded
18345,5,194.27,2022,completed
18346,54,696.64,2024,cancelled
18347,184,159.65,2021,pending
18348,444,728.62,2022,completed
18349,263,569.32,2021,completed
18350,223,771.89,2024,pending
18351,475,293.51,2023,completed
18352,317,23.06,2023,completed
18353,310,719.08,2020,refunded
18354,243,667.04,2023,completed
18355,108,169.88,2020,completed
18356,21,901.18,2024,completed
18357,378,523.12,2020,completed
18358,43,876.51,2022,completed
18359,108,512.29,2021,pending
18360,28,647.73,2023,completed
18361,31,626.39,2024,pending
18362,327,549.06,2023,pending
18363,102,826.60,2021,refunded
18364,495,818.40,2023,completed
18365,377,107.13,2024,completed
18366,456,467.59,2022,completed
18367,365,431.81,2023,completed
18368,350,533.69,2020,completed
18369,100,876.03,2020,cancelled
18370,58,452.08,2021,refunded
18371,377,643.69,2023,completed
18372,254,968.12,2021,completed
18373,415,485.26,2024,completed
18374,348,251.74,2021,cancelled
18375,29,527.72,2022,completed
18376,397,377.11,2024,pending
18377,287,741.90,2024,cancelled
18378,297,884.80,2021,completed
18379,130,252.45,2020,cancelled
18380,344,360.83,2021,completed
18381,458,507.94,2023,completed
18382,76,449.10,2024,pending
18383,283,309.03,2021,completed
18384,371,863.07,2021,cancelled
18385,114,537.94,2021,completed
18386,171,925.88,2023,pending
18387,263,213.49,2020,pending
18388,298,896.77,2023,refunded
18389,428,601.95,2020,completed
18390,235,603.40,2024,refunded
18391,173,644.07,2024,pending
18392,80,221.43,2022,refunded
18393,226,979.71,2023,cancelled
18394,47,937.74,2021,refunded
18395,26,242.23,2020,completed
18396,72,569.82,2020,completed
18397,103,813.02,2021,completed
18398,205,900.55,2023,refunded
18399,11,577.68,2023,refunded
18400,415,439.50,2020,pending
18401,145,223.24,2021,completed
18402,461,147.66,2023,completed
18403,263,157.00,2023,completed
18404,179,417.05,2020,cancelled
18405,301,512.61,2024,cancelled
18406,212,167.30,2022,cancelled
18407,170,567.27,2021,completed
18408,111,672.14,2022,refunded
18409,107,864.05,2022,completed
18410,410,806.30,2020,refunded
18411,408,246.50,2022,completed
18412,140,486.14,2023,completed
18413,120,915.46,2024,completed
18414,179,364.57,2021,completed
18415,252,636.85,2024,completed
18416,301,216.88,2023,cancelled
18417,362,335.35,2022,pending
18418,356,845.46,2022,completed
18419,324,559.13,2023,completed
18420,184,599.44,2024,pending
18421,213,469.52,2020,completed
18422,60,721.05,2023,cancelled
18423,426,829.69,2024,cancelled
18424,86,301.05,2020,refunded
18425,477,174.23,2021,pending
18426,193,993.68,2020,completed
18427,211,762.89,2020,pending
18428,385,157.74,2022,completed
18429,468,695.21,2021,completed
18430,351,497.35,2024,pending
18431,448,810.45,2020,completed
18432,28,908.97,2023,refunded
18433,366,325.27,2024,completed
18434,312,36.58,2021,completed
18435,451,637.31,2020,completed
18436,483,309.76,2024,completed
18437,417,696.01,2023,completed
18438,420,319.09,2022,completed
18439,82,976.98,2022,refunded
18440,339,799.49,2022,completed
18441,332,380.85,2022,completed
18442,422,36.29,2021,cancelled
18443,350,432.89,2020,completed
18444,200,186.60,2020,completed
18445,430,726.67,2021,pending
18446,484,234.80,2020,completed
18447,478,128.05,2024,completed
18448,337,956.01,2020,completed
18449,23,954.03,2022,cancelled
18450,328,548.84,2021,completed
18451,312,782.17,2020,refunded
18452,336,195.48,2021,pending
18453,79,593.76,2024,pending
18454,265,567.97,2022,refunded
18455,280,861.56,2023,pending
18456,432,279.38,2022,completed
18457,379,825.05,2023,completed
18458,65,68.19,2021,pending
18459,148,577.50,2021,completed
18460,233,49.96,2020,completed
18461,150,932.93,2022,completed
18462,400,265.54,2021,pending
18463,314,274.06,2020,completed
18464,26,952.86,2020,completed
18465,270,559.69,2022,completed
18466,269,401.80,2022,cancelled
18467,73,588.36,2024,completed
18468,349,808.02,2020,completed
18469,118,201.01,2022,completed
18470,335,641.96,2022,completed
18471,347,747.33,2022,completed
18472,495,414.64,2021,cancelled
18473,454,858.86,2023,refunded
18474,300,47.48,2021,completed
18475,304,257.46,2021,pending
18476,398,565.43,2020,completed
18477,248,337.87,2024,refunded
18478,372,230.93,2022,cancelled
18479,125,449.44,2021,pending
18480,470,960.74,2020,completed
18481,335,423.16,2022,refunded
18482,250,208.81,2020,cancelled
18483,448,345.88,2020,completed
18484,197,350.13,2020,refunded
18485,329,777.68,2020,completed
18486,264,463.59,2022,pending
18487,101,70.58,2023,completed
18488,234,788.47,2020,completed
18489,159,58.42,2022,refunded
18490,73,943.08,2024,completed
18491,378,971.31,2023,completed
18492,299,229.98,2022,completed
18493,391,738.88,2020,pending
18494,438,369.58,2022,completed
18495,151,740.03,2022,pending
18496,198,553.94,2024,completed
18497,447,591.59,2024,refunded
18498,17,15.07,2022,completed
18499,294,861.59,2023,pending
18500,56,784.31,2021,completed
18501,217,491.12,2020,refunded
18502,422,58.67,2022,refunded
18503,166,89.77,2024,refunded
18504,122,357.81,2020,pending
18505,152,866.66,2021,cancelled
18506,175,969.31,2021,refunded
18507,123,117.84,2022,completed
18508,68,800.59,2024,cancelled
18509,72,788.73,2024,completed
18510,439,989.35,2020,completed
18511,44,186.39,2022,completed
18512,75,173.69,2020,cancelled
18513,178,725.37,2021,completed
18514,185,137.17,2024,refunded
18515,68,781.12,2023,completed
18516,389,172.01,2024,completed
18517,10,929.16,2022,completed
18518,156,93.67,2021,refunded
18519,13,905.80,2022,refunded
18520,362,653.10,2022,completed
18521,191,243.07,2021,pending
18522,475,980.43,2020,completed
18523,291,46.37,2022,pending
18524,211,106.31,2024,completed
18525,427,72.25,2023,completed
18526,283,637.08,2024,completed
18527,44,61.65,2023,completed
18528,370,579.24,2022,completed
18529,99,215.51,2021,refunded
18530,57,299.83,2023,cancelled
18531,356,897.41,2024,completed
18532,6,729.37,2024,pending
18533,275,269.45,2022,completed
18534,480,356.41,2024,completed
18535,171,589.30,2021,completed
18536,61,623.51,2022,cancelled
18537,363,314.18,2023,completed
18538,118,771.13,2024,refunded
18539,136,152.64,2022,pending
18540,40,446.45,2024,refunded
18541,139,225.39,2023,completed
18542,222,691.01,2022,cancelled
18543,263,675.54,2023,refunded
18544,199,213.21,2021,pending
18545,18,517.08,2021,completed
18546,257,863.46,2021,completed
18547,131,820.11,2021,completed
18548,180,848.65,2021,completed
18549,463,554.52,2020,completed
18550,344,140.31,2024,completed
18551,417,788.49,2024,refunded
18552,193,946.10,2021,completed
18553,324,541.79,2023,refunded
18554,220,15.27,2023,cancelled
18555,271,245.21,2024,completed
18556,105,718.51,2021,pending
18557,391,936.48,2024,completed
18558,18,190.22,2021,refunded
18559,396,633.17,2024,completed
18560,147,94.49,2023,pending
18561,109,217.37,2021,completed
18562,343,808.29,2021,completed
18563,4,890.88,2021,pending
18564,168,436.25,2024,completed
18565,59,722.24,2020,completed
18566,22,893.35,2024,cancelled
18567,311,626.85,2023,completed
18568,1,906.60,2024,completed
18569,104,252.83,2021,refunded
18570,140,743.11,2022,completed
18571,473,978.98,2023,completed
18572,12,978.89,2020,refunded
18573,470,340.29,2021,refunded
18574,142,78.31,2021,completed
18575,226,890.46,2020,completed
18576,500,321.49,2021,refunded
18577,90,324.36,2023,refunded
18578,232,73.51,2023,completed
18579,455,752.24,2020,completed
18580,321,415.27,2022,refunded
18581,421,597.99,2020,completed
18582,389,206.77,2024,completed
18583,365,421.27,2021,completed
18584,79,538.82,2024,completed
18585,94,432.85,2022,completed
18586,63,566.34,2020,completed
18587,382,697.93,2024,cancelled
18588,227,91.17,2023,completed
18589,343,448.27,2024,refunded
18590,326,840.18,2021,completed
18591,153,337.72,2023,completed
18592,189,203.30,2020,refunded
18593,283,107.22,2021,completed
18594,302,776.97,2023,cancelled
18595,250,781.35,2024,completed
18596,195,973.51,2022,pending
18597,41,448.68,2021,pending
18598,496,546.08,2023,completed
18599,349,724.36,2022,completed
18600,361,986.70,2020,completed
18601,290,684.59,2023,refunded
18602,433,913.60,2023,cancelled
18603,196,833.82,2020,cancelled
18604,442,122.38,2024,completed
18605,73,373.37,2020,cancelled
18606,38,626.81,2021,completed
18607,491,185.42,2021,refunded
18608,238,625.84,2021,completed
18609,328,728.27,2024,cancelled
18610,139,702.64,2022,completed
18611,306,10.44,2023,pending
18612,72,988.27,2020,completed
18613,337,471.67,2022,completed
18614,128,26.79,2024,completed
18615,381,384.25,2022,pending
18616,359,605.88,2023,completed
18617,221,850.05,2022,cancelled
18618,125,758.16,2020,refunded
18619,214,482.78,2022,refunded
18620,3,708.71,2024,completed
18621,398,466.18,2023,completed
18622,303,173.51,2023,completed
18623,435,806.44,2023,completed
18624,80,121.46,2021,completed
18625,72,83.46,2021,refunded
18626,18,141.29,2024,refunded
18627,223,35.02,2023,completed
18628,179,261.98,2023,refunded
18629,113,957.00,2024,completed
18630,46,922.22,2024,completed
18631,126,933.66,2023,refunded
18632,106,362.74,2023,cancelled
18633,37,603.15,2020,cancelled
18634,217,275.77,2022,completed
18635,172,318.44,2020,completed
18636,12,682.21,2023,refunded
18637,37,629.48,2024,refunded
18638,366,197.92,2024,refunded
18639,133,715.57,2020,completed
18640,381,795.31,2021,completed
18641,1,922.78,2020,pending
18642,352,155.06,2021,completed
18643,493,732.28,2020,cancelled
18644,243,284.31,2020,refunded
18645,441,27.54,2023,pending
18646,365,107.33,2022,completed
18647,182,749.79,2023,cancelled
18648,327,809.74,2020,completed
18649,403,619.50,2021,completed
18650,68,339.31,2020,cancelled
18651,38,843.93,2024,completed
18652,403,144.33,2024,refunded
18653,265,22.88,2021,completed
18654,213,229.44,2023,cancelled
18655,111,541.61,2020,completed
18656,488,165.62,2024,refunded
18657,270,177.30,2023,completed
18658,237,180.09,2020,completed
18659,68,897.68,2020,completed
18660,493,168.00,2022,cancelled
18661,419,155.40,2022,completed
18662,358,872.08,2020,pending
18663,448,426.71,2022,completed
18664,464,30.34,2021,refunded
18665,87,804.73,2022,completed
18666,280,557.11,2021,completed
18667,320,627.79,2023,completed
18668,172,882.55,2023,cancelled
18669,128,958.08,2021,refunded
18670,165,929.89,2024,completed
18671,259,742.16,2024,refunded
18672,59,259.45,2024,refunded
18673,171,748.09,2021,completed
18674,391,391.07,2024,completed
18675,265,646.81,2021,completed
18676,43,946.28,2023,completed
18677,486,576.65,2021,refunded
18678,446,229.37,2022,completed
18679,72,583.04,2021,cancelled
18680,288,696.18,2022,completed
18681,23,382.41,2022,completed
18682,248,985.79,2023,pending
18683,389,776.22,2022,pending
18684,18,259.43,2024,completed
18685,220,297.84,2021,completed
18686,172,316.01,2021,completed
18687,85,379.66,2024,completed
18688,378,790.63,2021,completed
18689,146,745.53,2024,completed
18690,67,93.91,2022,completed
18691,57,117.43,2022,completed
18692,235,853.32,2023,refunded
18693,250,887.05,2023,refunded
18694,152,955.85,2020,pending
18695,153,37.12,2020,completed
18696,296,126.87,2022,completed
18697,395,27.93,2023,pending
18698,307,569.12,2024,completed
18699,415,983.10,2021,completed
18700,8,631.87,2020,cancelled
18701,438,830.94,2024,completed
18702,375,319.41,2020,completed
18703,12,269.84,2021,cancelled
18704,89,911.22,2024,pending
18705,258,259.10,2020,completed
18706,78,752.59,2020,pending
18707,148,170.31,2020,completed
18708,76,532.71,2024,completed
18709,147,746.96,2020,completed
18710,317,309.00,2020,cancelled
18711,91,931.83,2020,refunded
18712,34,787.60,2020,refunded
18713,403,120.25,2024,refunded
18714,43,535.89,2021,completed
18715,14,170.38,2023,completed
18716,419,992.46,2022,pending
18717,139,750.94,2023,cancelled
18718,442,757.66,2024,completed
18719,348,461.42,2022,completed
18720,47,324.93,2022,completed
18721,234,418.16,2021,pending
18722,124,494.03,2023,pending
18723,161,69.37,2024,pending
18724,248,901.21,2023,cancelled
18725,205,725.20,2020,completed
18726,39,992.77,2020,completed
18727,292,394.48,2020,completed
18728,298,952.08,2022,pending
18729,293,495.94,2024,completed
18730,240,763.12,2023,completed
18731,423,405.13,2024,pending
18732,73,273.06,2020,pending
18733,213,699.97,2022,completed
18734,50,662.55,2021,refunded
18735,39,486.43,2020,pending
18736,358,310.78,2024,cancelled
18737,259,697.84,2023,completed
18738,459,839.19,2024,pending
18739,304,373.51,2023,completed
18740,67,313.97,2022,cancelled
18741,392,793.14,2024,cancelled
18742,418,833.54,2021,refunded
18743,134,233.90,2022,cancelled
18744,66,184.33,2020,pending
18745,370,803.58,2020,cancelled
18746,493,409.79,2024,completed
18747,91,987.68,2023,completed
18748,318,429.49,2021,completed
18749,311,401.29,2021,refunded
18750,354,977.40,2023,completed
18751,482,627.42,2023,completed
18752,302,97.85,2024,completed
18753,146,867.44,2020,completed
18754,356,432.45,2022,cancelled
18755,230,593.05,2024,completed
18756,454,57.31,2023,completed
18757,309,700.88,2020,completed
18758,257,573.60,2024,completed
18759,64,326.32,2020,completed
18760,25,487.50,2023,completed
18761,150,307.37,2021,completed
18762,459,854.67,2020,completed
18763,372,616.14,2021,completed
18764,128,392.34,2023,completed
18765,208,566.25,2020,pending
18766,265,847.88,2021,completed
18767,38,285.62,2022,cancelled
18768,74,245.94,2023,pending
18769,429,906.64,2021,cancelled
18770,280,128.55,2020,pending
18771,262,471.71,2023,pending
18772,187,125.25,2021,completed
18773,186,135.14,2024,refunded
18774,196,721.52,2024,completed
18775,400,768.68,2020,refunded
18776,232,306.64,2021,completed
18777,481,208.55,2020,refunded
18778,176,148.17,2024,completed
18779,232,329.99,2022,completed
18780,263,116.89,2020,refunded
18781,69,415.03,2021,completed
18782,258,801.19,2020,pending
18783,7,366.93,2020,pending
18784,416,583.78,2024,completed
18785,426,805.73,2024,refunded
18786,366,499.19,2020,completed
18787,389,466.34,2020,cancelled
18788,67,238.95,2020,completed
18789,297,923.27,2021,refunded
18790,387,584.02,2021,pending
18791,220,647.73,2021,completed
18792,445,811.07,2022,completed
18793,289,776.53,2020,refunded
18794,446,523.14,2021,completed
18795,212,972.92,2024,completed
18796,258,637.79,2021,refunded
18797,77,387.77,2020,completed
18798,329,491.29,2023,completed
18799,108,201.32,2022,pending
18800,172,617.05,2022,completed
18801,110,677.54,2023,completed
18802,191,907.33,2020,pending
18803,155,869.38,2023,completed
18804,427,483.63,2020,completed
18805,445,494.46,2020,completed
18806,105,376.00,2020,completed
18807,500,852.13,2021,completed
18808,201,424.84,2022,completed
18809,174,389.40,2021,pending
18810,38,435.39,2022,cancelled
18811,124,278.54,2021,completed
18812,349,574.86,2023,completed
18813,453,237.28,2024,refunded
18814,263,913.80,2021,cancelled
18815,16,820.80,2021,completed
18816,230,792.57,2020,cancelled
18817,421,845.20,2023,pending
18818,77,425.61,2020,completed
18819,333,924.05,2020,pending
18820,466,737.92,2023,pending
18821,486,902.18,2023,refunded
18822,91,537.82,2022,refunded
18823,57,686.35,2020,pending
18824,255,20.79,2023,completed
18825,78,539.81,2022,completed
18826,236,560.38,2021,completed
18827,153,582.27,2023,completed
18828,172,385.19,2024,completed
18829,408,884.70,2022,cancelled
18830,116,965.86,2020,cancelled
18831,204,670.92,2024,completed
18832,233,31.91,2023,pending
18833,289,102.69,2021,completed
18834,468,44.33,2023,refunded
18835,161,175.70,2023,completed
18836,16,137.49,2023,refunded
18837,4,520.94,2022,completed
18838,69,557.27,2024,refunded
18839,93,729.23,2020,completed
18840,430,185.34,2021,cancelled
18841,142,143.53,2024,pending
18842,361,809.65,2023,pending
18843,112,770.00,2024,refunded
18844,196,486.37,2024,completed
18845,12,382.34,2022,completed
18846,48,161.93,2020,cancelled
18847,460,401.10,2024,completed
18848,252,477.89,2024,refunded
18849,373,489.65,2022,completed
18850,149,568.66,2023,completed
18851,154,84.41,2023,cancelled
18852,315,897.58,2023,completed
18853,240,463.50,2023,cancelled
18854,100,277.34,2021,completed
18855,354,971.55,2024,cancelled
18856,210,641.69,2024,completed
18857,322,883.35,2021,cancelled
18858,155,841.74,2024,completed
18859,198,167.03,2020,cancelled
18860,145,98.43,2021,completed
18861,400,801.26,2024,cancelled
18862,140,924.80,2020,completed
18863,423,30.01,2024,completed
18864,104,121.24,2020,completed
18865,163,516.91,2023,cancelled
18866,303,868.24,2023,refunded
18867,375,846.48,2023,completed
18868,483,644.90,2022,completed
18869,175,469.41,2024,cancelled
18870,227,650.81,2022,pending
18871,178,277.89,2024,completed
18872,124,318.70,2020,pending
18873,283,187.72,2021,pending
18874,234,466.65,2021,completed
18875,293,211.08,2022,cancelled
18876,298,45.32,2022,completed
18877,337,248.57,2024,cancelled
18878,16,367.27,2022,completed
18879,479,98.03,2022,completed
18880,216,654.68,2024,completed
18881,500,118.90,2022,completed
18882,447,574.15,2021,completed
18883,486,442.19,2022,completed
18884,244,24.87,2021,completed
18885,340,462.47,2020,cancelled
18886,493,455.24,2024,cancelled
18887,330,106.59,2023,cancelled
18888,57,208.35,2024,refunded
18889,166,241.26,2023,cancelled
18890,446,147.65,2024,completed
18891,400,803.22,2021,cancelled
18892,215,26.13,2023,completed
18893,41,913.97,2022,completed
18894,113,166.32,2024,cancelled
18895,39,269.90,2023,pending
18896,421,911.06,2022,completed
18897,22,270.02,2020,refunded
18898,218,421.92,2020,cancelled
18899,370,390.21,2023,completed
18900,435,612.71,2021,refunded
18901,328,685.37,2021,completed
18902,199,419.92,2024,cancelled
18903,428,801.69,2024,refunded
18904,372,947.45,2022,completed
18905,21,296.24,2021,completed
18906,256,184.43,2020,completed
18907,435,206.92,2024,completed
18908,119,360.24,2020,completed
18909,264,885.28,2022,refunded
18910,70,98.44,2023,completed
18911,441,886.32,2020,completed
18912,276,984.89,2022,pending
18913,106,255.96,2020,pending
18914,245,77.20,2024,completed
18915,81,137.91,2024,pending
18916,72,509.02,2024,cancelled
18917,463,321.90,2024,cancelled
18918,355,307.45,2021,refunded
18919,291,782.03,2021,completed
18920,408,454.09,2022,cancelled
18921,278,579.14,2022,pending
18922,318,842.80,2022,completed
18923,162,64.65,2021,refunded
18924,310,67.34,2023,completed
18925,222,497.90,2024,completed
18926,291,921.84,2021,completed
18927,321,861.23,2022,pending
18928,435,672.36,2020,cancelled
18929,178,698.12,2022,refunded
18930,319,700.49,2023,completed
18931,247,667.22,2020,refunded
18932,154,379.25,2024,completed
18933,437,744.50,2021,completed
18934,1,708.60,2023,completed
18935,193,39.18,2022,refunded
18936,370,418.90,2021,completed
18937,418,574.01,2022,completed
18938,126,293.64,2020,refunded
18939,215,838.79,2024,pending
18940,196,856.42,2020,completed
18941,96,974.63,2024,cancelled
18942,198,258.14,2021,refunded
18943,192,48.87,2020,completed
18944,226,527.89,2022,cancelled
18945,329,653.61,2022,pending
18946,473,955.00,2024,cancelled
18947,194,907.66,2022,completed
18948,477,825.27,2023,completed
18949,73,302.20,2022,refunded
18950,382,794.00,2024,pending
18951,355,387.07,2024,completed
18952,344,816.20,2021,completed
18953,316,927.77,2021,completed
18954,362,64.44,2022,pending
18955,325,447.83,2023,pending
18956,471,133.63,2023,completed
18957,377,779.23,2021,refunded
18958,151,835.69,2023,cancelled
18959,459,753.72,2024,refunded
18960,181,579.70,2022,pending
18961,51,422.33,2020,completed
18962,230,998.29,2020,pending
18963,244,442.65,2021,pending
18964,305,725.34,2024,cancelled
18965,147,651.22,2024,completed
18966,196,504.63,2021,refunded
18967,325,779.06,2021,refunded
18968,34,550.11,2021,completed
18969,133,881.61,2023,pending
18970,367,756.35,2021,completed
18971,468,609.92,2024,completed
18972,440,473.01,2022,completed
18973,35,169.87,2023,completed
18974,151,424.78,2024,pending
18975,484,307.76,2021,cancelled
18976,95,702.56,2022,pending
18977,384,998.14,2024,completed
18978,98,784.11,2020,completed
18979,92,122.97,2022,completed
18980,22,713.54,2020,pending
18981,23,204.64,2022,cancelled
18982,39,756.04,2023,completed
18983,261,891.10,2023,cancelled
18984,237,786.19,2020,completed
18985,36,764.19,2022,completed
18986,341,735.19,2021,cancelled
18987,471,402.75,2022,cancelled
18988,182,530.36,2024,completed
18989,439,102.51,2022,cancelled
18990,402,812.22,2022,pending
18991,3,284.37,2022,completed
18992,175,332.65,2024,completed
18993,37,742.29,2021,pending
18994,411,895.55,2023,pending
18995,448,663.13,2021,pending
18996,115,483.95,2020,completed
18997,121,953.84,2021,completed
18998,36,481.39,2020,pending
18999,147,107.33,2020,cancelled
19000,253,141.27,2024,completed
19001,287,837.90,2023,refunded
19002,232,980.98,2022,refunded
19003,325,50.31,2020,completed
19004,226,930.88,2024,completed
19005,240,662.12,2022,completed
19006,492,564.83,2022,pending
19007,285,817.38,2021,cancelled
19008,477,355.53,2020,completed
19009,227,123.29,2020,completed
19010,5,338.52,2024,completed
19011,130,206.77,2023,completed
19012,131,617.28,2020,completed
19013,464,958.71,2023,refunded
19014,254,314.18,2021,completed
19015,305,288.07,2021,completed
19016,120,625.74,2024,completed
19017,330,550.09,2022,pending
19018,261,301.79,2022,cancelled
19019,470,623.45,2022,completed
19020,480,860.84,2023,completed
19021,157,152.16,2022,pending
19022,292,587.31,2024,completed
19023,340,467.52,2024,cancelled
19024,193,155.64,2022,pending
19025,327,206.88,2023,pending
19026,11,732.69,2023,completed
19027,265,554.88,2021,completed
19028,436,672.95,2020,completed
19029,413,408.07,2024,completed
19030,482,544.29,2020,refunded
19031,325,831.14,2020,cancelled
19032,166,402.73,2023,completed
19033,11,873.03,2024,pending
19034,430,65.37,2020,completed
19035,360,37.11,2022,cancelled
19036,373,177.76,2021,cancelled
19037,77,702.16,2021,pending
19038,57,444.50,2023,completed
19039,258,917.61,2021,pending
19040,375,814.24,2024,pending
19041,339,819.49,2024,completed
19042,47,497.61,2021,cancelled
19043,367,530.77,2022,refunded
19044,346,289.06,2023,pending
19045,74,447.05,2021,completed
19046,107,902.86,2021,completed
19047,145,181.45,2020,refunded
19048,315,254.07,2022,completed
19049,366,99.37,2022,pending
19050,325,567.45,2021,completed
19051,309,975.01,2021,refunded
19052,480,138.36,2024,refunded
19053,430,683.12,2024,pending
19054,382,45.37,2021,completed
19055,380,930.50,2021,completed
19056,80,71.69,2021,cancelled
19057,495,870.78,2024,cancelled
19058,167,968.36,2023,refunded
19059,388,116.90,2021,refunded
19060,158,97.54,2021,refunded
19061,443,665.47,2020,pending
19062,189,403.21,2023,completed
19063,101,915.34,2024,cancelled
19064,350,431.77,2022,completed
19065,500,194.18,2020,cancelled
19066,154,135.36,2023,completed
19067,350,164.11,2021,completed
19068,105,975.14,2021,refunded
19069,329,576.80,2022,refunded
19070,442,817.86,2024,completed
19071,102,689.70,2023,completed
19072,476,668.62,2021,completed
19073,480,369.46,2020,completed
19074,358,778.96,2020,completed
19075,344,962.89,2024,completed
19076,163,211.19,2022,completed
19077,449,106.50,2024,refunded
19078,28,716.63,2020,completed
19079,478,656.51,2022,refunded
19080,474,825.27,2022,refunded
19081,32,903.79,2022,pending
19082,190,854.77,2022,pending
19083,231,512.77,2021,refunded
19084,375,390.43,2022,completed
19085,167,617.88,2023,completed
19086,120,312.26,2024,completed
19087,387,633.85,2020,cancelled
19088,216,385.46,2023,refunded
19089,54,82.38,2023,completed
19090,356,169.91,2023,pending
19091,132,824.48,2022,completed
19092,114,766.65,2021,pending
19093,327,325.06,2020,cancelled
19094,321,893.17,2023,completed
19095,114,272.73,2023,completed
19096,183,999.31,2022,pending
19097,190,70.02,2020,pending
19098,177,351.09,2020,completed
19099,104,754.00,2024,completed
19100,373,733.63,2022,completed
19101,365,539.14,2024,pending
19102,221,409.75,2024,completed
19103,210,768.44,2022,cancelled
19104,257,432.89,2020,cancelled
19105,458,783.46,2023,refunded
19106,214,70.37,2023,cancelled
19107,13,246.93,2023,completed
19108,129,925.79,2024,cancelled
19109,386,155.27,2024,completed
19110,318,120.09,2022,refunded
19111,116,290.85,2022,completed
19112,51,125.59,2023,pending
19113,165,775.54,2023,completed
19114,332,97.92,2021,refunded
19115,56,489.18,2024,cancelled
19116,90,171.55,2024,completed
19117,451,611.27,2020,pending
19118,492,458.09,2020,completed
19119,267,244.56,2023,cancelled
19120,341,637.49,2023,pending
19121,322,304.07,2024,completed
19122,290,344.77,2024,completed
19123,86,728.51,2022,completed
19124,359,26.80,2022,cancelled
19125,363,644.58,2024,completed
19126,229,565.63,2020,completed
19127,164,159.84,2022,completed
19128,82,699.69,2024,completed
19129,250,243.12,2023,pending
19130,336,873.62,2021,refunded
19131,237,369.45,2020,completed
19132,366,559.69,2021,completed
19133,413,133.28,2021,completed
19134,10,16.18,2021,cancelled
19135,293,100.45,2023,pending
19136,305,51.41,2021,cancelled
19137,23,840.43,2020,completed
19138,25,631.13,2021,refunded
19139,418,794.43,2024,completed
19140,448,389.90,2021,completed
19141,90,184.54,2021,completed
19142,343,627.99,2023,completed
19143,22,46.86,2020,completed
19144,365,616.90,2020,completed
19145,114,250.30,2020,completed
19146,10,683.40,2021,completed
19147,345,315.67,2022,refunded
19148,149,745.30,2021,cancelled
19149,493,455.01,2022,completed
19150,416,645.33,2021,cancelled
19151,405,722.60,2024,refunded
19152,471,836.59,2021,cancelled
19153,396,342.29,2024,completed
19154,422,464.68,2021,refunded
19155,257,436.71,2023,completed
19156,249,821.90,2020,completed
19157,350,175.41,2022,cancelled
19158,406,959.02,2021,completed
19159,395,19.76,2020,refunded
19160,299,270.74,2020,pending
19161,459,482.64,2022,cancelled
19162,260,596.29,2020,pending
19163,201,420.82,2024,refunded
19164,38,656.21,2024,completed
19165,464,930.06,2022,pending
19166,10,169.20,2021,completed
19167,277,641.21,2024,completed
19168,236,286.29,2023,completed
19169,154,805.11,2021,completed
19170,365,32.10,2023,completed
19171,341,577.16,2020,pending
19172,249,102.06,2021,cancelled
19173,346,878.03,2024,completed
19174,437,167.95,2023,pending
19175,2,451.10,2022,pending
19176,41,976.70,2023,completed
19177,429,586.54,2024,cancelled
19178,407,889.41,2020,refunded
19179,77,437.21,2023,pending
19180,437,950.99,2020,pending
19181,386,839.16,2024,completed
19182,469,218.05,2022,refunded
19183,205,295.75,2020,refunded
19184,405,636.33,2021,cancelled
19185,281,526.06,2021,completed
19186,464,653.61,2020,refunded
19187,95,817.84,2022,completed
19188,174,979.14,2022,cancelled
19189,222,992.07,2024,completed
19190,146,623.65,2021,refunded
19191,454,748.12,2024,cancelled
19192,266,231.03,2020,cancelled
19193,115,204.33,2020,completed
19194,427,196.84,2023,refunded
19195,326,765.90,2021,cancelled
19196,34,209.80,2024,completed
19197,69,762.24,2021,pending
19198,86,70.04,2021,completed
19199,99,716.77,2020,completed
19200,438,829.62,2022,completed
19201,465,617.90,2024,pending
19202,314,396.32,2024,pending
19203,55,637.94,2024,completed
19204,377,390.93,2023,completed
19205,190,808.00,2022,cancelled
19206,469,313.10,2023,completed
19207,2,931.45,2020,cancelled
19208,164,669.88,2021,completed
19209,25,328.48,2020,completed
19210,428,536.51,2023,completed
19211,24,461.84,2021,pending
19212,343,279.81,2021,completed
19213,441,241.72,2023,cancelled
19214,306,31.27,2024,completed
19215,62,304.97,2020,cancelled
19216,350,486.83,2022,cancelled
19217,137,770.56,2023,pending
19218,260,359.97,2021,completed
19219,375,140.39,2023,pending
19220,248,855.94,2023,completed
19221,193,875.28,2022,completed
19222,88,572.30,2022,cancelled
19223,176,959.76,2020,refunded
19224,495,818.83,2021,completed
19225,306,739.26,2022,cancelled
19226,194,656.72,2024,completed
19227,151,502.30,2021,completed
19228,219,887.37,2020,pending
19229,66,963.42,2021,completed
19230,198,679.08,2022,completed
19231,266,889.44,2024,pending
19232,280,445.95,2024,completed
19233,73,326.85,2023,completed
19234,369,969.49,2022,refunded
19235,262,146.06,2024,completed
19236,341,836.03,2020,completed
19237,221,761.58,2020,completed
19238,415,787.47,2020,pending
19239,303,434.35,2023,cancelled
19240,493,825.01,2021,completed
19241,42,621.38,2024,pending
19242,243,387.76,2023,completed
19243,180,864.48,2021,completed
19244,390,895.56,2024,refunded
19245,237,216.51,2023,refunded
19246,26,108.21,2022,refunded
19247,171,781.82,2020,completed
19248,352,804.01,2021,completed
19249,328,881.50,2024,completed
19250,5,280.52,2022,refunded
19251,274,385.45,2021,completed
19252,185,243.13,2020,completed
19253,147,936.75,2022,cancelled
19254,89,702.37,2020,pending
19255,239,840.72,2024,completed
19256,68,805.51,2024,completed
19257,333,117.55,2020,cancelled
19258,363,506.96,2024,cancelled
19259,246,881.11,2023,pending
19260,61,304.37,2024,completed
19261,382,356.64,2023,completed
19262,6,289.62,2020,completed
19263,259,922.03,2023,completed
19264,310,386.86,2022,completed
19265,274,231.97,2020,cancelled
19266,66,377.09,2022,completed
19267,57,446.73,2021,completed
19268,319,210.55,2022,completed
19269,130,713.09,2021,refunded
19270,131,971.33,2022,completed
19271,429,861.65,2024,completed
19272,125,11.91,2020,completed
19273,321,935.62,2020,completed
19274,251,54.82,2020,completed
19275,496,577.22,2023,completed
19276,415,835.77,2020,refunded
19277,298,647.08,2020,completed
19278,200,349.19,2024,refunded
19279,44,844.60,2023,refunded
19280,436,705.12,2022,refunded
19281,154,967.77,2022,completed
19282,382,795.47,2022,pending
19283,391,483.88,2020,pending
19284,21,623.84,2022,completed
19285,405,725.34,2023,completed
19286,92,834.70,2020,completed
19287,409,487.80,2021,cancelled
19288,145,150.53,2022,pending
19289,271,414.05,2022,completed
19290,277,814.20,2024,completed
19291,4,271.45,2020,completed
19292,160,564.74,2022,pending
19293,213,569.80,2020,completed
19294,66,985.89,2020,cancelled
19295,74,265.48,2022,cancelled
19296,222,808.02,2022,refunded
19297,445,630.19,2022,completed
19298,231,696.69,2021,completed
19299,457,932.64,2021,completed
19300,430,307.70,2021,completed
19301,435,189.14,2022,completed
19302,243,146.52,2021,completed
19303,349,313.79,2020,pending
19304,468,535.24,2022,completed
19305,466,234.92,2024,completed
19306,137,826.98,2021,refunded
19307,290,251.25,2024,refunded
19308,172,316.13,2022,pending
19309,184,520.27,2021,completed
19310,193,779.80,2023,completed
19311,470,88.49,2022,completed
19312,393,35.38,2023,completed
19313,104,674.34,2024,cancelled
19314,312,254.58,2023,refunded
19315,352,699.61,2021,pending
19316,204,859.66,2024,completed
19317,304,574.75,2024,completed
19318,334,403.92,2024,completed
19319,430,777.95,2021,completed
19320,280,258.14,2020,cancelled
19321,266,910.49,2023,cancelled
19322,172,41.89,2022,completed
19323,402,279.51,2024,completed
19324,312,935.89,2022,completed
19325,408,250.63,2024,pending
19326,430,683.01,2023,completed
19327,444,594.73,2020,refunded
19328,254,384.13,2021,refunded
19329,243,213.99,2024,cancelled
19330,190,633.34,2022,completed
19331,75,105.42,2023,completed
19332,126,743.73,2024,cancelled
19333,330,512.78,2023,pending
19334,154,604.42,2022,refunded
19335,326,22.41,2023,cancelled
19336,291,599.65,2022,pending
19337,493,445.28,2024,cancelled
19338,477,786.08,2022,pending
19339,357,28.75,2020,completed
19340,95,343.68,2022,cancelled
19341,187,374.49,2021,completed
19342,317,747.39,2022,pending
19343,476,354.89,2024,cancelled
19344,309,250.84,2020,completed
19345,13,134.94,2021,refunded
19346,136,991.85,2020,pending
19347,235,719.95,2021,completed
19348,247,212.53,2024,refunded
19349,336,671.38,2022,pending
19350,76,802.25,2024,completed
19351,458,767.13,2022,cancelled
19352,90,656.77,2024,cancelled
19353,442,950.07,2023,completed
19354,182,954.77,2022,completed
19355,381,901.70,2023,completed
19356,51,740.24,2020,refunded
19357,54,851.32,2023,completed
19358,228,866.25,2022,completed
19359,57,759.50,2023,completed
19360,255,274.15,2024,completed
19361,357,976.38,2024,completed
19362,419,28.00,2023,cancelled
19363,167,716.00,2020,pending
19364,114,774.57,2024,cancelled
19365,478,219.95,2020,pending
19366,492,329.01,2021,cancelled
19367,436,469.79,2024,completed
19368,409,119.64,2024,completed
19369,103,825.82,2020,completed
19370,30,940.42,2021,completed
19371,109,975.58,2023,completed
19372,490,266.87,2020,completed
19373,146,727.52,2024,pending
19374,449,479.79,2024,pending
19375,432,383.19,2022,refunded
19376,225,422.40,2021,completed
19377,340,398.84,2021,refunded
19378,36,479.61,2023,refunded
19379,218,258.30,2024,completed
19380,344,399.19,2021,refunded
19381,27,317.40,2021,completed
19382,241,836.62,2023,completed
19383,9,136.01,2020,completed
19384,341,705.35,2023,refunded
19385,262,386.48,2020,pending
19386,426,833.49,2024,completed
19387,98,324.93,2023,completed
19388,373,398.96,2020,pending
19389,199,245.17,2021,refunded
19390,42,375.52,2022,completed
19391,45,985.19,2020,refunded
19392,13,73.70,2022,completed
19393,473,538.45,2024,completed
19394,162,665.45,2020,pending
19395,295,537.01,2021,cancelled
19396,324,677.11,2021,completed
19397,57,408.40,2022,refunded
19398,361,123.43,2022,cancelled
19399,422,257.92,2022,refunded
19400,60,486.78,2022,completed
19401,22,153.80,2022,refunded
19402,181,485.92,2021,completed
19403,244,715.98,2020,completed
19404,32,919.70,2022,completed
19405,263,179.00,2020,completed
19406,159,161.04,2023,completed
19407,252,634.86,2021,completed
19408,298,915.70,2024,completed
19409,400,251.12,2020,cancelled
19410,89,772.28,2020,cancelled
19411,397,243.22,2023,completed
19412,172,537.32,2022,pending
19413,274,453.71,2022,completed
19414,77,873.89,2020,refunded
19415,78,720.17,2020,completed
19416,120,521.12,2021,pending
19417,294,624.84,2022,pending
19418,406,69.61,2021,completed
19419,127,209.33,2022,completed
19420,467,95.95,2021,completed
19421,436,908.50,2022,completed
19422,453,910.72,2021,refunded
19423,465,930.07,2020,pending
19424,59,894.99,2020,completed
19425,46,984.20,2022,cancelled
19426,483,816.97,2024,completed
19427,12,631.79,2022,completed
19428,275,300.42,2024,pending
19429,390,495.99,2024,completed
19430,325,372.13,2023,refunded
19431,481,437.44,2021,completed
19432,456,867.84,2021,cancelled
19433,17,115.87,2021,cancelled
19434,29,118.85,2023,completed
19435,35,216.11,2021,pending
19436,491,515.07,2024,completed
19437,55,12.96,2022,pending
19438,496,351.10,2020,completed
19439,329,777.74,2022,completed
19440,163,968.81,2023,cancelled
19441,470,126.02,2022,completed
19442,244,93.79,2024,completed
19443,332,923.81,2024,cancelled
19444,139,369.92,2023,pending
19445,218,104.38,2020,completed
19446,37,931.80,2024,refunded
19447,69,366.38,2022,cancelled
19448,179,422.66,2021,completed
19449,391,51.75,2024,completed
19450,1,374.92,2023,completed
19451,420,296.84,2021,pending
19452,454,598.54,2020,refunded
19453,345,77.44,2022,pending
19454,477,499.97,2020,completed
19455,227,946.22,2022,pending
19456,313,75.06,2024,cancelled
19457,400,76.61,2020,cancelled
19458,293,294.02,2023,cancelled
19459,331,788.24,2022,completed
19460,410,320.79,2024,pending
19461,425,192.01,2022,refunded
19462,46,76.69,2021,completed
19463,126,494.08,2024,pending
19464,303,876.55,2021,cancelled
19465,280,752.68,2024,refunded
19466,87,89.37,2023,refunded
19467,190,395.91,2022,refunded
19468,404,936.02,2023,refunded
19469,95,427.03,2021,completed
19470,370,496.96,2020,completed
19471,100,39.66,2024,refunded
19472,74,846.57,2023,completed
19473,63,144.90,2023,completed
19474,259,531.33,2020,completed
19475,202,645.09,2023,cancelled
19476,488,894.34,2020,completed
19477,183,242.18,2022,completed
19478,244,632.73,2021,completed
19479,52,383.69,2021,completed
19480,479,225.28,2023,completed
19481,44,65.73,2020,completed
19482,157,522.00,2020,completed
19483,206,889.33,2020,completed
19484,222,935.55,2024,cancelled
19485,458,337.08,2024,pending
19486,110,697.34,2021,pending
19487,149,328.13,2024,completed
19488,204,121.33,2023,completed
19489,475,111.63,2021,completed
19490,308,880.94,2024,cancelled
19491,70,477.01,2023,cancelled
19492,113,258.70,2021,cancelled
19493,9,790.79,2021,cancelled
19494,246,327.45,2020,pending
19495,217,666.69,2020,completed
19496,299,744.35,2023,completed
19497,414,199.12,2023,refunded
19498,392,705.14,2020,completed
19499,133,690.46,2020,completed
19500,83,879.61,2020,completed
19501,356,523.52,2022,completed
19502,192,973.45,2021,cancelled
19503,328,336.38,2024,completed
19504,463,260.75,2022,cancelled
19505,295,315.52,2022,cancelled
19506,284,811.94,2024,completed
19507,211,555.48,2021,completed
19508,489,344.37,2020,completed
19509,122,79.41,2020,completed
19510,138,354.60,2023,pending
19511,238,227.98,2023,completed
19512,89,358.71,2024,pending
19513,189,549.26,2021,completed
19514,208,57.83,2021,refunded
19515,50,928.21,2023,cancelled
19516,67,104.87,2024,refunded
19517,466,866.39,2023,completed
19518,123,829.59,2020,pending
19519,261,232.61,2021,completed
19520,261,858.47,2023,completed
19521,206,196.98,2020,cancelled
19522,165,231.15,2021,completed
19523,108,263.29,2022,completed
19524,431,50.90,2022,completed
19525,293,832.35,2022,completed
19526,274,156.73,2023,completed
19527,93,488.01,2022,completed
19528,428,309.32,2023,refunded
19529,211,113.66,2022,completed
19530,349,150.46,2021,cancelled
19531,488,242.40,2021,completed
19532,389,762.59,2024,cancelled
19533,349,157.76,2021,completed
19534,398,627.42,2023,refunded
19535,28,470.16,2023,pending
19536,249,343.91,2020,completed
19537,63,162.04,2021,completed
19538,383,948.92,2022,completed
19539,158,753.98,2023,cancelled
19540,247,747.32,2021,completed
19541,323,357.28,2022,completed
19542,365,396.00,2024,pending
19543,26,686.15,2022,cancelled
19544,168,487.61,2022,pending
19545,493,58.75,2022,refunded
19546,117,697.81,2022,completed
19547,278,853.25,2020,refunded
19548,37,344.11,2020,refunded
19549,155,187.17,2022,completed
19550,275,370.10,2020,pending
19551,79,742.14,2020,cancelled
19552,89,103.54,2024,refunded
19553,338,950.45,2024,pending
19554,253,330.91,2022,completed
19555,52,191.54,2020,completed
19556,244,768.00,2024,refunded
19557,285,225.61,2020,pending
19558,163,991.44,2023,completed
19559,31,378.56,2020,pending
19560,8,304.13,2020,refunded
19561,380,570.85,2022,completed
19562,268,68.88,2023,completed
19563,441,440.54,2024,pending
19564,97,935.23,2020,completed
19565,398,707.76,2023,completed
19566,127,791.64,2024,cancelled
19567,427,773.19,2022,pending
19568,11,29.48,2024,completed
19569,389,521.51,2020,cancelled
19570,221,624.21,2021,pending
19571,367,204.20,2020,completed
19572,408,71.58,2020,cancelled
19573,361,938.87,2020,completed
19574,400,952.85,2022,pending
19575,323,635.04,2023,pending
19576,216,254.51,2024,completed
19577,483,638.59,2020,cancelled
19578,330,690.55,2023,completed
19579,82,241.34,2020,completed
19580,39,419.79,2021,refunded
19581,437,734.77,2024,completed
19582,472,724.11,2020,completed
19583,492,614.55,2024,completed
19584,433,160.88,2024,refunded
19585,247,723.14,2024,refunded
19586,133,415.34,2023,completed
19587,327,314.40,2024,completed
19588,159,856.56,2024,cancelled
19589,219,454.92,2020,completed
19590,402,700.22,2023,pending
19591,185,575.23,2021,cancelled
19592,152,382.88,2023,pending
19593,374,769.95,2022,cancelled
19594,498,15.09,2023,completed
19595,265,99.40,2023,completed
19596,352,925.84,2022,refunded
19597,240,825.40,2021,refunded
19598,16,715.14,2022,cancelled
19599,223,834.18,2024,completed
19600,74,311.41,2023,completed
19601,316,984.80,2021,cancelled
19602,453,470.51,2022,refunded
19603,54,244.98,2021,completed
19604,467,294.14,2022,cancelled
19605,127,449.03,2020,completed
19606,195,488.36,2021,refunded
19607,11,897.71,2023,completed
19608,103,418.91,2021,refunded
19609,54,617.26,2023,cancelled
19610,372,454.05,2024,refunded
19611,419,384.86,2022,completed
19612,260,371.08,2021,pending
19613,489,950.02,2024,pending
19614,314,772.74,2023,cancelled
19615,313,904.28,2024,cancelled
19616,107,712.03,2023,completed
19617,310,350.79,2022,completed
19618,430,75.24,2020,completed
19619,45,847.18,2023,completed
19620,315,664.90,2023,completed
19621,54,986.48,2023,pending
19622,103,450.68,2024,pending
19623,454,10.04,2022,pending
19624,188,213.00,2022,completed
19625,166,780.59,2022,pending
19626,131,951.34,2023,refunded
19627,205,140.66,2020,refunded
19628,113,256.97,2020,refunded
19629,462,805.38,2022,completed
19630,387,461.25,2024,cancelled
19631,213,749.06,2024,completed
19632,260,431.88,2024,pending
19633,362,326.74,2020,completed
19634,466,519.15,2022,completed
19635,372,964.33,2022,completed
19636,283,722.80,2023,pending
19637,244,821.32,2022,pending
19638,110,952.22,2024,refunded
19639,35,157.06,2020,completed
19640,153,230.11,2020,completed
19641,383,562.40,2023,completed
19642,258,424.13,2023,completed
19643,470,29.77,2023,refunded
19644,397,355.88,2020,pending
19645,111,931.55,2023,pending
19646,372,81.91,2023,pending
19647,364,556.07,2023,cancelled
19648,390,759.65,2020,pending
19649,345,142.88,2021,completed
19650,121,875.45,2023,refunded
19651,472,124.43,2020,refunded
19652,466,934.41,2021,refunded
19653,279,828.25,2023,cancelled
19654,292,318.45,2022,refunded
19655,439,921.79,2021,completed
19656,260,127.12,2023,completed
19657,242,425.16,2024,pending
19658,483,972.87,2022,completed
19659,124,135.15,2024,cancelled
19660,400,920.93,2020,completed
19661,405,435.67,2021,completed
19662,306,175.38,2022,completed
19663,92,810.83,2022,refunded
19664,310,52.86,2020,completed
19665,318,734.60,2023,completed
19666,407,466.77,2023,refunded
19667,244,635.95,2020,cancelled
19668,272,684.32,2020,cancelled
19669,274,292.29,2023,completed
19670,487,826.87,2020,completed
19671,141,825.83,2023,cancelled
19672,91,128.90,2024,completed
19673,305,601.31,2023,completed
19674,13,131.18,2020,cancelled
19675,435,189.74,2024,completed
19676,407,46.48,2023,pending
19677,239,827.31,2020,refunded
19678,451,899.37,2023,pending
19679,367,516.93,2020,pending
19680,478,724.17,2022,pending
19681,460,132.96,2020,cancelled
19682,133,578.15,2023,refunded
19683,73,899.21,2024,refunded
19684,356,614.87,2023,pending
19685,369,361.43,2022,completed
19686,99,397.87,2024,completed
19687,101,492.73,2024,completed
19688,301,178.83,2020,completed
19689,127,331.48,2020,refunded
19690,41,782.92,2020,completed
19691,66,209.16,2024,pending
19692,217,154.94,2022,refunded
19693,264,888.03,2023,completed
19694,434,663.30,2024,cancelled
19695,356,800.67,2021,pending
19696,316,939.60,2021,completed
19697,164,928.10,2023,refunded
19698,277,579.27,2021,cancelled
19699,245,605.68,2022,completed
19700,108,574.82,2020,completed
19701,272,677.80,2021,refunded
19702,107,898.02,2020,completed
19703,283,967.25,2024,completed
19704,187,852.87,2024,completed
19705,91,505.02,2021,completed
19706,433,356.60,2022,cancelled
19707,21,31.91,2021,refunded
19708,130,578.16,2020,completed
19709,150,375.61,2024,completed
19710,291,337.58,2023,refunded
19711,277,74.19,2023,cancelled
19712,107,50.11,2024,pending
19713,457,904.25,2021,refunded
19714,320,429.05,2020,pending
19715,293,678.13,2021,pending
19716,326,254.17,2020,completed
19717,370,324.93,2020,refunded
19718,223,267.77,2023,completed
19719,466,867.12,2024,refunded
19720,435,658.71,2024,cancelled
19721,498,883.28,2022,completed
19722,374,48.41,2020,completed
19723,428,265.36,2022,completed
19724,36,875.79,2024,pending
19725,210,723.20,2024,cancelled
19726,128,353.48,2024,completed
19727,479,929.84,2021,completed
19728,213,247.55,2024,completed
19729,491,683.06,2020,completed
19730,299,176.21,2022,pending
19731,427,990.07,2023,completed
19732,159,751.71,2024,pending
19733,196,923.78,2020,completed
19734,299,607.16,2021,refunded
19735,150,753.15,2020,completed
19736,190,645.29,2022,completed
19737,208,688.80,2024,refunded
19738,194,114.69,2021,completed
19739,265,18.32,2021,refunded
19740,338,614.11,2024,completed
19741,243,600.52,2021,completed
19742,151,845.86,2023,pending
19743,132,537.88,2023,completed
19744,491,703.10,2022,cancelled
19745,365,172.32,2023,refunded
19746,295,117.67,2021,completed
19747,327,185.24,2024,refunded
19748,163,448.04,2024,completed
19749,288,126.97,2024,completed
19750,143,81.46,2023,completed
19751,358,765.14,2021,completed
19752,164,233.80,2024,pending
19753,462,601.80,2022,completed
19754,140,790.04,2024,completed
19755,152,431.76,2021,cancelled
19756,398,701.99,2023,completed
19757,177,542.04,2023,completed
19758,233,410.97,2020,cancelled
19759,158,882.64,2020,completed
19760,28,891.83,2023,refunded
19761,146,516.48,2022,completed
19762,113,584.90,2021,completed
19763,326,451.38,2024,completed
19764,70,965.80,2020,cancelled
19765,338,994.26,2021,refunded
19766,35,545.12,2023,refunded
19767,114,173.73,2020,refunded
19768,397,804.14,2020,cancelled
19769,484,313.27,2024,pending
19770,49,486.56,2023,cancelled
19771,231,173.82,2020,refunded
19772,430,730.12,2021,completed
19773,489,49.15,2024,refunded
19774,290,827.48,2023,pending
19775,140,241.54,2024,completed
19776,103,685.04,2022,refunded
19777,118,946.87,2022,completed
19778,370,857.56,2022,completed
19779,332,43.49,2021,completed
19780,500,14.84,2024,refunded
19781,425,393.62,2020,completed
19782,440,285.39,2021,completed
19783,15,629.61,2020,completed
19784,52,273.99,2020,pending
19785,71,876.72,2022,completed
19786,378,772.82,2022,completed
19787,247,910.03,2024,refunded
19788,498,710.57,2022,completed
19789,261,499.00,2021,refunded
19790,203,501.32,2022,completed
19791,9,408.52,2022,completed
19792,410,174.30,2022,completed
19793,4,801.64,2023,pending
19794,198,985.49,2022,cancelled
19795,443,268.50,2023,completed
19796,232,938.38,2023,completed
19797,95,515.88,2020,cancelled
19798,248,237.01,2020,completed
19799,479,565.29,2023,cancelled
19800,172,496.88,2024,completed
19801,375,348.54,2021,completed
19802,337,720.41,2023,completed
19803,72,248.87,2024,refunded
19804,210,113.23,2024,completed
19805,265,621.05,2020,completed
19806,373,268.05,2023,refunded
19807,438,68.90,2020,completed
19808,275,432.91,2023,pending
19809,2,574.00,2023,completed
19810,172,493.47,2020,pending
19811,475,500.46,2020,completed
19812,304,952.36,2023,pending
19813,477,230.40,2020,refunded
19814,222,921.62,2023,completed
19815,267,512.21,2022,refunded
19816,148,259.28,2022,cancelled
19817,241,270.72,2021,completed
19818,65,381.22,2024,pending
19819,206,869.78,2024,pending
19820,126,71.08,2021,completed
19821,276,873.40,2022,completed
19822,28,213.30,2021,completed
19823,182,53.86,2022,completed
19824,290,451.56,2021,completed
19825,211,73.25,2024,cancelled
19826,1,718.03,2022,completed
19827,368,363.82,2023,completed
19828,135,480.08,2023,cancelled
19829,166,680.53,2021,cancelled
19830,440,298.17,2021,completed
19831,401,973.19,2022,completed
19832,476,549.07,2022,cancelled
19833,357,749.92,2024,completed
19834,148,854.44,2023,pending
19835,224,419.11,2022,cancelled
19836,319,773.89,2021,completed
19837,281,650.32,2022,refunded
19838,315,854.48,2024,pending
19839,256,985.18,2022,completed
19840,197,669.03,2023,completed
19841,438,866.61,2021,cancelled
19842,94,590.50,2023,completed
19843,458,754.34,2024,completed
19844,411,908.47,2022,refunded
19845,94,67.25,2024,completed
19846,317,761.04,2020,completed
19847,413,115.25,2020,pending
19848,265,794.86,2021,refunded
19849,350,775.59,2023,completed
19850,273,575.20,2021,cancelled
19851,256,934.23,2020,cancelled
19852,156,395.57,2020,completed
19853,343,362.75,2024,completed
19854,10,37.75,2020,refunded
19855,303,96.54,2024,completed
19856,455,964.74,2020,completed
19857,67,441.98,2020,cancelled
19858,237,95.69,2022,completed
19859,119,819.23,2024,completed
19860,469,917.74,2023,cancelled
19861,173,627.21,2022,cancelled
19862,141,232.03,2021,completed
19863,119,192.22,2024,completed
19864,383,297.41,2020,refunded
19865,58,680.13,2023,cancelled
19866,202,269.43,2020,cancelled
19867,421,638.46,2022,completed
19868,34,701.03,2021,completed
19869,226,691.57,2022,completed
19870,229,149.98,2022,completed
19871,108,130.04,2022,completed
19872,171,127.98,2022,completed
19873,315,28.25,2021,completed
19874,296,571.34,2022,completed
19875,243,305.38,2021,completed
19876,184,745.47,2022,completed
19877,352,166.56,2023,completed
19878,27,698.20,2021,cancelled
19879,265,90.14,2023,refunded
19880,367,454.38,2022,completed
19881,3,575.82,2020,refunded
19882,106,769.64,2024,cancelled
19883,72,952.58,2024,cancelled
19884,224,73.95,2024,refunded
19885,49,784.60,2024,completed
19886,14,831.60,2021,completed
19887,11,89.24,2020,completed
19888,377,696.98,2020,pending
19889,442,279.31,2020,cancelled
19890,303,508.68,2024,refunded
19891,204,150.73,2023,cancelled
19892,87,147.27,2021,cancelled
19893,494,660.87,2020,pending
19894,10,54.05,2024,pending
19895,105,934.53,2021,completed
19896,427,997.48,2021,refunded
19897,76,259.26,2023,refunded
19898,184,357.93,2022,cancelled
19899,117,378.74,2021,cancelled
19900,283,293.01,2023,completed
19901,217,753.68,2022,completed
19902,13,744.71,2023,pending
19903,174,805.49,2022,cancelled
19904,259,67.13,2022,completed
19905,254,417.03,2022,pending
19906,490,469.08,2023,completed
19907,142,984.93,2024,refunded
19908,315,445.27,2022,pending
19909,11,697.47,2024,cancelled
19910,277,468.18,2021,cancelled
19911,436,47.44,2020,cancelled
19912,291,961.23,2024,completed
19913,434,949.82,2022,completed
19914,130,316.44,2024,refunded
19915,193,588.92,2024,completed
19916,404,679.09,2021,completed
19917,245,473.59,2022,refunded
19918,155,717.65,2020,pending
19919,41,863.30,2022,cancelled
19920,9,660.14,2022,completed
19921,347,241.57,2023,pending
19922,230,181.79,2020,pending
19923,52,566.27,2024,completed
19924,181,152.32,2020,completed
19925,355,579.56,2024,refunded
19926,402,395.30,2023,cancelled
19927,353,183.87,2021,completed
19928,453,695.19,2023,completed
19929,149,123.64,2021,refunded
19930,421,165.70,2023,refunded
19931,375,563.58,2023,refunded
19932,47,540.28,2024,completed
19933,388,729.28,2023,pending
19934,382,342.68,2021,pending
19935,157,700.95,2020,cancelled
19936,292,865.43,2023,pending
19937,101,363.33,2024,completed
19938,161,623.40,2024,pending
19939,118,523.03,2024,refunded
19940,433,964.94,2023,completed
19941,85,672.14,2024,cancelled
19942,91,51.02,2023,pending
19943,178,703.86,2024,cancelled
19944,306,581.44,2022,cancelled
19945,440,211.80,2020,completed
19946,306,244.41,2024,completed
19947,156,996.00,2023,refunded
19948,187,665.49,2024,completed
19949,133,961.34,2021,completed
19950,9,49.65,2020,completed
19951,382,150.93,2020,refunded
19952,453,459.62,2021,refunded
19953,29,111.51,2021,completed
19954,81,985.20,2021,completed
19955,161,434.99,2021,pending
19956,457,755.43,2021,completed
19957,449,227.79,2021,pending
19958,277,681.61,2024,completed
19959,224,129.14,2021,completed
19960,292,513.80,2024,refunded
19961,181,940.03,2020,cancelled
19962,478,337.41,2020,refunded
19963,389,487.75,2021,completed
19964,380,216.36,2021,completed
19965,53,184.98,2020,completed
19966,383,16.64,2023,cancelled
19967,458,194.40,2023,completed
19968,463,435.32,2020,completed
19969,67,20.86,2021,completed
19970,490,31.28,2022,completed
19971,349,314.46,2022,cancelled
19972,471,174.13,2020,cancelled
19973,473,12.84,2020,completed
19974,220,102.45,2024,completed
19975,377,936.93,2020,completed
19976,244,49.29,2024,completed
19977,123,710.23,2021,completed
19978,33,778.18,2022,completed
19979,68,511.63,2022,cancelled
19980,226,131.56,2022,completed
19981,498,68.53,2020,completed
19982,175,901.20,2020,cancelled
19983,186,67.79,2021,completed
19984,199,825.06,2020,completed
19985,457,359.32,2022,refunded
19986,357,767.18,2023,completed
19987,320,431.16,2022,completed
19988,446,565.33,2024,completed
19989,447,174.21,2024,pending
19990,314,218.64,2022,completed
19991,27,29.55,2022,pending
19992,420,75.85,2021,completed
19993,314,117.11,2021,cancelled
19994,275,304.44,2021,completed
19995,352,54.11,2024,refunded
19996,193,93.73,2021,cancelled
19997,91,183.88,2023,completed
19998,338,267.90,2023,refunded
19999,395,254.07,2020,completed
20000,254,748.33,2022,completed
20001,407,475.61,2024,cancelled
20002,110,885.00,2024,refunded
20003,297,179.20,2021,cancelled
20004,279,309.22,2021,completed
20005,300,541.77,2023,refunded
20006,296,157.60,2024,refunded
20007,417,583.87,2024,completed
20008,398,281.83,2023,pending
20009,254,819.01,2024,refunded
20010,109,918.99,2020,completed
20011,262,563.48,2024,completed
20012,464,156.94,2023,refunded
20013,116,854.59,2020,pending
20014,433,281.09,2023,completed
20015,340,698.45,2021,pending
20016,108,927.37,2022,refunded
20017,130,383.15,2024,completed
20018,435,429.89,2020,refunded
20019,138,968.84,2024,completed
20020,491,482.33,2023,completed
20021,97,838.39,2023,completed
20022,298,31.66,2020,completed
20023,361,462.43,2020,completed
20024,115,223.47,2024,completed
20025,420,96.33,2021,pending
20026,349,747.33,2021,refunded
20027,466,682.79,2020,completed
20028,291,870.87,2024,completed
20029,129,645.55,2024,completed
20030,481,268.10,2020,completed
20031,443,60.02,2024,pending
20032,38,212.44,2020,pending
20033,173,466.95,2024,refunded
20034,77,347.68,2023,cancelled
20035,469,644.69,2020,completed
20036,2,373.10,2020,cancelled
20037,345,468.44,2024,completed
20038,104,83.06,2023,completed
20039,6,603.70,2021,refunded
20040,345,499.51,2020,completed
20041,381,711.58,2024,refunded
20042,405,248.65,2024,completed
20043,465,573.54,2021,pending
20044,162,261.31,2024,completed
20045,277,445.29,2023,refunded
20046,227,97.75,2023,pending
20047,27,491.03,2023,cancelled
20048,72,745.03,2023,pending
20049,63,193.53,2024,completed
20050,328,854.61,2023,completed
20051,259,864.52,2021,refunded
20052,191,829.83,2024,pending
20053,153,502.67,2021,completed
20054,357,693.16,2024,cancelled
20055,80,195.00,2020,completed
20056,142,637.96,2022,completed
20057,174,85.73,2021,cancelled
20058,21,134.30,2021,cancelled
20059,186,630.45,2024,pending
20060,351,106.59,2022,refunded
20061,76,346.15,2022,completed
20062,371,646.66,2024,cancelled
20063,90,519.55,2023,completed
20064,224,495.29,2023,completed
20065,387,242.43,2024,pending
20066,331,637.98,2021,completed
20067,416,176.35,2021,completed
20068,446,496.42,2020,completed
20069,315,539.16,2023,refunded
20070,96,463.94,2021,completed
20071,382,187.41,2024,completed
20072,53,665.16,2020,pending
20073,158,307.06,2024,completed
20074,381,739.34,2021,completed
20075,430,10.17,2021,refunded
20076,282,951.82,2022,completed
20077,373,506.85,2021,cancelled
20078,189,245.21,2020,pending
20079,262,555.47,2022,completed
20080,488,329.93,2023,cancelled
20081,159,148.47,2020,cancelled
20082,184,913.08,2024,completed
20083,93,925.45,2024,cancelled
20084,27,851.16,2020,refunded
20085,111,701.32,2022,pending
20086,130,318.29,2024,pending
20087,61,947.55,2021,refunded
20088,66,409.49,2024,completed
20089,153,493.94,2024,completed
20090,345,909.97,2023,pending
20091,30,784.24,2020,completed
20092,381,857.25,2022,completed
20093,210,520.32,2022,pending
20094,407,394.02,2020,completed
20095,170,123.40,2021,completed
20096,82,281.45,2023,completed
20097,312,494.26,2024,cancelled
20098,493,374.18,2021,pending
20099,280,308.84,2023,pending
20100,8,679.67,2021,pending
20101,7,704.48,2023,completed
20102,344,616.34,2021,completed
20103,410,732.56,2022,cancelled
20104,135,521.77,2024,completed
20105,69,931.80,2024,refunded
20106,240,22.99,2024,refunded
20107,64,709.43,2022,completed
20108,148,884.30,2021,completed
20109,155,128.16,2022,completed
20110,215,350.70,2023,refunded
20111,113,460.35,2024,completed
20112,304,662.22,2021,completed
20113,196,65.72,2022,pending
20114,267,559.28,2021,pending
20115,94,915.31,2020,pending
20116,398,642.22,2021,refunded
20117,6,964.69,2024,refunded
20118,141,740.74,2023,cancelled
20119,185,917.10,2023,pending
20120,482,779.42,2021,completed
20121,174,25.30,2021,cancelled
20122,243,188.38,2023,completed
20123,299,754.34,2021,refunded
20124,40,872.41,2020,refunded
20125,310,587.15,2024,completed
20126,315,918.34,2021,cancelled
20127,177,99.18,2024,completed
20128,196,709.91,2023,completed
20129,50,653.62,2024,cancelled
20130,231,808.07,2022,refunded
20131,2,560.45,2020,pending
20132,9,809.39,2021,completed
20133,238,271.30,2022,cancelled
20134,162,42.54,2023,completed
20135,353,409.24,2022,cancelled
20136,63,189.45,2020,pending
20137,16,771.88,2022,completed
20138,354,117.85,2021,completed
20139,6,934.48,2023,completed
20140,432,233.69,2024,completed
20141,234,875.27,2022,completed
20142,163,254.60,2022,refunded
20143,426,378.70,2020,completed
20144,61,654.61,2021,completed
20145,188,933.98,2020,completed
20146,193,243.20,2023,refunded
20147,231,41.71,2022,cancelled
20148,450,491.84,2023,refunded
20149,180,471.58,2024,completed
20150,222,584.28,2024,refunded
20151,417,615.25,2020,refunded
20152,78,302.11,2020,completed
20153,492,485.41,2021,completed
20154,287,598.63,2023,pending
20155,190,232.76,2020,pending
20156,224,973.29,2020,pending
20157,169,614.86,2024,completed
20158,433,888.58,2023,cancelled
20159,345,332.30,2021,cancelled
20160,178,745.12,2020,completed
20161,31,371.53,2020,completed
20162,320,899.34,2022,cancelled
20163,150,206.53,2024,completed
20164,31,668.00,2024,completed
20165,52,61.79,2020,completed
20166,15,974.78,2024,cancelled
20167,59,28.23,2023,refunded
20168,193,795.38,2021,completed
20169,436,671.21,2024,completed
20170,185,977.28,2023,pending
20171,303,70.31,2023,completed
20172,390,898.10,2023,pending
20173,354,634.43,2022,completed
20174,40,797.96,2021,pending
20175,328,551.27,2024,cancelled
20176,168,322.40,2021,pending
20177,159,514.47,2024,refunded
20178,425,113.68,2024,cancelled
20179,456,490.62,2020,completed
20180,247,232.60,2023,pending
20181,437,359.98,2020,completed
20182,388,499.99,2021,refunded
20183,104,618.55,2020,completed
20184,27,624.13,2021,cancelled
20185,353,927.84,2020,completed
20186,494,492.70,2022,pending
20187,49,462.13,2023,completed
20188,456,965.10,2024,completed
20189,153,249.96,2022,completed
20190,46,292.27,2023,completed
20191,201,239.29,2023,completed
20192,120,129.89,2024,cancelled
20193,408,256.72,2020,completed
20194,104,406.23,2023,pending
20195,343,871.66,2020,completed
20196,180,91.59,2023,pending
20197,131,436.13,2024,completed
20198,166,679.34,2022,refunded
20199,298,173.88,2022,completed
20200,179,227.29,2020,pending
20201,286,667.50,2021,cancelled
20202,87,714.15,2023,refunded
20203,230,559.14,2023,cancelled
20204,157,80.98,2023,cancelled
20205,465,760.28,2024,pending
20206,257,748.73,2024,refunded
20207,346,623.23,2022,completed
20208,262,431.69,2023,pending
20209,468,417.39,2020,completed
20210,38,77.82,2023,cancelled
20211,378,850.81,2023,pending
20212,387,672.74,2022,cancelled
20213,320,658.34,2022,pending
20214,357,505.45,2022,completed
20215,335,594.82,2021,completed
20216,272,36.38,2022,cancelled
20217,54,667.23,2021,cancelled
20218,490,892.29,2024,pending
20219,319,941.70,2023,completed
20220,414,392.22,2022,cancelled
20221,336,248.29,2020,completed
20222,484,770.92,2020,completed
20223,387,350.24,2020,refunded
20224,480,140.92,2020,refunded
20225,254,829.36,2024,cancelled
20226,49,594.50,2023,cancelled
20227,308,827.72,2022,completed
20228,477,615.65,2021,pending
20229,90,492.56,2021,completed
20230,332,142.97,2023,pending
20231,242,271.16,2024,refunded
20232,22,517.84,2021,pending
20233,438,171.81,2024,completed
20234,38,885.11,2024,completed
20235,93,120.14,2022,cancelled
20236,171,739.86,2020,cancelled
20237,405,604.48,2020,cancelled
20238,494,58.76,2021,completed
20239,364,143.84,2022,refunded
20240,25,260.81,2022,completed
20241,462,710.43,2022,completed
20242,334,754.05,2022,refunded
20243,124,585.31,2023,cancelled
20244,36,518.79,2024,completed
20245,78,218.14,2022,refunded
20246,458,624.17,2022,completed
20247,374,350.00,2021,cancelled
20248,84,557.67,2020,completed
20249,491,465.59,2021,completed
20250,289,773.42,2023,refunded
20251,466,606.59,2022,completed
20252,30,792.92,2020,cancelled
20253,307,586.06,2024,completed
20254,437,500.25,2024,completed
20255,161,904.53,2020,pending
20256,151,936.34,2024,completed
20257,470,69.26,2020,completed
20258,209,491.13,2022,pending
20259,257,57.38,2020,completed
20260,186,547.78,2024,pending
20261,155,922.85,2024,completed
20262,68,178.07,2023,cancelled
20263,167,381.03,2023,refunded
20264,52,813.07,2021,completed
20265,381,209.69,2022,pending
20266,460,767.12,2024,pending
20267,234,275.94,2023,completed
20268,175,784.24,2020,refunded
20269,168,823.30,2024,pending
20270,482,534.95,2021,refunded
20271,487,554.81,2024,completed
20272,319,823.24,2024,completed
20273,478,943.60,2023,pending
20274,232,566.02,2024,pending
20275,370,767.93,2020,pending
20276,62,963.48,2024,cancelled
20277,439,35.78,2023,completed
20278,125,449.55,2022,refunded
20279,92,967.53,2023,completed
20280,321,627.23,2024,pending
20281,182,820.62,2021,completed
20282,92,650.33,2020,pending
20283,139,953.23,2022,cancelled
20284,350,625.81,2020,pending
20285,394,424.70,2024,pending
20286,170,910.58,2020,completed
20287,372,405.27,2020,cancelled
20288,316,124.14,2022,refunded
20289,379,906.41,2020,completed
20290,237,722.38,2024,pending
20291,138,147.41,2021,refunded
20292,425,394.33,2021,completed
20293,275,238.92,2021,refunded
20294,379,223.77,2020,completed
20295,158,551.21,2024,completed
20296,367,619.30,2023,completed
20297,486,768.40,2024,refunded
20298,285,399.49,2024,cancelled
20299,449,542.31,2021,pending
20300,342,892.93,2020,completed
20301,252,512.06,2022,pending
20302,353,440.18,2022,pending
20303,154,957.83,2021,completed
20304,396,129.38,2020,pending
20305,262,579.91,2024,completed
20306,283,303.55,2022,completed
20307,168,33.96,2023,pending
20308,183,904.47,2024,completed
20309,146,293.31,2023,completed
20310,311,549.66,2022,completed
20311,172,75.84,2024,completed
20312,195,786.02,2020,pending
20313,174,775.19,2024,pending
20314,69,558.65,2020,completed
20315,319,880.35,2023,completed
20316,289,150.03,2020,completed
20317,328,277.52,2024,refunded
20318,87,251.62,2020,pending
20319,242,638.77,2022,refunded
20320,35,181.18,2023,refunded
20321,163,193.07,2022,pending
20322,281,238.61,2023,completed
20323,8,82.35,2023,pending
20324,349,859.48,2022,completed
20325,159,787.99,2023,refunded
20326,178,158.06,2022,cancelled
20327,185,24.37,2024,pending
20328,395,936.85,2023,completed
20329,402,807.82,2024,completed
20330,331,747.73,2023,completed
20331,363,335.64,2021,refunded
20332,220,792.45,2021,pending
20333,304,366.73,2023,cancelled
20334,234,277.81,2022,refunded
20335,466,607.75,2021,completed
20336,323,367.50,2020,cancelled
20337,172,589.83,2020,cancelled
20338,144,788.65,2023,cancelled
20339,45,320.18,2024,pending
20340,380,615.39,2023,refunded
20341,439,354.36,2024,refunded
20342,477,939.57,2024,refunded
20343,93,198.17,2020,completed
20344,39,968.56,2023,refunded
20345,217,468.57,2021,refunded
20346,140,650.77,2022,completed
20347,210,617.41,2024,completed
20348,177,103.02,2024,cancelled
20349,55,366.42,2021,refunded
20350,96,726.68,2020,completed
20351,48,948.53,2022,refunded
20352,375,61.79,2020,refunded
20353,393,277.88,2021,refunded
20354,117,10.55,2022,cancelled
20355,137,578.67,2024,refunded
20356,382,108.91,2021,pending
20357,111,605.47,2024,completed
20358,343,653.98,2022,completed
20359,8,917.76,2022,pending
20360,43,754.43,2022,cancelled
20361,186,58.27,2023,pending
20362,496,352.00,2022,completed
20363,14,722.87,2024,pending
20364,101,930.59,2022,completed
20365,224,292.76,2022,cancelled
20366,440,431.21,2024,refunded
20367,22,142.27,2020,pending
20368,367,995.89,2024,completed
20369,360,96.75,2020,refunded
20370,197,893.84,2020,cancelled
20371,401,815.11,2022,completed
20372,477,827.72,2021,cancelled
20373,118,724.28,2024,completed
20374,253,543.89,2024,refunded
20375,238,771.88,2023,completed
20376,137,318.27,2024,completed
20377,144,967.19,2022,cancelled
20378,132,585.50,2022,completed
20379,192,649.09,2023,completed
20380,398,86.91,2020,pending
20381,349,496.93,2024,refunded
20382,370,478.08,2022,completed
20383,34,848.01,2022,completed
20384,125,884.84,2020,completed
20385,260,990.22,2021,cancelled
20386,242,912.58,2020,completed
20387,347,992.49,2020,pending
20388,380,600.74,2024,refunded
20389,268,401.13,2024,completed
20390,317,322.10,2024,completed
20391,291,24.83,2021,pending
20392,105,968.12,2022,refunded
20393,61,993.58,2023,completed
20394,97,842.61,2020,refunded
20395,50,586.16,2024,refunded
20396,248,518.69,2021,completed
20397,485,93.38,2024,completed
20398,109,549.99,2021,completed
20399,194,52.97,2023,completed
20400,294,369.53,2023,pending
20401,358,139.93,2022,pending
20402,295,838.84,2023,pending
20403,420,933.99,2021,completed
20404,164,11.58,2020,pending
20405,454,372.99,2022,pending
20406,431,874.85,2021,cancelled
20407,352,711.02,2024,completed
20408,440,189.37,2023,completed
20409,466,688.89,2022,completed
20410,433,527.20,2022,cancelled
20411,426,644.13,2024,completed
20412,483,205.84,2024,completed
20413,308,874.43,2023,refunded
20414,250,30.43,2020,completed
20415,312,169.64,2020,refunded
20416,18,569.21,2021,cancelled
20417,43,922.17,2022,refunded
20418,436,759.33,2022,refunded
20419,397,847.17,2022,cancelled
20420,466,611.92,2023,completed
20421,161,444.45,2023,pending
20422,207,193.13,2023,completed
20423,77,119.22,2021,pending
20424,461,941.36,2020,completed
20425,114,354.02,2021,completed
20426,300,138.90,2021,cancelled
20427,118,526.33,2022,completed
20428,142,911.00,2022,completed
20429,465,492.13,2023,completed
20430,123,894.20,2021,cancelled
20431,180,557.28,2020,completed
20432,326,427.61,2020,completed
20433,333,18.90,2023,completed
20434,389,713.85,2022,refunded
20435,325,801.78,2020,completed
20436,277,969.80,2023,refunded
20437,237,766.41,2020,completed
20438,308,190.56,2023,refunded
20439,98,765.34,2024,cancelled
20440,87,641.13,2024,completed
20441,410,640.50,2024,completed
20442,214,361.65,2022,cancelled
20443,283,524.88,2023,refunded
20444,477,621.21,2020,pending
20445,353,42.63,2023,cancelled
20446,284,522.81,2020,completed
20447,339,446.39,2022,cancelled
20448,31,334.04,2023,refunded
20449,465,437.06,2022,pending
20450,37,532.26,2021,cancelled
20451,123,481.70,2023,completed
20452,141,415.44,2024,cancelled
20453,471,332.70,2020,completed
20454,386,154.58,2020,completed
20455,182,31.36,2022,completed
20456,387,790.97,2020,refunded
20457,122,574.97,2024,completed
20458,342,745.01,2024,pending
20459,246,193.20,2022,completed
20460,65,145.20,2021,completed
20461,467,121.85,2024,completed
20462,491,912.61,2020,pending
20463,71,106.77,2021,completed
20464,138,803.55,2024,completed
20465,341,690.42,2020,pending
20466,439,412.14,2021,completed
20467,422,963.96,2021,pending
20468,265,291.74,2021,completed
20469,323,550.89,2020,pending
20470,468,671.00,2020,completed
20471,453,551.86,2022,cancelled
20472,499,984.93,2022,completed
20473,124,108.19,2023,pending
20474,181,777.61,2021,refunded
20475,109,381.41,2024,completed
20476,280,428.30,2023,refunded
20477,366,112.79,2020,completed
20478,139,305.23,2023,refunded
20479,40,876.94,2020,completed
20480,224,704.01,2022,completed
20481,234,308.95,2020,completed
20482,102,271.20,2022,pending
20483,267,360.62,2020,refunded
20484,46,431.08,2023,pending
20485,462,547.51,2020,completed
20486,303,144.64,2022,cancelled
20487,306,806.37,2021,completed
20488,84,562.75,2020,completed
20489,474,153.16,2020,pending
20490,157,180.15,2022,cancelled
20491,423,357.22,2021,refunded
20492,382,525.87,2023,cancelled
20493,17,57.38,2022,completed
20494,475,149.88,2022,refunded
20495,102,545.38,2022,completed
20496,113,743.24,2022,completed
20497,61,399.24,2020,cancelled
20498,121,857.92,2023,completed
20499,158,18.54,2022,refunded
20500,459,761.16,2023,pending
20501,135,252.74,2023,completed
20502,37,193.90,2024,pending
20503,402,745.22,2024,completed
20504,33,331.69,2020,completed
20505,277,512.05,2023,completed
20506,277,861.70,2020,pending
20507,312,146.23,2022,refunded
20508,429,14.25,2021,refunded
20509,288,856.21,2022,completed
20510,405,324.32,2021,refunded
20511,325,22.77,2021,completed
20512,473,360.21,2023,refunded
20513,224,27.40,2020,cancelled
20514,496,884.39,2021,completed
20515,76,973.07,2023,completed
20516,104,661.33,2023,completed
20517,395,73.73,2024,completed
20518,57,682.30,2022,completed
20519,221,884.70,2022,completed
20520,440,972.07,2022,cancelled
20521,77,94.70,2020,cancelled
20522,159,38.66,2023,completed
20523,72,681.25,2022,completed
20524,268,695.44,2021,completed
20525,412,347.66,2024,cancelled
20526,357,144.52,2022,pending
20527,474,362.36,2022,refunded
20528,21,436.29,2020,completed
20529,326,976.21,2024,cancelled
20530,465,588.35,2020,cancelled
20531,452,745.72,2020,completed
20532,496,460.82,2022,cancelled
20533,124,223.23,2021,cancelled
20534,139,790.41,2021,cancelled
20535,374,521.67,2023,completed
20536,498,605.43,2022,pending
20537,228,390.24,2022,pending
20538,488,353.20,2023,completed
20539,432,139.72,2023,cancelled
20540,433,676.35,2024,refunded
20541,164,354.59,2022,completed
20542,429,488.56,2022,pending
20543,185,814.32,2023,refunded
20544,86,291.85,2022,completed
20545,143,692.97,2023,cancelled
20546,207,604.93,2024,completed
20547,399,610.56,2020,pending
20548,485,975.18,2021,pending
20549,152,608.36,2024,completed
20550,398,905.33,2023,cancelled
20551,304,111.76,2022,pending
20552,300,687.08,2020,completed
20553,207,809.53,2022,completed
20554,463,752.31,2023,completed
20555,12,624.57,2022,cancelled
20556,45,886.59,2023,cancelled
20557,477,853.11,2022,cancelled
20558,235,934.86,2020,cancelled
20559,213,850.49,2024,refunded
20560,455,435.41,2021,completed
20561,40,549.05,2024,pending
20562,153,864.11,2021,cancelled
20563,1,442.82,2022,pending
20564,94,345.47,2024,completed
20565,51,601.35,2024,completed
20566,82,630.56,2020,completed
20567,477,564.98,2020,completed
20568,406,749.59,2020,completed
20569,380,78.31,2021,pending
20570,312,883.34,2020,completed
20571,86,648.25,2023,refunded
20572,241,657.27,2022,cancelled
20573,444,288.36,2021,pending
20574,375,723.33,2021,completed
20575,224,119.86,2021,completed
20576,196,556.11,2024,cancelled
20577,185,449.75,2024,completed
20578,318,686.17,2023,refunded
20579,45,271.95,2023,refunded
20580,17,305.22,2021,completed
20581,416,990.42,2021,completed
20582,159,993.22,2021,completed
20583,277,896.68,2024,refunded
20584,129,454.84,2021,completed
20585,405,676.67,2021,refunded
20586,85,416.47,2021,completed
20587,476,203.49,2020,completed
20588,184,273.94,2024,completed
20589,388,859.29,2021,pending
20590,183,796.05,2020,cancelled
20591,439,852.62,2022,refunded
20592,405,81.75,2022,completed
20593,175,396.90,2021,completed
20594,10,956.56,2020,pending
20595,85,518.70,2022,completed
20596,171,136.88,2021,refunded
20597,122,309.42,2020,completed
20598,229,669.83,2022,completed
20599,371,136.02,2024,pending
20600,218,469.55,2024,completed
20601,342,108.40,2023,completed
20602,300,944.54,2020,refunded
20603,443,576.78,2021,completed
20604,120,597.08,2022,completed
20605,486,784.33,2021,completed
20606,126,132.98,2021,completed
20607,328,232.59,2023,pending
20608,214,132.89,2022,completed
20609,205,143.05,2024,cancelled
20610,416,996.69,2020,completed
20611,43,244.04,2021,completed
20612,343,629.69,2021,pending
20613,309,283.25,2022,refunded
20614,168,912.64,2023,cancelled
20615,439,918.97,2023,refunded
20616,81,773.78,2023,completed
20617,108,539.67,2023,cancelled
20618,64,700.32,2024,completed
20619,318,832.01,2021,pending
20620,166,656.71,2024,completed
20621,238,855.59,2020,pending
20622,275,410.48,2021,completed
20623,143,812.60,2020,completed
20624,384,270.61,2021,pending
20625,9,810.96,2020,refunded
20626,46,387.66,2021,completed
20627,262,18.82,2021,completed
20628,140,818.19,2021,completed
20629,42,164.45,2021,refunded
20630,100,699.68,2024,pending
20631,229,167.88,2022,refunded
20632,146,203.31,2023,completed
20633,300,653.78,2022,completed
20634,158,213.95,2024,completed
20635,90,632.62,2020,completed
20636,117,902.59,2023,refunded
20637,228,211.74,2022,completed
20638,136,273.71,2023,refunded
20639,400,953.79,2020,pending
20640,318,421.90,2024,completed
20641,374,796.30,2024,pending
20642,291,685.85,2020,cancelled
20643,399,954.76,2024,cancelled
20644,397,27.47,2021,completed
20645,65,585.91,2020,completed
20646,323,86.79,2020,completed
20647,454,854.44,2022,completed
20648,20,322.41,2021,refunded
20649,9,497.55,2022,completed
20650,262,135.12,2021,completed
20651,144,320.47,2020,refunded
20652,108,161.58,2022,completed
20653,414,551.08,2021,completed
20654,281,613.72,2023,completed
20655,274,117.14,2023,refunded
20656,314,936.06,2023,refunded
20657,499,14.27,2024,completed
20658,223,721.24,2021,completed
20659,409,721.75,2021,completed
20660,229,898.98,2020,cancelled
20661,41,328.84,2022,completed
20662,420,420.69,2022,completed
20663,220,49.60,2021,completed
20664,80,337.57,2021,pending
20665,493,891.30,2022,completed
20666,92,592.94,2020,completed
20667,389,246.24,2022,completed
20668,236,100.79,2020,cancelled
20669,37,782.57,2023,refunded
20670,77,630.95,2022,completed
20671,137,557.09,2024,completed
20672,54,965.60,2024,refunded
20673,126,760.47,2021,completed
20674,337,935.46,2021,completed
20675,265,654.71,2023,completed
20676,464,479.24,2023,pending
20677,237,626.26,2023,completed
20678,79,444.75,2021,refunded
20679,179,797.33,2022,completed
20680,289,627.95,2021,refunded
20681,362,226.65,2024,refunded
20682,454,322.90,2021,pending
20683,230,625.95,2024,cancelled
20684,27,336.04,2024,completed
20685,454,82.30,2024,completed
20686,430,646.46,2022,pending
20687,305,507.34,2021,completed
20688,334,15.48,2021,refunded
20689,86,935.08,2024,completed
20690,397,352.79,2020,completed
20691,146,550.28,2024,pending
20692,121,128.60,2023,completed
20693,494,494.26,2020,completed
20694,399,685.39,2024,completed
20695,377,656.70,2023,cancelled
20696,494,895.56,2024,pending
20697,380,115.02,2023,completed
20698,335,16.84,2022,completed
20699,34,619.52,2022,cancelled
20700,239,314.26,2020,pending
20701,112,225.89,2021,pending
20702,56,875.97,2021,completed
20703,485,719.48,2021,pending
20704,443,909.77,2023,completed
20705,369,352.13,2024,completed
20706,269,157.18,2021,pending
20707,82,71.50,2022,completed
20708,214,558.08,2022,cancelled
20709,116,930.52,2024,refunded
20710,278,969.08,2022,cancelled
20711,359,582.71,2021,completed
20712,14,176.95,2024,completed
20713,302,643.15,2022,refunded
20714,356,654.91,2024,cancelled
20715,178,981.24,2024,refunded
20716,162,623.36,2024,completed
20717,10,167.63,2022,pending
20718,136,134.64,2020,cancelled
20719,372,287.46,2022,pending
20720,489,427.01,2021,refunded
20721,35,989.20,2020,completed
20722,371,57.44,2022,refunded
20723,430,661.06,2024,refunded
20724,342,678.42,2020,refunded
20725,130,919.13,2022,completed
20726,352,269.69,2022,completed
20727,429,407.51,2020,completed
20728,477,245.23,2020,completed
20729,141,608.29,2024,completed
20730,285,87.05,2024,completed
20731,263,647.50,2021,completed
20732,68,414.66,2023,refunded
20733,323,126.48,2024,refunded
20734,308,224.28,2022,pending
20735,333,755.75,2024,completed
20736,239,624.49,2021,cancelled
20737,168,320.94,2020,completed
20738,44,498.17,2023,completed
20739,51,840.66,2024,completed
20740,60,187.49,2023,completed
20741,252,230.63,2020,cancelled
20742,362,383.71,2020,cancelled
20743,24,225.47,2024,completed
20744,294,363.96,2020,completed
20745,439,109.68,2020,refunded
20746,247,727.43,2023,cancelled
20747,307,127.86,2021,pending
20748,282,365.00,2023,completed
20749,492,55.32,2022,pending
20750,222,441.71,2022,completed
20751,272,58.56,2021,completed
20752,22,559.88,2024,completed
20753,318,408.73,2023,completed
20754,377,379.61,2021,completed
20755,337,907.79,2023,cancelled
20756,117,357.98,2022,refunded
20757,498,636.46,2020,cancelled
20758,331,898.20,2024,completed
20759,147,759.35,2020,pending
20760,151,412.22,2024,cancelled
20761,102,303.95,2024,cancelled
20762,339,592.14,2024,pending
20763,70,821.30,2022,completed
20764,105,994.51,2024,refunded
20765,213,840.50,2023,refunded
20766,99,345.42,2021,completed
20767,41,424.64,2023,refunded
20768,443,521.54,2020,pending
20769,363,27.26,2022,completed
20770,417,378.88,2021,completed
20771,464,877.80,2024,completed
20772,439,729.80,2023,cancelled
20773,456,111.84,2020,cancelled
20774,237,578.87,2024,completed
20775,122,800.34,2021,completed
20776,20,770.25,2020,completed
20777,249,644.06,2021,completed
20778,207,429.15,2021,completed
20779,85,162.25,2020,completed
20780,288,353.85,2023,completed
20781,153,784.98,2024,completed
20782,28,502.36,2023,completed
20783,37,698.31,2022,refunded
20784,170,417.78,2023,completed
20785,36,638.82,2023,completed
20786,61,533.93,2023,completed
20787,58,262.83,2024,completed
20788,413,73.83,2022,refunded
20789,201,472.40,2024,completed
20790,187,17.94,2022,completed
20791,165,728.47,2024,completed
20792,247,263.23,2024,cancelled
20793,111,101.67,2023,cancelled
20794,248,908.36,2021,completed
20795,413,417.25,2021,completed
20796,485,395.22,2024,pending
20797,285,360.46,2021,completed
20798,335,839.98,2021,completed
20799,325,10.25,2024,completed
20800,443,152.50,2020,completed
20801,225,319.93,2024,completed
20802,361,438.90,2023,refunded
20803,99,42.92,2021,completed
20804,158,298.54,2020,refunded
20805,454,902.49,2023,completed
20806,196,661.63,2023,completed
20807,415,515.05,2020,cancelled
20808,129,627.14,2024,completed
20809,301,147.97,2021,completed
20810,486,438.44,2020,pending
20811,40,248.06,2022,refunded
20812,438,895.77,2024,pending
20813,82,226.51,2024,completed
20814,405,997.62,2020,pending
20815,78,427.11,2023,pending
20816,17,409.67,2022,completed
20817,253,670.86,2021,cancelled
20818,425,488.78,2023,pending
20819,217,23.01,2024,refunded
20820,338,139.23,2023,completed
20821,214,444.83,2020,refunded
20822,245,342.43,2022,completed
20823,89,986.62,2023,refunded
20824,121,821.26,2024,completed
20825,262,133.70,2022,completed
20826,238,27.76,2023,completed
20827,349,258.28,2022,completed
20828,369,848.24,2023,refunded
20829,47,80.44,2021,cancelled
20830,335,458.54,2024,pending
20831,484,603.57,2024,refunded
20832,235,900.93,2023,cancelled
20833,176,577.74,2021,cancelled
20834,300,77.20,2023,refunded
20835,16,671.24,2020,completed
20836,140,261.56,2023,completed
20837,134,698.88,2022,completed
20838,29,761.18,2022,completed
20839,162,884.21,2023,completed
20840,364,582.99,2023,pending
20841,467,632.34,2021,completed
20842,398,514.13,2024,completed
20843,151,975.41,2021,pending
20844,225,389.96,2021,refunded
20845,155,693.96,2020,refunded
20846,467,407.65,2020,pending
20847,347,94.99,2021,refunded
20848,216,475.86,2021,cancelled
20849,442,82.45,2020,pending
20850,220,246.98,2023,cancelled
20851,113,228.05,2022,pending
20852,410,390.53,2020,completed
20853,278,610.62,2020,refunded
20854,63,653.51,2022,completed
20855,279,532.51,2020,cancelled
20856,19,261.55,2024,completed
20857,128,307.30,2021,completed
20858,381,251.85,2022,cancelled
20859,200,285.81,2021,cancelled
20860,407,152.53,2021,cancelled
20861,55,979.48,2022,cancelled
20862,186,600.47,2022,refunded
20863,485,93.84,2021,cancelled
20864,254,433.05,2020,pending
20865,149,448.57,2024,pending
20866,367,107.87,2024,refunded
20867,41,86.39,2023,completed
20868,450,444.11,2022,completed
20869,419,95.41,2021,pending
20870,175,796.40,2021,completed
20871,303,178.25,2024,completed
20872,482,824.38,2020,cancelled
20873,431,784.74,2021,completed
20874,166,363.60,2022,completed
20875,72,425.03,2024,pending
20876,129,896.92,2024,refunded
20877,203,991.08,2021,completed
20878,65,613.45,2024,completed
20879,358,619.11,2020,completed
20880,50,187.56,2024,completed
20881,160,578.20,2020,cancelled
20882,86,823.00,2022,pending
20883,166,237.50,2024,pending
20884,142,593.09,2020,refunded
20885,155,30.24,2024,cancelled
20886,382,845.18,2024,completed
20887,155,601.86,2021,completed
20888,41,38.95,2024,completed
20889,28,594.81,2021,pending
20890,83,951.16,2022,refunded
20891,368,109.67,2020,refunded
20892,139,26.76,2022,refunded
20893,171,891.31,2022,completed
20894,215,519.23,2021,completed
20895,60,463.81,2024,pending
20896,60,129.73,2022,pending
20897,282,351.03,2021,refunded
20898,95,551.65,2020,completed
20899,323,875.50,2023,pending
20900,240,716.27,2020,pending
20901,180,148.97,2021,completed
20902,327,361.47,2023,completed
20903,371,19.90,2022,refunded
20904,224,931.94,2022,refunded
20905,303,265.48,2024,completed
20906,139,657.22,2024,completed
20907,131,278.77,2022,cancelled
20908,332,169.63,2024,completed
20909,125,182.26,2022,completed
20910,207,61.41,2021,refunded
20911,21,97.53,2022,refunded
20912,457,423.65,2024,completed
20913,233,71.00,2020,completed
20914,280,974.24,2021,completed
20915,492,902.68,2023,completed
20916,472,349.40,2022,completed
20917,339,302.68,2022,completed
20918,109,17.87,2021,completed
20919,428,617.06,2024,completed
20920,427,779.04,2024,refunded
20921,153,995.28,2021,completed
20922,195,159.13,2023,completed
20923,454,891.79,2022,cancelled
20924,489,376.76,2020,completed
20925,73,323.04,2020,completed
20926,208,109.85,2021,cancelled
20927,88,655.68,2023,cancelled
20928,260,526.82,2023,completed
20929,97,492.90,2024,completed
20930,251,845.60,2022,completed
20931,396,647.52,2022,completed
20932,229,577.73,2021,completed
20933,257,552.18,2022,completed
20934,176,482.30,2022,refunded
20935,153,571.91,2020,cancelled
20936,46,407.63,2024,completed
20937,455,275.30,2024,completed
20938,443,320.76,2023,pending
20939,334,361.33,2024,refunded
20940,188,757.90,2020,completed
20941,469,803.16,2021,pending
20942,415,62.81,2020,completed
20943,33,582.85,2023,completed
20944,213,98.21,2020,pending
20945,52,88.69,2020,cancelled
20946,99,943.38,2023,completed
20947,70,251.05,2022,refunded
20948,455,568.14,2023,completed
20949,233,10.93,2024,completed
20950,20,217.52,2022,completed
20951,414,98.43,2021,completed
20952,340,537.16,2020,refunded
20953,130,269.42,2022,refunded
20954,459,871.34,2024,pending
20955,304,646.52,2022,completed
20956,331,474.49,2020,completed
20957,283,727.73,2024,completed
20958,218,421.82,2020,completed
20959,153,253.27,2021,completed
20960,6,219.94,2021,cancelled
20961,489,944.66,2024,pending
20962,340,534.04,2022,refunded
20963,423,402.12,2020,completed
20964,182,447.00,2023,refunded
20965,199,938.06,2021,cancelled
20966,264,381.95,2021,completed
20967,27,482.00,2022,pending
20968,12,490.59,2024,completed
20969,254,327.89,2024,completed
20970,468,798.40,2023,completed
20971,462,33.90,2020,cancelled
20972,156,900.92,2024,refunded
20973,215,621.82,2020,cancelled
20974,250,930.47,2021,pending
20975,45,770.01,2021,completed
20976,270,561.03,2023,completed
20977,491,336.40,2021,completed
20978,434,433.96,2021,cancelled
20979,249,984.55,2023,completed
20980,254,175.93,2024,completed
20981,459,448.83,2024,cancelled
20982,98,956.04,2021,completed
20983,327,254.25,2024,pending
20984,73,964.82,2024,completed
20985,95,136.51,2024,refunded
20986,461,703.30,2021,completed
20987,249,870.82,2021,completed
20988,165,743.83,2022,cancelled
20989,91,833.41,2024,refunded
20990,175,187.49,2023,completed
20991,481,746.92,2020,completed
20992,70,521.41,2023,completed
20993,45,132.14,2022,completed
20994,65,656.97,2022,pending
20995,322,349.25,2024,pending
20996,443,997.22,2021,refunded
20997,91,954.34,2021,completed
20998,207,909.07,2023,cancelled
20999,464,66.40,2021,completed
21000,488,488.32,2024,cancelled
21001,431,757.28,2022,completed
21002,303,945.45,2024,completed
21003,330,419.82,2022,pending
21004,400,610.12,2020,pending
21005,131,17.74,2020,cancelled
21006,481,494.91,2023,completed
21007,454,913.23,2023,pending
21008,48,950.73,2022,pending
21009,351,624.58,2023,completed
21010,396,861.22,2021,cancelled
21011,315,71.41,2020,completed
21012,241,541.48,2021,completed
21013,158,759.73,2023,refunded
21014,384,368.83,2020,cancelled
21015,316,718.16,2021,cancelled
21016,477,639.32,2024,cancelled
21017,451,955.64,2021,cancelled
21018,334,349.15,2020,completed
21019,200,768.02,2021,cancelled
21020,34,480.16,2024,cancelled
21021,12,351.38,2023,completed
21022,427,449.62,2020,refunded
21023,486,889.99,2022,cancelled
21024,160,562.13,2020,refunded
21025,76,330.21,2022,completed
21026,45,196.04,2023,completed
21027,131,270.69,2022,refunded
21028,40,230.33,2023,cancelled
21029,417,506.84,2020,refunded
21030,146,327.03,2023,pending
21031,321,344.29,2020,completed
21032,272,56.75,2020,refunded
21033,316,469.84,2024,refunded
21034,367,442.32,2022,refunded
21035,71,503.98,2023,cancelled
21036,235,661.89,2023,completed
21037,257,82.91,2021,pending
21038,444,65.98,2022,cancelled
21039,327,949.74,2021,refunded
21040,379,143.60,2024,completed
21041,65,646.09,2024,refunded
21042,440,464.86,2020,cancelled
21043,332,924.09,2020,pending
21044,328,737.50,2023,refunded
21045,367,988.62,2021,pending
21046,125,203.55,2023,refunded
21047,351,190.96,2024,completed
21048,462,780.30,2023,completed
21049,478,693.49,2023,refunded
21050,315,427.44,2023,cancelled
21051,254,922.97,2022,cancelled
21052,39,622.24,2020,cancelled
21053,327,237.05,2023,completed
21054,165,620.81,2022,pending
21055,34,892.84,2023,completed
21056,308,683.77,2021,completed
21057,168,64.42,2024,cancelled
21058,221,307.67,2024,pending
21059,59,28.16,2022,completed
21060,98,114.44,2023,refunded
21061,55,230.66,2022,completed
21062,394,656.44,2022,completed
21063,214,33.29,2021,cancelled
21064,326,240.68,2024,completed
21065,45,218.29,2020,completed
21066,440,410.37,2021,cancelled
21067,37,363.51,2020,refunded
21068,285,373.06,2023,completed
21069,308,327.87,2021,completed
21070,302,562.33,2020,completed
21071,263,649.64,2024,refunded
21072,385,225.83,2022,completed
21073,426,308.42,2022,pending
21074,368,44.46,2022,refunded
21075,238,15.00,2020,completed
21076,42,938.25,2023,pending
21077,263,264.73,2021,completed
21078,489,766.05,2022,completed
21079,146,254.93,2023,completed
21080,218,74.61,2022,completed
21081,270,593.23,2020,completed
21082,120,830.99,2020,completed
21083,447,343.28,2020,completed
21084,358,754.67,2024,completed
21085,25,951.57,2023,pending
21086,389,69.23,2023,completed
21087,274,931.89,2020,completed
21088,429,443.42,2021,completed
21089,71,245.44,2022,completed
21090,448,984.17,2024,refunded
21091,283,552.34,2022,refunded
21092,355,86.04,2023,completed
21093,67,483.85,2021,completed
21094,335,413.17,2022,pending
21095,264,200.76,2020,cancelled
21096,193,524.36,2020,completed
21097,424,909.91,2020,pending
21098,53,950.59,2024,pending
21099,23,125.23,2021,completed
21100,219,947.74,2020,completed
21101,488,445.97,2022,completed
21102,57,79.88,2020,completed
21103,381,368.22,2022,cancelled
21104,68,71.99,2020,cancelled
21105,246,880.29,2023,pending
21106,223,105.54,2021,refunded
21107,265,195.71,2020,completed
21108,108,507.30,2024,cancelled
21109,30,668.93,2024,cancelled
21110,32,955.86,2022,pending
21111,121,973.21,2024,pending
21112,137,854.84,2020,completed
21113,437,719.11,2023,completed
21114,269,411.83,2022,completed
21115,482,44.08,2022,pending
21116,85,51.81,2021,completed
21117,82,895.61,2020,completed
21118,399,887.88,2024,pending
21119,239,336.93,2023,cancelled
21120,76,259.88,2024,cancelled
21121,455,848.85,2022,refunded
21122,246,370.32,2021,pending
21123,57,701.61,2022,completed
21124,330,49.88,2021,refunded
21125,98,774.99,2021,refunded
21126,422,986.33,2024,completed
21127,33,848.52,2021,cancelled
21128,218,324.82,2024,refunded
21129,495,689.82,2024,refunded
21130,393,276.65,2020,completed
21131,342,583.86,2021,refunded
21132,490,353.82,2023,pending
21133,71,98.38,2020,refunded
21134,331,324.21,2020,pending
21135,281,27.62,2020,completed
21136,429,224.47,2024,pending
21137,429,376.50,2021,pending
21138,383,509.33,2020,cancelled
21139,420,200.80,2022,completed
21140,40,424.71,2021,completed
21141,10,920.85,2022,completed
21142,297,683.01,2022,cancelled
21143,153,632.34,2023,pending
21144,316,50.70,2022,refunded
21145,403,44.06,2023,refunded
21146,204,101.48,2023,refunded
21147,191,842.33,2022,completed
21148,445,568.12,2021,pending
21149,302,76.12,2021,refunded
21150,333,331.58,2021,refunded
21151,135,966.50,2022,completed
21152,355,877.42,2020,completed
21153,312,543.34,2024,cancelled
21154,207,397.33,2022,cancelled
21155,147,641.12,2023,cancelled
21156,390,898.21,2023,cancelled
21157,252,261.23,2020,pending
21158,263,865.10,2023,pending
21159,87,895.08,2021,cancelled
21160,110,482.87,2024,refunded
21161,280,781.76,2021,cancelled
21162,151,559.45,2023,refunded
21163,362,277.06,2020,refunded
21164,69,930.63,2023,completed
21165,296,990.31,2024,completed
21166,377,912.31,2022,pending
21167,66,825.53,2021,completed
21168,203,808.46,2023,cancelled
21169,199,510.89,2023,cancelled
21170,226,184.39,2023,completed
21171,428,182.25,2023,completed
21172,478,246.70,2023,completed
21173,251,322.01,2024,cancelled
21174,493,326.18,2021,completed
21175,387,372.74,2022,completed
21176,355,320.76,2023,completed
21177,101,754.16,2023,completed
21178,283,69.30,2023,cancelled
21179,110,84.75,2022,completed
21180,476,400.13,2021,cancelled
21181,305,935.04,2024,completed
21182,468,663.09,2023,completed
21183,480,444.79,2023,pending
21184,414,25.12,2024,refunded
21185,474,447.68,2024,pending
21186,209,568.94,2021,refunded
21187,452,454.20,2021,refunded
21188,63,690.61,2022,completed
21189,82,464.78,2022,completed
21190,453,533.54,2023,refunded
21191,357,555.00,2021,completed
21192,465,337.88,2021,completed
21193,441,613.59,2024,cancelled
21194,67,70.85,2022,completed
21195,462,35.82,2022,cancelled
21196,466,683.05,2023,pending
21197,166,357.88,2021,completed
21198,417,547.90,2022,completed
21199,135,611.95,2020,pending
21200,48,617.49,2023,completed
21201,276,705.49,2023,completed
21202,211,938.64,2023,pending
21203,17,854.38,2021,cancelled
21204,376,396.95,2023,completed
21205,177,588.68,2024,cancelled
21206,78,432.99,2020,refunded
21207,58,365.89,2020,completed
21208,360,984.93,2020,completed
21209,297,321.44,2023,completed
21210,436,327.28,2024,completed
21211,447,733.25,2022,completed
21212,165,797.49,2022,completed
21213,409,642.83,2023,completed
21214,411,515.11,2021,pending
21215,464,150.71,2024,cancelled
21216,344,704.40,2021,refunded
21217,169,897.20,2020,cancelled
21218,72,75.70,2021,pending
21219,425,302.98,2021,pending
21220,119,819.48,2021,pending
21221,215,421.52,2023,pending
21222,436,336.12,2023,pending
21223,219,416.65,2023,completed
21224,352,502.76,2022,cancelled
21225,319,924.42,2020,completed
21226,34,689.28,2020,completed
21227,500,541.93,2023,completed
21228,252,137.05,2024,refunded
21229,172,943.60,2021,cancelled
21230,399,768.20,2022,cancelled
21231,317,802.05,2020,pending
21232,438,119.69,2022,completed
21233,307,33.44,2023,completed
21234,409,996.37,2020,completed
21235,313,37.39,2020,completed
21236,44,233.00,2024,completed
21237,374,973.43,2024,completed
21238,145,964.58,2022,completed
21239,221,88.57,2022,cancelled
21240,129,344.35,2024,pending
21241,323,56.63,2022,cancelled
21242,182,886.26,2020,completed
21243,325,593.22,2024,completed
21244,135,822.48,2021,pending
21245,466,41.11,2022,refunded
21246,480,676.01,2023,completed
21247,445,698.42,2024,refunded
21248,4,975.00,2021,refunded
21249,396,504.67,2022,completed
21250,464,114.32,2021,cancelled
21251,392,272.64,2020,completed
21252,290,608.07,2023,completed
21253,468,589.83,2021,completed
21254,266,959.11,2020,completed
21255,279,600.77,2023,refunded
21256,260,516.17,2024,cancelled
21257,10,932.47,2021,pending
21258,208,314.38,2023,completed
21259,467,496.41,2020,refunded
21260,310,308.95,2022,completed
21261,151,400.37,2024,completed
21262,408,434.94,2020,completed
21263,312,153.38,2021,cancelled
21264,203,451.00,2024,completed
21265,414,530.60,2020,completed
21266,430,70.03,2020,pending
21267,341,981.16,2021,completed
21268,49,816.56,2022,cancelled
21269,111,28.76,2020,pending
21270,397,486.07,2021,completed
21271,425,592.99,2022,completed
21272,324,891.93,2021,refunded
21273,371,217.60,2024,completed
21274,471,814.15,2024,completed
21275,57,962.90,2020,completed
21276,334,119.03,2021,completed
21277,9,845.26,2020,cancelled
21278,2,781.84,2021,completed
21279,196,911.52,2021,completed
21280,357,666.78,2022,completed
21281,343,878.74,2022,pending
21282,136,103.78,2024,cancelled
21283,234,170.02,2024,completed
21284,347,506.01,2020,refunded
21285,458,683.06,2020,completed
21286,195,729.44,2021,completed
21287,126,108.98,2023,completed
21288,246,612.66,2023,completed
21289,386,665.01,2021,refunded
21290,244,270.19,2023,pending
21291,26,585.68,2021,completed
21292,262,941.41,2021,completed
21293,475,241.68,2021,completed
21294,445,476.91,2020,cancelled
21295,191,373.80,2022,completed
21296,439,604.96,2023,completed
21297,61,346.85,2022,pending
21298,273,176.64,2021,refunded
21299,214,379.72,2020,completed
21300,415,314.94,2024,cancelled
21301,28,808.15,2024,refunded
21302,68,35.03,2021,pending
21303,68,944.19,2023,completed
21304,99,578.61,2023,refunded
21305,1,379.53,2024,completed
21306,379,460.74,2021,completed
21307,117,222.73,2024,completed
21308,387,583.42,2023,completed
21309,284,716.72,2024,cancelled
21310,321,977.32,2022,pending
21311,227,750.00,2022,completed
21312,196,860.15,2022,pending
21313,258,914.28,2021,cancelled
21314,425,114.36,2022,cancelled
21315,152,969.93,2023,cancelled
21316,405,987.28,2023,completed
21317,58,967.76,2021,completed
21318,359,137.22,2024,completed
21319,159,162.85,2022,cancelled
21320,131,846.05,2020,pending
21321,456,761.48,2021,cancelled
21322,373,167.46,2023,pending
21323,357,673.60,2021,completed
21324,108,275.75,2020,cancelled
21325,368,341.47,2024,pending
21326,338,457.83,2020,completed
21327,157,457.60,2020,pending
21328,284,938.44,2020,refunded
21329,486,148.44,2022,cancelled
21330,164,379.41,2024,pending
21331,424,975.78,2022,completed
21332,399,123.66,2023,refunded
21333,407,982.86,2021,refunded
21334,420,532.49,2021,completed
21335,46,926.39,2020,cancelled
21336,136,957.12,2023,refunded
21337,163,131.49,2024,refunded
21338,302,215.02,2024,pending
21339,42,586.33,2023,completed
21340,397,494.52,2024,pending
21341,102,869.31,2023,completed
21342,271,544.00,2024,pending
21343,297,609.71,2021,refunded
21344,67,595.84,2023,cancelled
21345,286,751.58,2021,completed
21346,38,113.87,2023,cancelled
21347,364,285.03,2020,completed
21348,499,326.90,2023,pending
21349,43,416.05,2024,pending
21350,236,161.14,2020,completed
21351,386,260.95,2024,refunded
21352,484,131.88,2022,completed
21353,415,399.32,2022,completed
21354,327,880.25,2020,pending
21355,351,436.29,2023,completed
21356,207,935.94,2022,completed
21357,400,996.69,2024,completed
21358,98,162.88,2022,cancelled
21359,419,728.45,2023,completed
21360,311,567.61,2024,completed
21361,321,800.44,2021,cancelled
21362,248,805.61,2023,pending
21363,363,630.07,2020,pending
21364,240,229.83,2023,completed
21365,369,336.67,2023,refunded
21366,12,553.35,2020,completed
21367,181,885.66,2023,refunded
21368,442,232.33,2024,completed
21369,378,303.08,2022,completed
21370,54,864.53,2020,refunded
21371,189,613.26,2021,completed
21372,481,917.64,2024,completed
21373,348,621.15,2020,refunded
21374,193,846.24,2023,completed
21375,424,890.47,2021,completed
21376,300,645.90,2021,completed
21377,252,613.61,2022,completed
21378,414,857.08,2023,refunded
21379,65,153.95,2022,completed
21380,252,219.49,2021,completed
21381,50,833.40,2023,refunded
21382,344,225.53,2023,pending
21383,85,768.88,2020,completed
21384,122,268.40,2020,refunded
21385,69,925.76,2021,completed
21386,307,846.83,2020,pending
21387,215,359.50,2020,refunded
21388,487,97.68,2023,cancelled
21389,51,524.22,2023,cancelled
21390,189,541.26,2022,completed
21391,218,555.70,2024,pending
21392,326,306.26,2024,pending
21393,395,277.81,2023,completed
21394,336,219.70,2020,cancelled
21395,452,789.75,2022,completed
21396,202,819.57,2021,cancelled
21397,118,516.54,2024,pending
21398,255,914.80,2022,refunded
21399,496,701.73,2024,completed
21400,44,169.45,2021,refunded
21401,192,387.84,2023,refunded
21402,38,797.90,2023,completed
21403,243,22.00,2021,completed
21404,311,729.24,2020,pending
21405,240,877.81,2023,completed
21406,337,720.73,2022,refunded
21407,424,297.43,2024,completed
21408,222,682.58,2020,completed
21409,494,868.07,2023,completed
21410,115,203.38,2023,refunded
21411,69,634.51,2024,pending
21412,212,224.44,2020,completed
21413,110,646.62,2024,completed
21414,462,852.27,2020,pending
21415,334,344.76,2021,completed
21416,284,805.51,2023,cancelled
21417,448,228.67,2020,completed
21418,325,851.64,2021,completed
21419,241,887.46,2021,completed
21420,231,963.81,2021,completed
21421,265,627.48,2021,completed
21422,97,949.31,2020,completed
21423,437,619.40,2022,cancelled
21424,364,744.19,2021,cancelled
21425,302,245.65,2024,pending
21426,490,152.85,2021,cancelled
21427,306,108.25,2024,refunded
21428,323,382.82,2023,completed
21429,129,996.55,2021,completed
21430,491,272.79,2023,refunded
21431,215,322.24,2024,completed
21432,466,773.88,2020,completed
21433,138,551.47,2022,completed
21434,283,134.69,2024,cancelled
21435,193,987.80,2023,pending
21436,468,91.44,2022,completed
21437,297,392.82,2022,completed
21438,486,735.47,2023,completed
21439,148,546.62,2024,pending
21440,101,481.35,2023,pending
21441,439,744.98,2024,completed
21442,184,464.44,2024,cancelled
21443,187,359.72,2024,completed
21444,112,142.82,2024,pending
21445,147,672.59,2022,cancelled
21446,28,775.73,2021,cancelled
21447,294,987.40,2020,completed
21448,205,649.86,2020,cancelled
21449,11,716.49,2021,refunded
21450,41,659.14,2023,refunded
21451,442,429.36,2023,completed
21452,231,139.29,2024,pending
21453,250,811.08,2024,refunded
21454,313,358.35,2020,completed
21455,55,552.53,2024,refunded
21456,444,462.95,2024,completed
21457,49,257.76,2020,cancelled
21458,20,161.90,2023,refunded
21459,180,32.61,2020,completed
21460,204,852.08,2022,pending
21461,296,908.62,2024,completed
21462,185,892.06,2020,completed
21463,92,719.90,2024,cancelled
21464,399,906.68,2020,completed
21465,225,42.62,2021,refunded
21466,246,530.93,2022,completed
21467,148,914.17,2024,completed
21468,281,37.72,2021,refunded
21469,47,991.68,2020,completed
21470,489,53.07,2021,pending
21471,266,634.44,2020,completed
21472,103,886.25,2024,refunded
21473,227,72.08,2022,pending
21474,240,883.57,2023,refunded
21475,420,457.11,2020,completed
21476,450,708.98,2021,completed
21477,37,884.36,2020,completed
21478,311,831.19,2022,cancelled
21479,496,714.72,2023,refunded
21480,112,939.31,2024,completed
21481,332,962.36,2023,completed
21482,61,266.57,2023,completed
21483,330,301.47,2020,completed
21484,477,231.71,2021,completed
21485,413,531.56,2024,completed
21486,405,172.26,2023,refunded
21487,134,930.24,2024,completed
21488,132,215.77,2021,cancelled
21489,425,87.06,2023,completed
21490,324,657.55,2021,completed
21491,148,290.58,2023,completed
21492,385,872.54,2021,cancelled
21493,205,263.43,2022,cancelled
21494,275,873.67,2022,completed
21495,23,441.26,2023,pending
21496,214,792.71,2023,pending
21497,462,576.80,2020,refunded
21498,227,306.36,2024,pending
21499,223,793.46,2022,completed
21500,141,712.29,2023,completed
21501,179,689.59,2022,pending
21502,22,126.65,2021,cancelled
21503,87,253.62,2024,completed
21504,423,909.71,2020,refunded
21505,102,666.39,2023,completed
21506,274,100.25,2023,refunded
21507,144,696.22,2024,completed
21508,224,105.88,2022,pending
21509,214,961.11,2020,refunded
21510,66,132.18,2023,completed
21511,46,950.19,2023,completed
21512,229,194.38,2023,completed
21513,451,888.05,2022,completed
21514,139,940.55,2023,cancelled
21515,125,479.25,2021,pending
21516,288,441.11,2023,completed
21517,387,118.17,2022,completed
21518,129,960.52,2023,cancelled
21519,6,215.07,2023,pending
21520,130,356.84,2023,cancelled
21521,137,789.74,2023,completed
21522,79,677.29,2021,cancelled
21523,208,273.80,2022,refunded
21524,54,792.65,2023,refunded
21525,381,437.43,2021,pending
21526,189,90.09,2023,cancelled
21527,96,664.17,2020,completed
21528,209,900.09,2023,cancelled
21529,464,264.54,2020,completed
21530,42,743.18,2022,pending
21531,144,217.92,2023,refunded
21532,46,670.36,2023,completed
21533,159,683.90,2020,completed
21534,30,529.68,2022,completed
21535,142,138.72,2021,cancelled
21536,77,635.72,2021,completed
21537,440,56.28,2020,cancelled
21538,194,139.85,2022,completed
21539,475,489.09,2023,completed
21540,454,33.79,2024,cancelled
21541,200,538.28,2020,cancelled
21542,82,376.99,2021,pending
21543,490,938.25,2024,completed
21544,7,795.87,2021,refunded
21545,391,910.24,2023,pending
21546,114,203.93,2024,cancelled
21547,218,477.13,2021,completed
21548,223,856.98,2023,completed
21549,398,371.50,2024,completed
21550,177,45.05,2023,completed
21551,485,647.53,2023,refunded
21552,302,489.33,2024,cancelled
21553,346,621.83,2021,completed
21554,81,247.84,2023,completed
21555,370,492.72,2020,completed
21556,27,599.39,2021,completed
21557,331,827.31,2022,pending
21558,361,741.06,2023,pending
21559,167,56.68,2020,pending
21560,275,620.14,2023,completed
21561,493,83.21,2020,completed
21562,182,841.18,2021,completed
21563,275,270.96,2022,pending
21564,271,604.37,2022,completed
21565,14,361.50,2022,completed
21566,176,659.04,2024,completed
21567,30,117.92,2022,cancelled
21568,482,998.02,2020,pending
21569,475,981.72,2021,completed
21570,303,955.06,2023,completed
21571,161,262.93,2023,completed
21572,180,455.79,2023,completed
21573,44,921.23,2021,completed
21574,29,153.92,2023,refunded
21575,287,592.82,2021,cancelled
21576,168,729.07,2021,completed
21577,151,698.22,2023,completed
21578,326,465.76,2024,pending
21579,429,152.31,2020,cancelled
21580,13,28.84,2023,cancelled
21581,165,339.16,2021,completed
21582,473,273.17,2022,completed
21583,152,976.81,2020,pending
21584,61,208.74,2023,pending
21585,40,980.13,2022,completed
21586,62,427.71,2024,completed
21587,378,261.90,2021,completed
21588,66,86.10,2022,completed
21589,79,738.52,2022,completed
21590,321,323.53,2023,completed
21591,233,264.08,2022,completed
21592,437,611.10,2023,cancelled
21593,452,594.75,2023,completed
21594,408,921.31,2023,completed
21595,130,250.35,2022,completed
21596,12,174.36,2024,cancelled
21597,303,639.43,2020,completed
21598,179,179.83,2021,completed
21599,25,83.38,2023,refunded
21600,264,726.37,2022,completed
21601,221,727.66,2023,completed
21602,484,95.15,2020,cancelled
21603,38,69.52,2023,completed
21604,5,337.46,2022,pending
21605,350,517.17,2020,refunded
21606,33,38.32,2022,completed
21607,351,695.40,2024,pending
21608,441,443.92,2023,completed
21609,284,511.09,2024,refunded
21610,105,946.00,2020,pending
21611,261,899.78,2022,refunded
21612,407,220.16,2023,pending
21613,196,860.86,2021,cancelled
21614,132,337.21,2020,cancelled
21615,246,830.63,2021,cancelled
21616,211,831.37,2022,cancelled
21617,14,756.73,2024,completed
21618,356,376.85,2022,cancelled
21619,334,156.78,2022,refunded
21620,315,666.71,2024,refunded
21621,88,132.92,2024,refunded
21622,2,464.30,2020,refunded
21623,238,840.29,2021,cancelled
21624,405,103.74,2021,completed
21625,161,893.29,2024,pending
21626,347,321.38,2023,refunded
21627,300,103.43,2023,completed
21628,99,770.84,2023,refunded
21629,172,470.98,2023,completed
21630,183,169.74,2020,pending
21631,155,510.53,2024,cancelled
21632,121,520.91,2023,completed
21633,159,465.68,2022,cancelled
21634,116,459.49,2023,completed
21635,349,408.12,2021,refunded
21636,57,779.00,2024,completed
21637,209,200.37,2023,completed
21638,39,240.15,2020,completed
21639,415,522.46,2020,cancelled
21640,18,143.60,2023,completed
21641,442,980.89,2024,pending
21642,375,52.87,2024,completed
21643,181,826.23,2021,completed
21644,159,587.40,2023,completed
21645,158,479.38,2022,pending
21646,406,959.53,2022,completed
21647,111,94.86,2020,cancelled
21648,268,278.24,2020,refunded
21649,397,706.21,2022,completed
21650,368,878.05,2022,completed
21651,190,63.07,2021,cancelled
21652,414,764.26,2024,cancelled
21653,305,418.27,2024,completed
21654,376,943.35,2021,completed
21655,474,168.52,2024,pending
21656,374,103.44,2022,cancelled
21657,417,624.41,2020,completed
21658,333,268.51,2022,cancelled
21659,345,987.60,2023,refunded
21660,6,521.03,2024,completed
21661,311,298.33,2023,completed
21662,444,49.92,2022,cancelled
21663,474,340.83,2023,completed
21664,211,246.81,2023,refunded
21665,272,549.67,2020,completed
21666,493,79.32,2020,completed
21667,118,277.21,2023,completed
21668,444,427.85,2023,completed
21669,215,798.11,2023,pending
21670,210,292.93,2020,cancelled
21671,496,77.31,2024,completed
21672,33,463.86,2024,completed
21673,401,399.21,2021,completed
21674,483,514.48,2022,pending
21675,454,917.74,2021,completed
21676,5,82.60,2020,refunded
21677,187,682.82,2024,completed
21678,212,249.28,2023,completed
21679,262,652.02,2024,completed
21680,421,131.71,2021,refunded
21681,186,299.12,2020,cancelled
21682,60,481.48,2023,completed
21683,314,762.21,2020,completed
21684,254,421.89,2023,completed
21685,390,811.58,2021,completed
21686,128,668.53,2020,completed
21687,402,447.93,2024,completed
21688,127,750.85,2023,pending
21689,353,772.29,2020,refunded
21690,418,496.89,2020,completed
21691,487,284.50,2023,completed
21692,106,68.64,2021,completed
21693,275,277.60,2024,refunded
21694,430,565.79,2020,completed
21695,342,891.66,2021,cancelled
21696,167,465.84,2021,completed
21697,495,902.62,2024,completed
21698,234,104.88,2021,completed
21699,222,699.02,2020,cancelled
21700,417,646.33,2024,completed
21701,486,730.79,2021,pending
21702,493,569.88,2023,refunded
21703,500,238.54,2020,cancelled
21704,216,255.95,2020,pending
21705,127,724.89,2021,completed
21706,474,947.12,2023,cancelled
21707,438,731.41,2023,cancelled
21708,379,735.55,2021,pending
21709,433,749.08,2021,refunded
21710,273,27.76,2024,completed
21711,44,367.05,2021,refunded
21712,66,819.03,2020,pending
21713,309,509.72,2022,completed
21714,245,341.88,2020,completed
21715,204,265.63,2021,completed
21716,175,259.36,2021,completed
21717,450,469.25,2020,completed
21718,12,103.75,2022,cancelled
21719,231,657.73,2021,completed
21720,60,624.88,2021,cancelled
21721,89,599.72,2020,completed
21722,463,86.02,2022,completed
21723,332,570.12,2022,refunded
21724,332,335.98,2021,completed
21725,429,351.38,2021,cancelled
21726,157,258.53,2023,completed
21727,173,291.19,2024,pending
21728,240,965.80,2021,completed
21729,5,350.01,2022,cancelled
21730,144,486.82,2021,refunded
21731,74,762.66,2024,cancelled
21732,468,60.64,2024,pending
21733,375,991.08,2022,pending
21734,162,808.51,2021,completed
21735,403,346.41,2021,completed
21736,27,781.00,2023,refunded
21737,133,976.62,2022,cancelled
21738,180,106.16,2020,cancelled
21739,11,792.03,2020,completed
21740,161,755.45,2021,pending
21741,383,961.39,2022,cancelled
21742,131,978.87,2024,completed
21743,89,669.25,2022,completed
21744,328,619.81,2023,completed
21745,481,405.44,2021,refunded
21746,171,244.85,2024,refunded
21747,439,369.37,2024,cancelled
21748,202,714.16,2024,completed
21749,142,396.50,2021,completed
21750,178,478.20,2024,refunded
21751,346,495.83,2023,pending
21752,342,701.23,2023,completed
21753,98,800.06,2022,refunded
21754,187,938.93,2020,cancelled
21755,208,435.24,2024,refunded
21756,321,951.14,2022,completed
21757,126,684.01,2023,cancelled
21758,133,519.89,2021,completed
21759,236,235.86,2023,completed
21760,389,631.86,2020,cancelled
21761,154,565.42,2024,completed
21762,443,13.01,2023,cancelled
21763,100,208.13,2023,completed
21764,173,254.07,2020,completed
21765,190,567.92,2020,cancelled
21766,260,559.71,2020,pending
21767,489,359.87,2024,completed
21768,62,303.36,2022,pending
21769,237,834.64,2020,pending
21770,119,387.11,2022,completed
21771,337,835.30,2022,pending
21772,393,623.53,2022,completed
21773,100,356.04,2023,completed
21774,151,24.93,2020,refunded
21775,400,587.68,2022,cancelled
21776,299,868.91,2024,completed
21777,465,345.67,2023,completed
21778,73,585.14,2021,refunded
21779,16,911.44,2023,completed
21780,112,670.37,2024,completed
21781,242,400.38,2023,completed
21782,91,949.60,2023,refunded
21783,377,611.93,2022,completed
21784,347,658.06,2024,completed
21785,416,241.97,2024,cancelled
21786,296,337.22,2022,completed
21787,249,875.46,2023,refunded
21788,405,561.77,2024,completed
21789,188,804.00,2022,completed
21790,281,392.11,2020,completed
21791,273,672.18,2022,refunded
21792,34,768.92,2021,completed
21793,259,202.93,2020,cancelled
21794,338,622.32,2024,refunded
21795,280,611.14,2022,cancelled
21796,73,876.09,2024,refunded
21797,225,814.72,2023,cancelled
21798,203,925.02,2022,completed
21799,66,653.16,2020,refunded
21800,43,91.52,2021,completed
21801,120,103.68,2020,completed
21802,343,782.53,2023,pending
21803,145,814.19,2024,cancelled
21804,59,461.98,2024,completed
21805,479,734.50,2020,cancelled
21806,162,76.28,2021,pending
21807,369,294.70,2021,completed
21808,140,700.74,2020,refunded
21809,420,601.59,2024,completed
21810,370,747.46,2021,completed
21811,234,880.61,2022,completed
21812,136,151.06,2024,cancelled
21813,90,177.24,2022,completed
21814,65,292.81,2021,completed
21815,55,134.68,2024,completed
21816,12,243.37,2020,completed
21817,412,997.51,2023,refunded
21818,186,927.71,2022,completed
21819,456,196.91,2022,completed
21820,317,595.60,2021,completed
21821,475,611.82,2023,completed
21822,275,257.76,2021,completed
21823,419,990.27,2023,completed
21824,360,858.57,2020,cancelled
21825,146,947.71,2020,completed
21826,260,947.88,2020,refunded
21827,244,806.54,2023,completed
21828,31,516.86,2023,pending
21829,324,450.90,2024,cancelled
21830,218,582.67,2021,pending
21831,468,537.98,2020,pending
21832,368,574.03,2024,completed
21833,251,474.76,2020,completed
21834,315,324.43,2022,completed
21835,276,532.72,2023,cancelled
21836,371,984.34,2023,completed
21837,193,765.59,2022,refunded
21838,472,825.82,2020,completed
21839,32,163.11,2022,completed
21840,33,515.61,2022,refunded
21841,496,536.40,2024,pending
21842,348,769.58,2022,completed
21843,58,260.20,2024,completed
21844,39,21.83,2020,pending
21845,118,867.32,2022,refunded
21846,210,380.24,2022,cancelled
21847,498,229.05,2024,cancelled
21848,81,139.46,2022,completed
21849,383,167.49,2024,cancelled
21850,165,194.30,2020,completed
21851,16,670.40,2024,completed
21852,408,32.20,2021,refunded
21853,234,942.69,2020,completed
21854,5,141.32,2023,refunded
21855,276,745.43,2021,completed
21856,410,486.13,2020,refunded
21857,465,110.67,2022,cancelled
21858,317,834.54,2021,completed
21859,15,737.47,2024,cancelled
21860,495,417.98,2020,completed
21861,27,447.06,2024,completed
21862,69,875.07,2021,completed
21863,383,150.48,2023,completed
21864,312,230.88,2023,cancelled
21865,269,469.56,2021,completed
21866,41,914.85,2020,completed
21867,275,450.83,2022,completed
21868,215,393.02,2021,cancelled
21869,379,657.90,2023,pending
21870,172,790.15,2021,cancelled
21871,315,239.52,2020,pending
21872,41,912.89,2020,completed
21873,302,228.05,2022,completed
21874,191,801.66,2024,completed
21875,432,95.44,2022,refunded
21876,266,647.33,2022,completed
21877,144,679.23,2024,refunded
21878,441,957.30,2023,completed
21879,92,30.17,2020,completed
21880,406,696.01,2023,completed
21881,365,829.48,2022,completed
21882,31,755.88,2022,completed
21883,240,54.43,2022,refunded
21884,19,955.74,2024,completed
21885,496,454.53,2024,cancelled
21886,303,530.57,2023,completed
21887,333,563.46,2024,completed
21888,138,486.18,2023,completed
21889,122,348.52,2020,cancelled
21890,381,128.88,2023,completed
21891,491,933.94,2023,completed
21892,102,81.47,2020,completed
21893,290,483.45,2021,completed
21894,182,912.96,2024,cancelled
21895,2,863.68,2020,completed
21896,82,66.56,2022,cancelled
21897,36,564.85,2024,completed
21898,264,531.58,2021,completed
21899,179,368.38,2021,completed
21900,347,423.87,2023,completed
21901,455,964.69,2022,pending
21902,150,468.95,2020,cancelled
21903,466,108.33,2022,pending
21904,8,539.57,2020,cancelled
21905,391,753.48,2022,completed
21906,190,783.18,2024,completed
21907,333,678.24,2024,pending
21908,53,672.18,2024,completed
21909,434,397.10,2020,pending
21910,14,512.43,2023,completed
21911,353,296.23,2023,refunded
21912,272,230.97,2022,cancelled
21913,184,511.68,2020,completed
21914,166,72.52,2024,completed
21915,59,755.48,2022,cancelled
21916,372,377.64,2022,refunded
21917,263,595.57,2023,completed
21918,114,623.82,2023,cancelled
21919,361,792.43,2022,completed
21920,297,575.19,2022,completed
21921,307,323.83,2023,completed
21922,155,983.63,2021,cancelled
21923,92,28.93,2023,completed
21924,343,352.74,2023,cancelled
21925,490,615.10,2023,cancelled
21926,264,552.61,2023,completed
21927,425,567.28,2024,completed
21928,494,938.87,2022,completed
21929,28,576.02,2022,completed
21930,412,672.97,2024,completed
21931,208,924.85,2020,cancelled
21932,275,209.53,2020,completed
21933,352,112.35,2020,pending
21934,171,174.94,2024,pending
21935,39,811.73,2024,completed
21936,288,149.94,2023,completed
21937,282,84.33,2023,completed
21938,448,252.35,2021,pending
21939,229,783.07,2024,completed
21940,70,411.56,2021,completed
21941,66,681.82,2020,completed
21942,454,860.68,2024,completed
21943,380,427.96,2022,completed
21944,112,673.17,2020,completed
21945,102,287.28,2022,cancelled
21946,293,387.54,2023,cancelled
21947,315,596.21,2024,pending
21948,417,145.69,2024,refunded
21949,394,149.61,2021,refunded
21950,461,468.30,2021,completed
21951,380,133.97,2021,completed
21952,95,793.94,2024,refunded
21953,173,638.56,2022,pending
21954,317,665.01,2022,completed
21955,244,546.03,2023,completed
21956,266,802.02,2020,completed
21957,148,208.13,2020,completed
21958,82,358.44,2024,cancelled
21959,263,863.98,2023,cancelled
21960,464,761.08,2020,refunded
21961,280,954.28,2023,cancelled
21962,243,621.40,2021,refunded
21963,349,582.31,2021,completed
21964,73,438.43,2022,refunded
21965,208,500.28,2021,completed
21966,491,12.77,2024,completed
21967,202,37.89,2020,completed
21968,106,271.64,2022,completed
21969,245,478.81,2020,cancelled
21970,110,230.01,2024,pending
21971,353,798.79,2022,completed
21972,169,808.68,2023,refunded
21973,198,687.54,2023,completed
21974,52,560.78,2020,completed
21975,297,644.95,2021,completed
21976,75,733.65,2021,completed
21977,207,626.79,2021,cancelled
21978,135,590.97,2020,completed
21979,218,747.08,2023,pending
21980,435,593.71,2022,cancelled
21981,474,722.18,2024,completed
21982,216,291.17,2024,refunded
21983,216,694.78,2020,cancelled
21984,434,967.08,2021,completed
21985,66,45.33,2021,refunded
21986,73,579.81,2021,completed
21987,134,319.31,2024,completed
21988,194,154.67,2021,pending
21989,194,139.14,2021,completed
21990,483,886.97,2024,completed
21991,197,397.72,2022,completed
21992,429,353.24,2021,pending
21993,298,623.69,2020,completed
21994,3,939.29,2020,completed
21995,118,297.30,2023,completed
21996,459,608.74,2022,refunded
21997,428,554.07,2020,refunded
21998,385,350.48,2021,completed
21999,70,520.07,2023,cancelled
22000,229,718.27,2022,completed
22001,355,59.88,2024,completed
22002,264,774.21,2022,cancelled
22003,246,445.44,2022,completed
22004,261,812.48,2021,pending
22005,499,606.35,2020,completed
22006,329,586.50,2024,cancelled
22007,179,269.16,2024,completed
22008,371,422.02,2024,completed
22009,58,904.41,2023,completed
22010,410,394.39,2020,completed
22011,447,877.05,2020,completed
22012,41,614.53,2022,pending
22013,369,272.30,2024,completed
22014,159,753.52,2024,completed
22015,433,99.05,2020,cancelled
22016,448,464.81,2022,cancelled
22017,178,212.53,2022,cancelled
22018,213,146.16,2023,completed
22019,34,154.52,2024,refunded
22020,272,468.50,2020,completed
22021,334,555.78,2021,cancelled
22022,285,17.22,2024,completed
22023,263,976.43,2024,completed
22024,61,755.21,2022,cancelled
22025,251,313.65,2024,completed
22026,282,74.32,2022,completed
22027,200,751.65,2023,completed
22028,6,944.09,2023,pending
22029,166,797.87,2022,completed
22030,285,324.33,2022,pending
22031,151,683.28,2020,completed
22032,381,982.90,2022,completed
22033,16,162.26,2023,completed
22034,402,858.26,2023,refunded
22035,349,378.68,2024,cancelled
22036,203,601.01,2024,completed
22037,375,146.27,2022,completed
22038,77,390.56,2020,completed
22039,433,241.23,2024,completed
22040,336,92.83,2022,pending
22041,182,346.78,2021,completed
22042,491,959.65,2023,completed
22043,188,360.81,2021,pending
22044,241,631.82,2022,completed
22045,246,564.41,2024,completed
22046,43,39.98,2020,completed
22047,248,495.34,2021,completed
22048,258,312.87,2021,pending
22049,316,326.44,2022,completed
22050,235,929.98,2023,cancelled
22051,14,394.72,2023,cancelled
22052,162,666.31,2024,refunded
22053,212,135.97,2020,completed
22054,403,260.63,2021,pending
22055,178,74.16,2022,cancelled
22056,191,139.77,2020,refunded
22057,90,839.97,2021,completed
22058,425,674.17,2023,completed
22059,278,622.94,2024,completed
22060,57,669.14,2021,pending
22061,139,425.63,2023,completed
22062,489,82.18,2023,completed
22063,284,500.43,2023,pending
22064,296,763.55,2020,completed
22065,429,157.00,2024,completed
22066,265,452.36,2021,pending
22067,212,726.80,2023,completed
22068,41,861.83,2021,pending
22069,199,713.41,2024,completed
22070,478,449.74,2021,completed
22071,279,786.65,2020,cancelled
22072,466,197.80,2023,completed
22073,114,935.96,2024,completed
22074,341,310.20,2021,cancelled
22075,293,647.10,2021,cancelled
22076,464,242.20,2020,cancelled
22077,162,681.53,2022,completed
22078,36,926.00,2020,cancelled
22079,286,407.97,2022,pending
22080,218,674.56,2023,completed
22081,495,932.73,2024,pending
22082,334,77.60,2022,completed
22083,254,922.13,2022,completed
22084,308,781.69,2021,completed
22085,257,694.96,2022,completed
22086,277,58.05,2022,cancelled
22087,397,792.45,2021,pending
22088,59,689.88,2022,completed
22089,177,515.65,2022,completed
22090,424,717.11,2022,completed
22091,478,926.83,2021,completed
22092,217,830.50,2023,completed
22093,146,780.86,2024,pending
22094,201,538.80,2022,completed
22095,172,82.28,2024,pending
22096,262,213.64,2023,completed
22097,248,998.35,2024,refunded
22098,318,391.01,2024,completed
22099,445,372.67,2024,completed
22100,237,62.54,2021,completed
22101,291,941.57,2022,pending
22102,170,967.29,2020,completed
22103,64,482.29,2020,refunded
22104,30,503.89,2022,cancelled
22105,15,470.26,2024,completed
22106,423,131.09,2024,pending
22107,155,969.77,2024,cancelled
22108,95,965.21,2023,cancelled
22109,48,967.24,2024,cancelled
22110,357,510.31,2023,pending
22111,492,611.19,2022,pending
22112,422,42.18,2023,completed
22113,459,209.82,2024,refunded
22114,32,247.75,2022,completed
22115,69,772.40,2020,completed
22116,444,64.96,2021,completed
22117,95,939.78,2020,refunded
22118,201,819.19,2023,completed
22119,357,965.02,2022,pending
22120,385,991.70,2020,completed
22121,214,801.53,2023,pending
22122,333,865.41,2021,cancelled
22123,118,307.19,2022,completed
22124,399,642.51,2021,pending
22125,22,323.79,2022,completed
22126,136,112.82,2024,refunded
22127,478,516.92,2022,completed
22128,252,324.79,2024,completed
22129,359,76.36,2023,completed
22130,160,709.40,2020,completed
22131,53,824.99,2021,completed
22132,353,338.77,2021,refunded
22133,134,61.61,2024,pending
22134,164,129.46,2024,completed
22135,437,335.33,2021,completed
22136,380,915.31,2023,refunded
22137,98,261.45,2022,cancelled
22138,452,868.89,2023,completed
22139,382,835.14,2020,refunded
22140,337,18.11,2020,cancelled
22141,394,363.46,2023,pending
22142,295,178.30,2024,completed
22143,11,295.76,2023,cancelled
22144,49,668.27,2023,completed
22145,150,379.54,2022,completed
22146,101,879.04,2021,completed
22147,194,692.95,2021,refunded
22148,169,478.85,2020,completed
22149,492,693.08,2020,completed
22150,36,827.37,2024,completed
22151,495,619.50,2021,refunded
22152,480,904.75,2021,refunded
22153,13,858.39,2024,completed
22154,353,186.54,2022,completed
22155,397,505.17,2024,completed
22156,98,559.45,2020,pending
22157,302,830.18,2022,completed
22158,271,139.74,2021,completed
22159,350,592.59,2023,completed
22160,324,21.01,2020,cancelled
22161,347,623.94,2024,completed
22162,394,706.51,2022,completed
22163,452,246.96,2024,completed
22164,226,749.98,2022,pending
22165,188,112.32,2020,cancelled
22166,227,195.41,2020,completed
22167,168,196.89,2021,pending
22168,22,699.26,2022,cancelled
22169,311,997.15,2023,completed
22170,178,22.94,2023,pending
22171,172,690.28,2024,cancelled
22172,240,298.69,2024,cancelled
22173,119,964.95,2021,completed
22174,340,427.10,2021,pending
22175,59,168.26,2022,completed
22176,15,770.50,2021,completed
22177,358,703.42,2020,completed
22178,11,879.89,2023,cancelled
22179,423,586.05,2022,completed
22180,94,860.80,2021,completed
22181,146,479.96,2022,completed
22182,364,338.36,2021,completed
22183,497,958.47,2022,completed
22184,18,877.01,2024,completed
22185,200,567.22,2023,completed
22186,123,335.64,2023,pending
22187,93,129.65,2024,completed
22188,33,52.63,2022,pending
22189,393,505.38,2024,completed
22190,230,948.80,2024,completed
22191,74,283.52,2020,completed
22192,273,905.41,2021,completed
22193,352,21.25,2021,cancelled
22194,255,240.00,2022,pending
22195,336,773.72,2023,completed
22196,359,384.85,2024,pending
22197,351,963.98,2023,refunded
22198,466,651.45,2021,completed
22199,295,519.89,2023,pending
22200,61,10.89,2021,completed
22201,383,240.37,2022,completed
22202,213,59.10,2023,pending
22203,333,320.98,2021,completed
22204,374,526.03,2020,cancelled
22205,91,543.78,2020,completed
22206,276,468.28,2020,completed
22207,499,477.17,2021,completed
22208,61,151.59,2022,completed
22209,144,273.77,2021,completed
22210,329,672.95,2023,completed
22211,69,509.82,2022,completed
22212,401,384.24,2021,completed
22213,410,108.80,2022,cancelled
22214,286,78.67,2022,pending
22215,428,461.03,2021,completed
22216,7,633.11,2023,completed
22217,351,736.50,2020,completed
22218,442,939.18,2022,refunded
22219,51,816.32,2024,completed
22220,37,626.19,2021,cancelled
22221,192,80.27,2021,pending
22222,233,950.73,2022,pending
22223,381,577.59,2021,cancelled
22224,70,855.26,2023,completed
22225,81,337.26,2020,refunded
22226,139,949.49,2023,completed
22227,263,685.13,2020,completed
22228,442,549.02,2024,refunded
22229,311,876.08,2024,refunded
22230,399,504.34,2020,pending
22231,357,942.32,2020,completed
22232,352,667.59,2022,completed
22233,23,282.73,2022,pending
22234,149,164.28,2020,pending
22235,250,738.66,2024,completed
22236,131,116.78,2020,completed
22237,81,666.03,2024,pending
22238,313,36.68,2022,pending
22239,163,89.46,2022,pending
22240,284,112.32,2023,completed
22241,222,59.00,2022,pending
22242,166,238.45,2021,cancelled
22243,262,924.89,2020,completed
22244,50,508.55,2024,completed
22245,471,128.62,2024,completed
22246,273,549.15,2023,refunded
22247,347,763.09,2024,cancelled
22248,193,474.28,2024,pending
22249,32,776.18,2020,cancelled
22250,294,669.61,2023,completed
22251,174,693.44,2024,pending
22252,34,769.88,2022,refunded
22253,419,150.96,2020,completed
22254,352,253.94,2022,pending
22255,112,952.66,2020,completed
22256,278,294.80,2024,refunded
22257,147,508.46,2023,completed
22258,422,394.40,2023,completed
22259,121,469.58,2020,cancelled
22260,290,120.87,2020,cancelled
22261,142,562.39,2021,refunded
22262,24,805.35,2023,completed
22263,92,52.72,2021,refunded
22264,246,437.82,2024,completed
22265,64,746.97,2020,completed
22266,64,848.86,2024,refunded
22267,357,198.12,2021,pending
22268,291,459.39,2021,completed
22269,49,271.48,2022,pending
22270,443,507.14,2024,cancelled
22271,121,221.14,2022,refunded
22272,455,495.22,2023,refunded
22273,305,344.82,2022,cancelled
22274,157,222.97,2021,refunded
22275,439,549.44,2021,completed
22276,323,902.24,2021,completed
22277,470,772.12,2024,completed
22278,56,324.83,2022,completed
22279,50,584.87,2021,completed
22280,9,292.79,2024,completed
22281,441,599.52,2023,completed
22282,424,66.56,2023,completed
22283,434,383.80,2020,refunded
22284,435,715.33,2022,cancelled
22285,368,186.18,2021,cancelled
22286,164,414.05,2024,pending
22287,296,455.65,2020,completed
22288,242,98.05,2022,cancelled
22289,431,891.20,2021,completed
22290,141,190.90,2021,completed
22291,115,364.38,2020,completed
22292,313,523.71,2022,completed
22293,105,353.32,2023,completed
22294,425,78.29,2021,completed
22295,403,838.35,2024,completed
22296,6,707.62,2023,completed
22297,51,300.20,2024,refunded
22298,19,257.88,2021,refunded
22299,308,319.25,2022,pending
22300,100,180.92,2020,completed
22301,257,686.71,2020,pending
22302,247,656.68,2021,pending
22303,497,894.27,2023,cancelled
22304,223,248.25,2023,completed
22305,19,988.80,2024,completed
22306,267,503.84,2022,completed
22307,158,299.78,2024,completed
22308,191,339.97,2023,completed
22309,134,991.23,2020,refunded
22310,156,267.05,2022,refunded
22311,178,850.72,2021,refunded
22312,303,60.69,2022,cancelled
22313,110,866.90,2024,refunded
22314,31,667.41,2023,completed
22315,19,814.45,2024,completed
22316,200,442.96,2022,pending
22317,440,982.02,2022,refunded
22318,316,293.42,2020,refunded
22319,70,459.94,2020,completed
22320,72,697.47,2022,refunded
22321,397,664.09,2023,cancelled
22322,29,358.95,2023,completed
22323,439,201.86,2020,completed
22324,152,91.39,2024,completed
22325,54,593.08,2022,pending
22326,340,266.01,2023,cancelled
22327,323,635.48,2023,completed
22328,431,180.08,2024,refunded
22329,130,774.30,2020,cancelled
22330,386,139.68,2020,cancelled
22331,366,754.35,2022,refunded
22332,224,706.32,2021,completed
22333,199,483.69,2023,refunded
22334,321,849.51,2020,refunded
22335,156,842.08,2024,completed
22336,164,917.55,2024,completed
22337,136,57.52,2021,completed
22338,416,108.26,2023,completed
22339,6,433.03,2022,completed
22340,171,41.50,2022,pending
22341,491,454.67,2023,refunded
22342,198,582.71,2022,completed
22343,8,578.78,2024,cancelled
22344,37,462.66,2024,cancelled
22345,321,95.21,2022,refunded
22346,384,770.31,2020,completed
22347,318,751.91,2021,cancelled
22348,421,926.01,2024,completed
22349,151,783.68,2023,pending
22350,15,214.47,2022,refunded
22351,17,532.21,2021,completed
22352,336,936.61,2022,pending
22353,280,954.57,2021,completed
22354,201,927.87,2024,completed
22355,208,518.57,2023,refunded
22356,96,684.30,2021,completed
22357,369,826.45,2020,completed
22358,140,798.60,2020,completed
22359,369,268.83,2021,pending
22360,141,203.44,2024,completed
22361,18,660.46,2023,refunded
22362,163,723.85,2020,completed
22363,430,16.05,2024,refunded
22364,42,837.67,2021,completed
22365,394,477.49,2023,completed
22366,384,571.79,2024,completed
22367,44,913.54,2023,completed
22368,77,900.34,2023,refunded
22369,7,565.12,2023,completed
22370,96,717.17,2020,refunded
22371,330,393.23,2023,completed
22372,6,40.52,2023,completed
22373,387,305.27,2023,completed
22374,275,178.71,2022,completed
22375,331,241.52,2023,completed
22376,1,42.85,2023,completed
22377,452,48.98,2021,completed
22378,379,594.18,2023,refunded
22379,467,346.52,2023,pending
22380,241,585.88,2020,refunded
22381,92,288.04,2024,completed
22382,402,398.36,2021,refunded
22383,341,957.00,2024,pending
22384,183,975.02,2021,completed
22385,484,394.49,2024,completed
22386,326,396.59,2023,completed
22387,474,393.39,2023,pending
22388,487,767.01,2024,completed
22389,408,105.29,2024,pending
22390,130,852.36,2024,completed
22391,304,769.71,2020,completed
22392,426,916.23,2022,completed
22393,72,351.26,2024,refunded
22394,365,927.32,2020,completed
22395,265,444.11,2024,completed
22396,428,622.69,2023,refunded
22397,24,276.68,2021,cancelled
22398,272,260.61,2020,refunded
22399,328,504.02,2021,completed
22400,17,657.34,2021,cancelled
22401,500,42.94,2021,refunded
22402,54,47.66,2022,completed
22403,129,203.95,2020,completed
22404,108,899.47,2023,completed
22405,210,428.92,2022,refunded
22406,12,381.22,2020,refunded
22407,4,710.42,2023,cancelled
22408,83,623.88,2022,completed
22409,201,336.14,2022,completed
22410,160,886.85,2020,cancelled
22411,387,816.22,2023,completed
22412,456,779.96,2023,refunded
22413,345,752.27,2023,completed
22414,375,223.59,2023,pending
22415,92,604.78,2024,completed
22416,83,11.36,2024,completed
22417,459,25.53,2022,completed
22418,314,133.32,2024,completed
22419,405,648.25,2020,completed
22420,249,544.46,2023,completed
22421,177,985.68,2022,refunded
22422,326,350.73,2024,completed
22423,335,280.77,2023,completed
22424,4,648.01,2022,refunded
22425,73,349.07,2022,pending
22426,80,796.72,2024,pending
22427,228,594.28,2024,completed
22428,148,108.10,2024,refunded
22429,87,481.05,2023,refunded
22430,447,728.01,2023,cancelled
22431,271,682.73,2024,cancelled
22432,320,813.07,2020,cancelled
22433,217,784.66,2022,refunded
22434,241,767.56,2023,refunded
22435,400,646.54,2023,completed
22436,329,965.10,2024,refunded
22437,108,635.87,2023,completed
22438,172,143.40,2021,refunded
22439,139,147.00,2021,completed
22440,367,23.15,2022,completed
22441,497,100.33,2020,cancelled
22442,406,839.42,2021,completed
22443,447,755.43,2021,cancelled
22444,263,117.75,2024,completed
22445,168,758.52,2023,completed
22446,253,799.88,2021,completed
22447,487,252.64,2024,completed
22448,267,401.67,2022,cancelled
22449,26,814.02,2021,cancelled
22450,467,592.06,2020,completed
22451,9,44.06,2023,cancelled
22452,331,217.58,2021,completed
22453,410,276.39,2021,completed
22454,270,170.41,2022,completed
22455,357,366.53,2023,completed
22456,198,757.06,2024,completed
22457,282,553.11,2023,completed
22458,398,780.75,2023,pending
22459,372,439.42,2022,completed
22460,368,677.49,2023,pending
22461,62,281.65,2020,cancelled
22462,279,460.89,2020,completed
22463,73,954.14,2024,completed
22464,40,489.12,2021,cancelled
22465,242,86.83,2021,cancelled
22466,291,86.59,2022,refunded
22467,2,248.62,2024,completed
22468,49,136.36,2020,refunded
22469,353,374.09,2022,completed
22470,315,414.84,2024,completed
22471,49,89.93,2020,refunded
22472,51,997.15,2022,completed
22473,337,682.96,2022,completed
22474,74,159.46,2021,completed
22475,261,198.72,2023,completed
22476,490,462.82,2021,completed
22477,201,658.42,2021,refunded
22478,421,38.88,2023,completed
22479,138,220.80,2022,refunded
22480,213,619.26,2023,completed
22481,137,983.35,2023,completed
22482,215,571.56,2022,cancelled
22483,206,597.36,2021,completed
22484,242,620.70,2024,completed
22485,184,900.47,2023,refunded
22486,98,310.36,2022,cancelled
22487,233,875.50,2021,completed
22488,489,819.89,2020,refunded
22489,449,912.63,2024,cancelled
22490,306,811.77,2022,completed
22491,237,681.11,2022,completed
22492,222,11.10,2023,completed
22493,88,132.23,2022,completed
22494,162,25.19,2020,cancelled
22495,424,579.72,2021,refunded
22496,311,206.80,2021,completed
22497,436,175.76,2020,pending
22498,228,94.46,2023,completed
22499,122,705.06,2023,completed
22500,198,814.85,2021,completed
22501,41,456.95,2022,cancelled
22502,160,117.46,2022,completed
22503,84,836.82,2020,completed
22504,410,987.58,2021,refunded
22505,388,424.19,2024,cancelled
22506,246,150.49,2024,completed
22507,145,840.86,2020,cancelled
22508,409,833.33,2023,refunded
22509,75,679.95,2021,pending
22510,414,585.06,2022,completed
22511,312,604.72,2022,completed
22512,240,141.44,2020,completed
22513,255,835.51,2021,cancelled
22514,281,231.72,2024,completed
22515,217,851.79,2024,pending
22516,438,725.78,2020,completed
22517,128,812.81,2021,completed
22518,254,344.39,2020,pending
22519,308,683.28,2022,completed
22520,315,853.90,2024,pending
22521,439,946.72,2020,completed
22522,249,63.82,2020,completed
22523,482,369.55,2023,completed
22524,76,776.71,2024,refunded
22525,400,699.71,2023,pending
22526,401,528.52,2023,completed
22527,485,193.13,2021,refunded
22528,101,849.48,2023,pending
22529,256,893.64,2023,completed
22530,171,732.33,2023,completed
22531,469,569.07,2023,cancelled
22532,326,792.21,2022,cancelled
22533,108,969.85,2023,completed
22534,324,788.65,2021,pending
22535,463,599.17,2020,completed
22536,371,103.27,2021,cancelled
22537,240,464.72,2020,cancelled
22538,224,364.95,2021,cancelled
22539,136,162.95,2020,pending
22540,37,575.51,2023,completed
22541,101,722.17,2020,completed
22542,293,969.35,2020,completed
22543,413,706.37,2022,refunded
22544,125,45.92,2020,completed
22545,436,233.32,2020,cancelled
22546,335,595.97,2021,completed
22547,62,412.84,2021,completed
22548,180,885.58,2020,pending
22549,245,822.85,2024,refunded
22550,289,603.27,2023,cancelled
22551,496,712.59,2023,refunded
22552,235,937.44,2020,refunded
22553,214,290.80,2021,completed
22554,395,248.46,2021,completed
22555,345,513.22,2024,completed
22556,412,175.76,2022,pending
22557,150,114.14,2024,completed
22558,487,713.15,2021,refunded
22559,109,206.65,2024,refunded
22560,237,885.54,2022,completed
22561,145,82.89,2024,pending
22562,483,482.98,2020,completed
22563,91,451.54,2020,cancelled
22564,441,28.02,2024,completed
22565,388,446.96,2022,refunded
22566,134,795.69,2020,pending
22567,271,194.78,2024,completed
22568,353,814.58,2023,completed
22569,387,371.96,2023,completed
22570,424,947.46,2022,completed
22571,283,681.03,2020,completed
22572,19,623.92,2023,refunded
22573,102,499.28,2020,completed
22574,177,188.28,2021,pending
22575,104,793.92,2020,completed
22576,178,798.27,2020,completed
22577,330,841.79,2022,pending
22578,179,912.60,2021,completed
22579,11,67.93,2020,completed
22580,100,412.87,2020,cancelled
22581,61,16.42,2023,refunded
22582,292,481.38,2021,cancelled
22583,339,580.37,2021,pending
22584,110,302.25,2023,cancelled
22585,223,827.45,2021,completed
22586,415,376.39,2020,refunded
22587,230,87.22,2024,refunded
22588,151,791.54,2020,completed
22589,88,386.76,2020,completed
22590,368,521.50,2021,cancelled
22591,407,853.53,2022,pending
22592,103,933.81,2023,cancelled
22593,388,82.64,2021,completed
22594,498,138.22,2024,completed
22595,277,329.21,2021,refunded
22596,148,345.53,2023,completed
22597,398,285.18,2023,pending
22598,421,963.73,2021,refunded
22599,23,353.97,2020,cancelled
22600,15,389.21,2024,completed
22601,468,963.22,2022,completed
22602,260,91.12,2022,pending
22603,386,747.61,2020,refunded
22604,183,797.98,2021,cancelled
22605,282,622.94,2020,cancelled
22606,177,218.82,2020,completed
22607,375,519.94,2021,completed
22608,321,514.64,2020,refunded
22609,107,35.93,2024,refunded
22610,275,386.44,2023,completed
22611,350,311.63,2023,refunded
22612,429,98.48,2024,completed
22613,102,318.20,2020,completed
22614,453,210.22,2024,pending
22615,463,446.80,2024,completed
22616,143,414.92,2021,refunded
22617,390,949.76,2021,cancelled
22618,414,107.39,2022,pending
22619,30,547.54,2023,pending
22620,222,611.76,2021,pending
22621,288,719.19,2022,refunded
22622,21,918.86,2020,completed
22623,174,959.68,2024,completed
22624,463,268.87,2024,cancelled
22625,493,994.58,2020,completed
22626,414,207.52,2020,completed
22627,112,512.24,2024,refunded
22628,114,367.47,2024,cancelled
22629,88,921.86,2023,cancelled
22630,94,211.78,2024,completed
22631,58,324.03,2024,refunded
22632,332,374.32,2022,completed
22633,183,393.06,2023,completed
22634,276,995.62,2023,completed
22635,18,873.94,2024,pending
22636,166,942.72,2020,refunded
22637,453,481.56,2021,completed
22638,96,123.77,2022,refunded
22639,302,535.10,2020,cancelled
22640,214,40.93,2021,pending
22641,179,794.99,2023,refunded
22642,369,95.83,2021,cancelled
22643,89,786.96,2024,refunded
22644,200,715.76,2022,refunded
22645,431,685.56,2022,completed
22646,95,802.15,2024,cancelled
22647,462,61.56,2023,completed
22648,139,214.28,2023,completed
22649,386,772.94,2022,completed
22650,253,697.46,2023,cancelled
22651,435,472.19,2021,completed
22652,160,415.33,2024,completed
22653,118,23.52,2024,completed
22654,446,678.50,2022,completed
22655,106,592.45,2023,cancelled
22656,166,132.42,2023,pending
22657,152,37.61,2022,refunded
22658,415,795.29,2022,completed
22659,237,122.69,2020,completed
22660,176,247.79,2020,completed
22661,333,134.58,2022,completed
22662,336,920.57,2024,completed
22663,89,653.42,2023,completed
22664,73,567.25,2022,completed
22665,152,615.95,2023,completed
22666,222,314.43,2021,pending
22667,51,596.45,2021,completed
22668,65,965.86,2024,completed
22669,135,622.78,2020,completed
22670,399,783.25,2020,completed
22671,485,956.96,2022,pending
22672,192,959.05,2022,completed
22673,249,700.80,2024,cancelled
22674,148,908.04,2021,completed
22675,233,890.73,2020,completed
22676,231,295.16,2020,completed
22677,423,951.35,2023,cancelled
22678,483,722.85,2024,pending
22679,31,111.27,2024,cancelled
22680,471,926.67,2023,pending
22681,252,983.13,2024,pending
22682,245,669.96,2024,completed
22683,344,370.29,2023,pending
22684,465,530.19,2022,pending
22685,232,183.85,2021,pending
22686,254,479.30,2022,completed
22687,100,358.63,2024,pending
22688,227,431.91,2021,refunded
22689,459,464.67,2020,pending
22690,161,670.88,2021,completed
22691,311,27.36,2021,completed
22692,441,104.67,2024,completed
22693,143,373.32,2020,completed
22694,432,142.55,2021,completed
22695,269,257.87,2023,refunded
22696,114,380.97,2024,completed
22697,167,328.38,2021,cancelled
22698,70,785.05,2022,cancelled
22699,329,258.89,2024,refunded
22700,12,813.10,2023,pending
22701,321,737.47,2022,completed
22702,75,19.46,2022,cancelled
22703,327,857.61,2022,completed
22704,163,132.15,2023,refunded
22705,305,181.85,2020,refunded
22706,339,79.67,2022,completed
22707,87,495.65,2022,completed
22708,278,447.37,2024,completed
22709,237,750.21,2024,completed
22710,65,740.82,2023,cancelled
22711,202,200.03,2022,completed
22712,295,328.60,2021,cancelled
22713,470,186.16,2021,pending
22714,298,704.54,2023,completed
22715,57,678.72,2020,pending
22716,241,774.63,2023,cancelled
22717,266,683.95,2020,completed
22718,296,817.27,2023,completed
22719,114,945.56,2022,completed
22720,191,28.74,2020,completed
22721,235,984.26,2023,cancelled
22722,345,18.44,2024,completed
22723,334,542.69,2022,completed
22724,91,354.60,2023,completed
22725,475,168.84,2020,completed
22726,498,42.01,2023,refunded
22727,69,83.49,2023,completed
22728,25,27.52,2022,pending
22729,28,593.61,2024,completed
22730,9,66.35,2024,completed
22731,96,645.83,2023,cancelled
22732,349,948.11,2024,completed
22733,109,273.93,2023,completed
22734,98,450.43,2021,cancelled
22735,372,707.71,2020,cancelled
22736,272,767.91,2022,cancelled
22737,228,174.49,2021,refunded
22738,393,369.61,2023,refunded
22739,7,213.22,2022,completed
22740,47,413.76,2020,completed
22741,58,563.07,2023,completed
22742,362,739.60,2021,cancelled
22743,344,725.99,2023,completed
22744,391,908.34,2022,completed
22745,494,265.79,2022,completed
22746,444,320.07,2021,refunded
22747,299,623.48,2020,pending
22748,281,227.47,2023,refunded
22749,199,429.98,2022,refunded
22750,326,760.89,2020,completed
22751,304,860.72,2021,completed
22752,451,546.57,2022,cancelled
22753,175,305.65,2020,refunded
22754,333,715.70,2024,completed
22755,310,92.34,2020,refunded
22756,195,792.42,2021,cancelled
22757,450,257.70,2023,completed
22758,260,431.22,2021,completed
22759,22,963.86,2020,refunded
22760,226,988.67,2024,completed
22761,286,195.65,2024,pending
22762,253,82.76,2022,completed
22763,95,272.85,2023,completed
22764,223,950.81,2021,cancelled
22765,222,687.31,2022,refunded
22766,92,554.65,2022,completed
22767,144,413.63,2020,pending
22768,135,71.79,2021,completed
22769,62,171.50,2021,completed
22770,498,738.14,2021,pending
22771,422,780.23,2024,cancelled
22772,203,506.10,2021,cancelled
22773,161,77.66,2022,cancelled
22774,448,24.61,2020,completed
22775,28,215.72,2020,cancelled
22776,27,716.67,2020,cancelled
22777,217,250.53,2024,completed
22778,457,996.98,2024,refunded
22779,201,853.43,2020,cancelled
22780,28,599.07,2024,completed
22781,281,55.62,2020,completed
22782,414,909.13,2021,completed
22783,23,698.37,2023,completed
22784,248,127.50,2021,completed
22785,426,181.49,2020,cancelled
22786,449,533.01,2023,completed
22787,68,895.35,2024,completed
22788,330,769.66,2021,completed
22789,175,742.91,2021,completed
22790,293,812.97,2022,completed
22791,163,840.92,2020,completed
22792,9,403.09,2023,completed
22793,132,165.17,2020,pending
22794,125,898.72,2024,refunded
22795,451,83.14,2020,cancelled
22796,156,65.07,2021,completed
22797,166,193.32,2022,cancelled
22798,300,559.36,2023,completed
22799,291,252.21,2020,completed
22800,196,940.07,2022,completed
22801,215,634.45,2022,completed
22802,112,516.79,2024,completed
22803,104,39.72,2022,completed
22804,443,934.87,2022,pending
22805,168,121.31,2021,pending
22806,96,229.32,2024,refunded
22807,422,391.43,2023,completed
22808,473,219.20,2023,completed
22809,197,760.64,2020,completed
22810,325,438.09,2021,pending
22811,245,513.01,2022,completed
22812,382,323.76,2021,cancelled
22813,429,928.43,2021,refunded
22814,496,282.06,2024,completed
22815,375,609.58,2024,cancelled
22816,39,495.38,2024,refunded
22817,48,239.03,2022,cancelled
22818,370,160.55,2024,refunded
22819,230,147.16,2024,cancelled
22820,48,762.82,2020,refunded
22821,51,582.54,2023,refunded
22822,274,827.55,2024,pending
22823,444,466.96,2024,cancelled
22824,88,977.12,2021,completed
22825,75,794.55,2022,pending
22826,62,213.70,2021,completed
22827,227,173.97,2020,cancelled
22828,459,354.69,2023,completed
22829,124,92.08,2023,completed
22830,378,438.01,2024,completed
22831,311,557.57,2020,pending
22832,90,827.68,2022,completed
22833,208,276.02,2020,completed
22834,150,189.31,2022,pending
22835,155,249.32,2021,cancelled
22836,99,515.16,2021,completed
22837,236,916.99,2023,refunded
22838,77,224.12,2021,pending
22839,71,12.00,2023,pending
22840,21,816.40,2024,completed
22841,466,570.48,2023,completed
22842,216,92.75,2022,refunded
22843,152,453.75,2020,completed
22844,219,935.10,2024,pending
22845,338,911.20,2023,completed
22846,462,618.41,2022,refunded
22847,277,729.58,2023,completed
22848,134,187.16,2021,refunded
22849,357,94.91,2020,pending
22850,181,137.94,2024,completed
22851,287,675.22,2020,completed
22852,311,225.02,2023,completed
22853,75,815.45,2022,completed
22854,17,261.01,2022,completed
22855,363,875.78,2021,refunded
22856,234,744.38,2020,cancelled
22857,219,808.09,2023,pending
22858,178,693.28,2023,cancelled
22859,453,768.75,2022,cancelled
22860,349,785.15,2023,completed
22861,137,378.36,2023,cancelled
22862,271,126.44,2020,pending
22863,350,44.43,2021,pending
22864,394,168.78,2020,refunded
22865,310,985.01,2023,completed
22866,313,793.72,2022,completed
22867,329,694.19,2022,cancelled
22868,50,483.19,2023,pending
22869,199,750.06,2024,completed
22870,98,107.78,2023,refunded
22871,300,26.34,2020,pending
22872,240,793.82,2021,cancelled
22873,63,304.83,2023,completed
22874,38,842.61,2023,pending
22875,5,971.33,2021,pending
22876,62,266.59,2023,refunded
22877,466,47.83,2021,cancelled
22878,54,357.07,2023,refunded
22879,338,139.03,2022,completed
22880,371,194.21,2020,completed
22881,487,703.22,2020,completed
22882,438,468.35,2021,completed
22883,245,189.90,2021,cancelled
22884,348,495.34,2020,pending
22885,380,697.64,2022,completed
22886,419,95.17,2020,pending
22887,418,707.84,2022,cancelled
22888,380,29.09,2024,completed
22889,464,511.09,2022,refunded
22890,230,748.13,2021,completed
22891,385,571.69,2024,completed
22892,460,706.55,2020,refunded
22893,477,47.78,2022,pending
22894,323,687.02,2020,completed
22895,110,775.76,2022,completed
22896,102,343.63,2022,cancelled
22897,48,845.61,2022,cancelled
22898,38,654.98,2021,completed
22899,275,351.34,2023,completed
22900,494,572.04,2024,completed
22901,416,918.08,2024,completed
22902,446,579.78,2022,cancelled
22903,458,832.69,2023,pending
22904,201,598.87,2022,completed
22905,471,356.71,2022,pending
22906,280,227.69,2023,completed
22907,287,143.42,2023,pending
22908,378,357.62,2020,refunded
22909,164,302.15,2020,pending
22910,300,944.57,2024,completed
22911,444,335.33,2023,cancelled
22912,326,500.51,2021,completed
22913,331,931.43,2020,completed
22914,466,356.41,2022,completed
22915,289,31.16,2024,cancelled
22916,290,44.00,2023,cancelled
22917,105,402.49,2020,completed
22918,329,140.68,2023,completed
22919,104,377.40,2021,completed
22920,249,346.79,2024,completed
22921,491,881.18,2021,cancelled
22922,260,496.31,2022,completed
22923,179,298.85,2022,refunded
22924,437,290.91,2021,refunded
22925,187,44.56,2024,completed
22926,397,967.55,2023,cancelled
22927,102,485.26,2021,completed
22928,123,961.22,2020,completed
22929,463,361.58,2023,cancelled
22930,32,650.57,2024,pending
22931,434,465.97,2020,refunded
22932,158,797.59,2021,cancelled
22933,392,153.20,2021,cancelled
22934,130,651.92,2021,refunded
22935,279,701.15,2022,completed
22936,433,956.44,2020,cancelled
22937,103,691.69,2022,completed
22938,382,573.53,2020,refunded
22939,475,705.06,2021,completed
22940,60,466.04,2021,refunded
22941,6,363.51,2021,refunded
22942,223,594.25,2021,completed
22943,406,49.32,2021,refunded
22944,448,315.90,2020,cancelled
22945,236,195.63,2023,cancelled
22946,25,691.79,2024,pending
22947,255,140.56,2024,completed
22948,450,840.43,2021,refunded
22949,218,598.71,2021,cancelled
22950,203,808.16,2024,cancelled
22951,228,69.07,2020,completed
22952,382,792.71,2024,completed
22953,186,703.49,2023,completed
22954,99,91.92,2024,completed
22955,161,363.37,2023,refunded
22956,463,113.75,2023,completed
22957,336,746.87,2023,completed
22958,453,718.24,2021,refunded
22959,403,821.30,2023,cancelled
22960,385,223.49,2024,completed
22961,46,835.24,2022,pending
22962,103,518.50,2021,completed
22963,373,743.95,2022,completed
22964,262,607.00,2024,pending
22965,346,229.69,2022,completed
22966,129,720.10,2023,cancelled
22967,395,497.37,2022,refunded
22968,488,160.12,2021,completed
22969,113,653.50,2021,completed
22970,105,929.93,2021,pending
22971,370,140.93,2024,cancelled
22972,37,589.10,2022,completed
22973,334,249.33,2020,refunded
22974,411,303.70,2020,completed
22975,330,220.25,2020,cancelled
22976,268,610.41,2020,refunded
22977,415,639.19,2023,refunded
22978,324,476.97,2024,cancelled
22979,240,205.31,2024,completed
22980,362,659.92,2024,cancelled
22981,337,611.42,2023,pending
22982,255,261.06,2023,completed
22983,296,926.82,2022,completed
22984,353,545.57,2024,completed
22985,100,148.04,2023,refunded
22986,61,707.92,2020,pending
22987,16,758.78,2020,pending
22988,16,225.73,2022,cancelled
22989,46,452.45,2020,completed
22990,213,226.69,2021,completed
22991,427,186.68,2024,pending
22992,132,408.64,2022,completed
22993,315,558.50,2021,cancelled
22994,407,858.42,2022,pending
22995,325,629.33,2024,completed
22996,258,645.36,2023,completed
22997,495,279.81,2023,pending
22998,132,533.07,2021,refunded
22999,424,148.04,2021,refunded
23000,407,79.57,2021,completed
23001,312,16.93,2020,cancelled
23002,169,637.65,2024,completed
23003,374,462.14,2020,pending
23004,368,944.69,2020,completed
23005,128,744.43,2023,pending
23006,265,97.35,2024,refunded
23007,194,606.31,2023,pending
23008,206,641.59,2020,pending
23009,145,465.53,2021,completed
23010,22,474.49,2020,completed
23011,385,137.34,2023,completed
23012,262,802.11,2024,pending
23013,420,197.69,2020,pending
23014,306,95.09,2021,cancelled
23015,431,900.17,2023,completed
23016,483,185.76,2022,completed
23017,109,734.98,2023,completed
23018,56,507.30,2023,refunded
23019,143,501.81,2021,refunded
23020,94,182.25,2022,pending
23021,404,72.33,2022,refunded
23022,141,967.24,2021,completed
23023,264,198.57,2024,refunded
23024,120,417.61,2024,completed
23025,210,788.39,2023,completed
23026,219,167.19,2023,cancelled
23027,208,600.40,2020,completed
23028,247,239.78,2022,completed
23029,53,539.83,2022,completed
23030,455,941.36,2020,completed
23031,379,434.53,2022,completed
23032,256,289.81,2020,cancelled
23033,440,473.96,2021,completed
23034,465,127.15,2022,cancelled
23035,403,977.19,2022,completed
23036,493,507.64,2023,refunded
23037,216,374.56,2023,pending
23038,186,836.03,2020,refunded
23039,329,514.63,2024,completed
23040,222,727.00,2022,pending
23041,106,138.88,2020,refunded
23042,196,975.89,2024,completed
23043,444,168.80,2020,completed
23044,461,911.69,2020,completed
23045,236,824.56,2020,completed
23046,323,792.45,2020,pending
23047,475,757.07,2021,completed
23048,9,556.25,2022,pending
23049,31,136.80,2024,completed
23050,429,810.39,2021,completed
23051,191,895.80,2020,refunded
23052,85,516.61,2024,refunded
23053,251,236.58,2022,cancelled
23054,345,145.90,2020,pending
23055,34,985.10,2022,refunded
23056,143,592.52,2021,pending
23057,173,277.96,2021,completed
23058,348,630.14,2021,completed
23059,203,884.92,2024,completed
23060,347,552.42,2022,pending
23061,281,561.34,2022,pending
23062,174,160.91,2024,completed
23063,301,250.96,2022,completed
23064,348,418.89,2021,pending
23065,294,897.52,2020,refunded
23066,378,170.32,2021,completed
23067,489,178.98,2021,cancelled
23068,197,388.65,2022,completed
23069,461,270.01,2024,completed
23070,11,462.08,2024,completed
23071,424,578.60,2020,pending
23072,36,679.23,2023,completed
23073,378,379.12,2022,completed
23074,3,432.61,2024,completed
23075,332,21.14,2023,completed
23076,215,768.83,2022,refunded
23077,143,733.96,2020,pending
23078,411,912.17,2023,cancelled
23079,72,997.67,2021,completed
23080,6,561.24,2023,completed
23081,132,270.37,2023,cancelled
23082,125,628.70,2021,cancelled
23083,17,972.43,2020,completed
23084,256,461.01,2023,refunded
23085,70,972.15,2020,refunded
23086,189,227.97,2022,completed
23087,299,506.39,2022,refunded
23088,414,717.78,2024,pending
23089,220,670.90,2024,completed
23090,101,897.34,2023,pending
23091,25,909.82,2024,cancelled
23092,203,325.01,2023,refunded
23093,460,982.78,2024,cancelled
23094,319,474.99,2022,completed
23095,326,139.28,2022,completed
23096,138,939.17,2021,completed
23097,439,227.46,2023,cancelled
23098,357,671.47,2020,completed
23099,383,80.31,2021,completed
23100,462,719.29,2024,completed
23101,12,618.98,2021,pending
23102,360,589.81,2022,pending
23103,351,936.23,2021,refunded
23104,95,557.53,2022,cancelled
23105,477,763.12,2021,completed
23106,221,666.03,2022,completed
23107,83,252.31,2024,pending
23108,432,909.42,2023,completed
23109,20,902.24,2020,completed
23110,205,865.43,2021,completed
23111,337,606.51,2023,completed
23112,378,797.76,2024,pending
23113,144,544.75,2024,pending
23114,92,425.46,2021,refunded
23115,302,249.63,2020,completed
23116,128,884.91,2022,completed
23117,162,280.68,2024,completed
23118,124,98.76,2020,pending
23119,210,739.98,2022,completed
23120,98,812.98,2020,completed
23121,470,946.97,2023,completed
23122,240,132.93,2020,refunded
23123,282,610.12,2022,refunded
23124,169,228.66,2020,completed
23125,323,210.84,2022,pending
23126,131,890.78,2020,cancelled
23127,268,635.43,2020,refunded
23128,174,485.98,2020,completed
23129,6,54.79,2023,cancelled
23130,352,314.68,2021,completed
23131,118,601.05,2023,completed
23132,435,447.62,2024,completed
23133,78,365.33,2021,pending
23134,165,629.99,2024,completed
23135,119,717.33,2022,refunded
23136,244,794.93,2024,completed
23137,192,126.88,2022,completed
23138,291,124.32,2024,pending
23139,206,73.51,2020,completed
23140,144,202.28,2023,refunded
23141,325,323.69,2023,completed
23142,464,873.14,2023,refunded
23143,251,968.49,2022,completed
23144,328,534.01,2020,completed
23145,313,190.79,2023,completed
23146,1,255.80,2020,pending
23147,194,626.16,2022,refunded
23148,244,905.67,2020,pending
23149,79,82.21,2020,completed
23150,339,898.14,2022,refunded
23151,31,931.51,2024,completed
23152,100,940.48,2024,cancelled
23153,118,641.01,2022,cancelled
23154,319,409.94,2023,refunded
23155,107,788.45,2021,pending
23156,413,914.49,2024,completed
23157,317,427.67,2021,pending
23158,500,85.39,2022,completed
23159,23,959.91,2021,pending
23160,422,117.23,2024,completed
23161,278,163.54,2022,cancelled
23162,217,352.81,2023,completed
23163,424,283.68,2020,completed
23164,95,729.58,2023,cancelled
23165,427,628.16,2024,refunded
23166,426,51.04,2021,completed
23167,389,829.73,2020,pending
23168,128,313.49,2023,completed
23169,228,564.03,2023,completed
23170,77,98.53,2020,refunded
23171,265,846.70,2022,refunded
23172,342,954.07,2023,refunded
23173,341,902.10,2021,refunded
23174,275,821.81,2021,completed
23175,233,295.09,2021,cancelled
23176,276,220.55,2023,cancelled
23177,344,838.90,2020,completed
23178,465,949.61,2021,pending
23179,306,122.79,2022,cancelled
23180,2,195.24,2022,refunded
23181,284,868.01,2020,refunded
23182,235,870.02,2021,completed
23183,203,52.73,2023,completed
23184,472,496.45,2022,pending
23185,16,91.21,2024,completed
23186,314,13.94,2023,refunded
23187,56,416.83,2022,cancelled
23188,365,455.76,2024,refunded
23189,259,36.91,2021,cancelled
23190,85,343.61,2024,pending
23191,429,411.20,2024,completed
23192,429,71.96,2024,completed
23193,366,883.17,2020,completed
23194,200,951.72,2024,pending
23195,94,361.83,2023,refunded
23196,341,92.21,2024,completed
23197,349,954.57,2021,completed
23198,321,66.88,2024,completed
23199,269,631.34,2022,completed
23200,358,754.67,2022,completed
23201,188,741.21,2020,completed
23202,246,176.12,2021,completed
23203,248,671.96,2021,cancelled
23204,490,106.11,2024,refunded
23205,250,48.83,2023,completed
23206,242,811.65,2020,completed
23207,435,867.45,2022,cancelled
23208,61,514.15,2024,completed
23209,347,374.78,2023,completed
23210,206,932.98,2023,completed
23211,113,977.30,2024,completed
23212,303,771.15,2024,completed
23213,304,698.59,2023,pending
23214,96,593.52,2022,completed
23215,309,302.67,2024,refunded
23216,343,416.68,2020,refunded
23217,2,770.32,2021,completed
23218,344,145.18,2023,completed
23219,290,119.85,2024,cancelled
23220,343,891.04,2024,completed
23221,489,305.95,2021,completed
23222,384,441.28,2022,completed
23223,359,828.97,2024,pending
23224,251,990.18,2021,completed
23225,388,672.40,2021,pending
23226,284,753.63,2020,refunded
23227,483,124.28,2022,completed
23228,86,467.62,2020,refunded
23229,159,208.91,2024,completed
23230,404,144.43,2024,pending
23231,227,380.74,2020,completed
23232,79,568.79,2022,completed
23233,110,360.93,2023,cancelled
23234,154,650.08,2021,completed
23235,439,947.58,2023,completed
23236,348,806.18,2022,pending
23237,459,551.86,2021,pending
23238,465,728.66,2022,refunded
23239,138,497.56,2022,completed
23240,320,846.84,2020,completed
23241,390,303.77,2021,pending
23242,283,878.61,2024,completed
23243,276,351.74,2024,refunded
23244,6,214.53,2021,cancelled
23245,84,211.47,2022,completed
23246,160,586.71,2024,completed
23247,431,133.63,2020,completed
23248,440,676.14,2021,completed
23249,328,572.24,2022,refunded
23250,275,513.23,2023,cancelled
23251,235,103.34,2020,completed
23252,372,416.33,2022,completed
23253,83,653.05,2020,cancelled
23254,208,180.03,2022,refunded
23255,284,590.10,2023,completed
23256,7,358.50,2024,pending
23257,44,535.49,2020,pending
23258,473,268.70,2023,refunded
23259,290,177.48,2021,completed
23260,51,59.04,2022,completed
23261,438,974.28,2020,completed
23262,354,88.20,2022,pending
23263,279,976.26,2023,completed
23264,371,38.51,2023,completed
23265,308,959.15,2024,pending
23266,13,747.07,2020,refunded
23267,498,444.69,2020,pending
23268,433,108.70,2021,completed
23269,183,493.41,2022,refunded
23270,230,25.93,2020,cancelled
23271,498,137.21,2023,pending
23272,223,30.50,2023,cancelled
23273,96,920.43,2021,cancelled
23274,86,440.54,2024,completed
23275,438,372.27,2023,refunded
23276,291,672.18,2020,completed
23277,232,571.01,2022,cancelled
23278,482,388.39,2023,completed
23279,326,563.32,2023,completed
23280,98,863.97,2024,refunded
23281,347,522.50,2024,pending
23282,480,163.99,2022,pending
23283,470,207.55,2022,pending
23284,56,752.56,2020,cancelled
23285,240,561.96,2020,pending
23286,77,22.64,2023,completed
23287,484,306.12,2023,pending
23288,314,96.69,2022,completed
23289,298,810.10,2023,pending
23290,235,219.02,2023,refunded
23291,403,420.59,2020,cancelled
23292,50,477.75,2021,completed
23293,209,429.33,2021,pending
23294,100,946.56,2020,pending
23295,477,892.20,2020,pending
23296,389,285.29,2022,completed
23297,209,678.33,2021,cancelled
23298,365,970.11,2020,completed
23299,43,331.95,2022,completed
23300,152,582.78,2023,refunded
23301,36,543.29,2024,refunded
23302,20,845.84,2024,completed
23303,283,628.14,2023,completed
23304,384,221.08,2022,completed
23305,234,930.50,2023,pending
23306,300,696.56,2024,completed
23307,172,129.84,2020,completed
23308,47,518.21,2022,completed
23309,471,485.74,2024,completed
23310,80,517.74,2023,cancelled
23311,175,963.34,2022,refunded
23312,393,860.63,2023,completed
23313,27,150.60,2020,completed
23314,424,899.70,2023,completed
23315,256,143.18,2021,completed
23316,300,87.52,2021,completed
23317,127,552.64,2022,cancelled
23318,396,331.48,2020,pending
23319,429,345.14,2022,pending
23320,420,130.31,2022,completed
23321,92,514.49,2023,cancelled
23322,111,285.54,2023,pending
23323,434,450.85,2022,completed
23324,499,510.54,2020,pending
23325,395,546.56,2021,completed
23326,283,724.85,2022,completed
23327,318,970.93,2022,completed
23328,409,567.16,2024,completed
23329,168,682.80,2024,cancelled
23330,326,488.58,2024,completed
23331,161,276.16,2023,cancelled
23332,495,826.37,2022,pending
23333,234,943.62,2024,completed
23334,53,628.02,2024,completed
23335,282,80.22,2021,cancelled
23336,40,560.14,2023,completed
23337,182,321.77,2023,completed
23338,95,665.38,2020,cancelled
23339,113,64.80,2021,completed
23340,123,272.31,2023,refunded
23341,48,326.16,2024,cancelled
23342,237,320.79,2022,completed
23343,438,978.79,2022,completed
23344,396,522.33,2020,refunded
23345,378,400.73,2023,pending
23346,314,346.50,2021,refunded
23347,346,703.32,2021,pending
23348,106,175.08,2022,completed
23349,51,926.11,2020,completed
23350,258,98.72,2022,completed
23351,353,741.24,2023,refunded
23352,190,57.17,2024,refunded
23353,42,641.44,2021,cancelled
23354,450,421.00,2022,completed
23355,90,743.20,2022,completed
23356,152,809.60,2021,completed
23357,127,277.35,2022,cancelled
23358,245,749.51,2020,refunded
23359,424,612.11,2024,refunded
23360,151,100.62,2021,pending
23361,156,875.27,2022,refunded
23362,327,505.82,2024,cancelled
23363,229,86.02,2023,cancelled
23364,124,737.53,2021,pending
23365,419,609.83,2020,cancelled
23366,170,526.49,2022,completed
23367,47,181.16,2024,completed
23368,350,78.27,2021,cancelled
23369,489,830.23,2023,refunded
23370,50,782.97,2024,completed
23371,133,976.25,2020,completed
23372,133,618.47,2023,pending
23373,80,544.59,2021,completed
23374,170,865.05,2020,completed
23375,377,947.71,2023,completed
23376,459,907.30,2024,completed
23377,254,740.96,2024,cancelled
23378,330,200.53,2021,pending
23379,61,850.26,2022,cancelled
23380,104,295.42,2022,completed
23381,18,247.82,2023,completed
23382,368,455.78,2022,completed
23383,80,110.17,2021,refunded
23384,30,41.26,2020,completed
23385,493,710.50,2020,refunded
23386,135,503.13,2024,refunded
23387,39,343.25,2023,refunded
23388,221,962.24,2023,pending
23389,141,319.23,2023,completed
23390,167,281.78,2023,completed
23391,325,215.00,2024,cancelled
23392,87,783.37,2021,cancelled
23393,295,770.18,2021,completed
23394,112,846.95,2021,pending
23395,202,942.55,2022,completed
23396,263,50.90,2023,pending
23397,304,839.70,2021,cancelled
23398,261,619.36,2024,refunded
23399,168,39.88,2022,cancelled
23400,293,434.18,2023,completed
23401,473,925.63,2022,pending
23402,97,620.98,2023,completed
23403,138,506.28,2020,completed
23404,388,501.72,2024,completed
23405,15,358.90,2020,refunded
23406,337,812.46,2024,completed
23407,388,67.27,2024,completed
23408,222,202.26,2023,completed
23409,137,512.84,2022,completed
23410,480,608.39,2023,completed
23411,47,915.31,2021,cancelled
23412,83,58.38,2022,completed
23413,143,838.43,2024,completed
23414,157,951.76,2022,completed
23415,352,592.19,2023,completed
23416,225,420.74,2020,completed
23417,232,826.65,2021,refunded
23418,397,756.79,2024,completed
23419,347,725.20,2024,completed
23420,67,592.40,2021,refunded
23421,386,666.31,2022,pending
23422,419,460.62,2020,completed
23423,84,141.63,2020,pending
23424,23,470.25,2021,completed
23425,12,804.58,2020,refunded
23426,148,509.00,2021,completed
23427,308,441.27,2024,completed
23428,127,729.49,2021,completed
23429,418,705.75,2022,cancelled
23430,89,505.51,2022,cancelled
23431,458,893.19,2020,cancelled
23432,216,119.85,2024,pending
23433,206,352.59,2023,completed
23434,301,628.93,2020,completed
23435,71,776.67,2022,completed
23436,467,999.11,2022,cancelled
23437,355,139.45,2023,pending
23438,146,960.09,2021,cancelled
23439,442,973.05,2020,cancelled
23440,384,282.78,2024,completed
23441,226,983.09,2020,pending
23442,405,637.58,2021,pending
23443,499,948.22,2021,refunded
23444,53,436.65,2022,completed
23445,54,183.32,2023,completed
23446,49,422.56,2022,completed
23447,435,195.25,2022,completed
23448,440,482.89,2020,completed
23449,50,37.54,2022,cancelled
23450,347,373.10,2024,cancelled
23451,216,126.50,2020,refunded
23452,31,670.18,2021,refunded
23453,201,549.17,2021,refunded
23454,102,962.59,2020,completed
23455,194,597.24,2024,completed
23456,4,509.41,2020,cancelled
23457,378,960.39,2022,completed
23458,211,366.23,2020,completed
23459,377,91.14,2023,cancelled
23460,257,501.47,2020,completed
23461,107,119.38,2022,completed
23462,63,114.33,2020,cancelled
23463,324,940.40,2021,refunded
23464,127,759.79,2022,completed
23465,474,935.56,2024,completed
23466,18,304.85,2023,pending
23467,169,516.91,2022,completed
23468,377,978.93,2021,refunded
23469,43,424.65,2023,cancelled
23470,422,691.05,2020,completed
23471,6,456.60,2020,completed
23472,156,916.09,2022,cancelled
23473,52,881.36,2022,cancelled
23474,249,539.36,2022,completed
23475,139,683.23,2021,refunded
23476,413,950.49,2021,completed
23477,319,609.39,2020,refunded
23478,239,613.96,2024,cancelled
23479,6,588.32,2023,completed
23480,348,996.13,2023,completed
23481,94,546.27,2021,completed
23482,107,300.80,2024,completed
23483,393,647.78,2020,refunded
23484,418,582.47,2021,completed
23485,338,794.80,2021,completed
23486,387,102.31,2023,completed
23487,260,412.35,2023,completed
23488,329,982.97,2021,completed
23489,233,904.14,2024,cancelled
23490,455,372.69,2022,completed
23491,478,579.25,2023,cancelled
23492,100,763.99,2024,completed
23493,235,742.37,2021,refunded
23494,120,119.77,2023,pending
23495,16,46.42,2024,completed
23496,134,247.87,2022,pending
23497,188,162.03,2020,refunded
23498,69,585.83,2023,completed
23499,149,258.70,2024,completed
23500,500,254.99,2022,completed
23501,189,608.85,2022,completed
23502,210,315.56,2023,cancelled
23503,87,300.44,2023,cancelled
23504,84,285.68,2022,pending
23505,31,882.09,2024,completed
23506,244,882.82,2022,completed
23507,141,834.75,2024,pending
23508,96,967.87,2021,completed
23509,35,503.64,2021,completed
23510,241,94.73,2020,refunded
23511,378,774.41,2021,completed
23512,222,274.95,2022,refunded
23513,289,958.12,2022,completed
23514,360,495.53,2023,cancelled
23515,88,946.93,2020,completed
23516,341,955.37,2020,completed
23517,220,466.48,2024,completed
23518,395,913.76,2023,refunded
23519,169,204.37,2022,pending
23520,142,511.30,2022,refunded
23521,274,763.86,2024,cancelled
23522,78,375.70,2023,completed
23523,337,556.86,2020,refunded
23524,362,917.15,2022,pending
23525,379,333.62,2021,completed
23526,59,406.64,2021,pending
23527,330,145.28,2024,refunded
23528,197,289.92,2024,completed
23529,89,614.84,2020,completed
23530,134,368.32,2020,cancelled
23531,412,913.50,2024,completed
23532,163,693.26,2021,completed
23533,318,428.71,2024,completed
23534,456,455.84,2021,pending
23535,208,499.16,2022,pending
23536,397,390.84,2021,pending
23537,262,584.45,2020,refunded
23538,413,654.50,2020,pending
23539,175,380.59,2021,completed
23540,55,519.92,2023,completed
23541,500,40.95,2024,completed
23542,106,707.22,2021,cancelled
23543,337,271.15,2021,refunded
23544,446,419.79,2023,completed
23545,339,446.25,2021,completed
23546,18,174.57,2020,cancelled
23547,378,774.16,2024,pending
23548,83,100.24,2022,refunded
23549,66,91.86,2023,completed
23550,290,319.23,2024,pending
23551,279,533.87,2020,completed
23552,440,481.25,2021,cancelled
23553,309,655.72,2023,pending
23554,206,506.36,2021,completed
23555,298,257.39,2021,completed
23556,70,589.77,2023,pending
23557,32,390.06,2021,completed
23558,202,917.54,2021,pending
23559,359,300.66,2023,completed
23560,396,206.47,2020,refunded
23561,19,565.54,2021,refunded
23562,466,930.19,2022,completed
23563,54,901.51,2020,completed
23564,130,628.61,2023,completed
23565,497,174.12,2022,completed
23566,445,477.78,2023,completed
23567,475,355.37,2022,cancelled
23568,197,324.42,2020,completed
23569,403,538.15,2023,completed
23570,211,776.64,2023,completed
23571,126,288.93,2021,completed
23572,90,291.90,2021,pending
23573,348,520.65,2023,completed
23574,323,678.49,2020,completed
23575,155,498.83,2022,refunded
23576,316,231.42,2023,completed
23577,357,99.39,2021,completed
23578,328,910.92,2022,pending
23579,110,831.11,2021,completed
23580,204,650.18,2024,pending
23581,350,616.33,2023,completed
23582,316,143.70,2023,pending
23583,385,160.71,2020,completed
23584,447,633.57,2021,completed
23585,472,575.51,2021,completed
23586,118,109.44,2020,cancelled
23587,326,191.23,2020,cancelled
23588,199,303.29,2021,completed
23589,403,962.31,2022,completed
23590,281,50.35,2022,completed
23591,483,435.61,2022,refunded
23592,31,367.52,2021,cancelled
23593,155,402.87,2020,pending
23594,127,593.18,2021,completed
23595,182,935.19,2022,completed
23596,275,500.86,2020,pending
23597,286,68.52,2023,pending
23598,362,123.84,2021,completed
23599,473,887.72,2021,completed
23600,105,567.34,2021,cancelled
23601,227,218.43,2020,cancelled
23602,114,733.85,2021,completed
23603,350,727.88,2020,refunded
23604,496,350.82,2022,pending
23605,385,858.57,2023,completed
23606,382,386.25,2024,pending
23607,377,923.24,2024,completed
23608,141,722.62,2021,cancelled
23609,58,35.01,2024,cancelled
23610,440,16.00,2024,cancelled
23611,203,229.84,2023,cancelled
23612,347,164.06,2022,completed
23613,243,798.80,2021,cancelled
23614,327,711.97,2024,completed
23615,214,185.43,2024,refunded
23616,344,191.02,2021,pending
23617,379,277.83,2021,completed
23618,344,711.55,2022,cancelled
23619,320,333.60,2024,completed
23620,276,774.71,2024,completed
23621,465,605.32,2023,completed
23622,395,941.33,2023,pending
23623,319,771.51,2023,completed
23624,162,260.92,2020,cancelled
23625,206,838.42,2021,pending
23626,332,44.50,2022,completed
23627,123,670.26,2022,pending
23628,133,869.13,2021,completed
23629,175,64.62,2023,completed
23630,116,409.43,2024,refunded
23631,210,462.67,2021,cancelled
23632,351,426.66,2022,completed
23633,464,384.48,2022,completed
23634,349,147.21,2021,pending
23635,486,602.24,2021,completed
23636,393,34.06,2023,completed
23637,362,333.45,2023,completed
23638,132,106.36,2020,completed
23639,147,766.45,2020,pending
23640,194,648.31,2022,completed
23641,280,257.80,2021,pending
23642,258,436.36,2024,cancelled
23643,309,100.84,2023,refunded
23644,220,819.11,2023,completed
23645,414,638.36,2021,refunded
23646,261,467.54,2024,cancelled
23647,118,342.95,2024,completed
23648,467,251.01,2022,completed
23649,28,248.49,2021,completed
23650,367,995.15,2021,completed
23651,216,706.10,2022,cancelled
23652,121,448.40,2021,completed
23653,141,857.74,2023,pending
23654,213,350.26,2024,refunded
23655,18,476.36,2020,completed
23656,355,478.77,2022,completed
23657,272,636.41,2021,refunded
23658,406,126.65,2020,pending
23659,5,984.37,2023,completed
23660,476,235.84,2024,completed
23661,247,403.58,2022,cancelled
23662,363,665.03,2021,refunded
23663,429,857.07,2022,refunded
23664,24,406.68,2022,completed
23665,137,837.49,2024,completed
23666,11,269.81,2021,cancelled
23667,386,535.50,2024,completed
23668,210,559.00,2023,completed
23669,393,836.99,2020,refunded
23670,244,446.11,2023,cancelled
23671,128,377.52,2023,completed
23672,235,921.28,2024,cancelled
23673,253,357.80,2020,cancelled
23674,276,695.64,2021,pending
23675,71,63.32,2021,cancelled
23676,125,431.35,2024,pending
23677,81,658.79,2023,completed
23678,278,532.70,2020,refunded
23679,408,176.80,2023,cancelled
23680,376,391.09,2023,completed
23681,344,451.19,2022,refunded
23682,119,69.60,2022,completed
23683,426,861.29,2024,refunded
23684,400,246.01,2021,cancelled
23685,425,322.26,2023,completed
23686,207,112.06,2024,refunded
23687,79,522.62,2022,refunded
23688,250,336.02,2021,cancelled
23689,175,812.45,2023,completed
23690,21,930.25,2023,refunded
23691,379,24.40,2024,completed
23692,431,73.87,2024,completed
23693,275,35.58,2022,completed
23694,436,135.82,2022,completed
23695,439,723.80,2024,cancelled
23696,23,859.71,2024,refunded
23697,339,524.98,2020,pending
23698,317,684.99,2023,cancelled
23699,400,36.21,2021,pending
23700,333,516.70,2023,pending
23701,338,685.93,2020,completed
23702,136,901.60,2020,completed
23703,55,838.43,2022,refunded
23704,279,126.62,2021,refunded
23705,322,78.26,2022,completed
23706,178,532.43,2020,completed
23707,323,550.91,2024,completed
23708,402,314.85,2023,completed
23709,189,439.51,2022,completed
23710,376,47.94,2021,completed
23711,351,926.43,2024,refunded
23712,458,455.99,2024,completed
23713,174,991.98,2022,pending
23714,248,304.44,2021,refunded
23715,311,576.32,2021,completed
23716,350,173.17,2021,pending
23717,466,67.50,2021,refunded
23718,200,61.16,2020,completed
23719,168,427.91,2023,completed
23720,379,641.34,2023,refunded
23721,478,89.10,2023,completed
23722,386,862.81,2022,completed
23723,404,389.88,2024,completed
23724,272,457.79,2020,cancelled
23725,298,398.45,2023,refunded
23726,319,526.35,2020,completed
23727,353,452.81,2023,cancelled
23728,271,871.20,2021,completed
23729,392,434.39,2020,pending
23730,403,243.77,2024,completed
23731,429,617.81,2022,cancelled
23732,314,332.08,2023,cancelled
23733,443,487.00,2021,completed
23734,233,590.14,2023,cancelled
23735,15,140.10,2021,pending
23736,36,992.53,2021,completed
23737,81,862.93,2022,refunded
23738,348,886.66,2023,pending
23739,172,340.61,2024,completed
23740,92,209.81,2023,completed
23741,230,879.86,2020,completed
23742,259,804.56,2021,completed
23743,416,908.23,2022,refunded
23744,431,887.07,2024,completed
23745,119,453.73,2021,completed
23746,441,725.10,2022,cancelled
23747,439,501.97,2024,completed
23748,122,163.15,2024,completed
23749,40,313.85,2022,refunded
23750,433,678.05,2023,cancelled
23751,219,687.30,2021,completed
23752,389,598.10,2021,pending
23753,91,486.87,2021,pending
23754,347,840.81,2024,completed
23755,405,625.28,2022,completed
23756,414,802.92,2024,pending
23757,446,811.57,2020,refunded
23758,264,243.86,2020,refunded
23759,418,24.02,2022,completed
23760,286,433.77,2020,cancelled
23761,112,463.22,2021,refunded
23762,479,880.42,2021,refunded
23763,486,427.54,2023,cancelled
23764,253,262.54,2021,completed
23765,82,824.00,2023,refunded
23766,55,312.32,2022,cancelled
23767,22,33.79,2020,completed
23768,253,947.83,2023,cancelled
23769,50,286.78,2020,pending
23770,253,51.23,2023,refunded
23771,145,217.45,2020,refunded
23772,370,794.09,2022,refunded
23773,209,206.48,2021,pending
23774,413,875.50,2020,completed
23775,482,170.39,2023,completed
23776,357,516.29,2024,cancelled
23777,215,85.02,2024,completed
23778,145,744.17,2023,completed
23779,168,700.32,2022,completed
23780,451,258.35,2023,cancelled
23781,473,714.53,2023,completed
23782,338,366.33,2023,completed
23783,43,148.85,2021,cancelled
23784,310,825.43,2024,completed
23785,199,335.24,2022,refunded
23786,289,147.14,2023,cancelled
23787,456,240.77,2023,completed
23788,349,51.22,2023,completed
23789,493,133.90,2021,pending
23790,119,558.02,2022,completed
23791,4,967.31,2020,completed
23792,20,468.34,2020,pending
23793,236,864.96,2023,completed
23794,384,242.70,2021,completed
23795,449,235.56,2022,pending
23796,489,381.53,2024,completed
23797,498,644.07,2020,completed
23798,271,61.69,2023,completed
23799,384,215.75,2022,completed
23800,396,483.64,2020,pending
23801,175,446.45,2021,refunded
23802,97,166.86,2023,refunded
23803,267,127.96,2021,completed
23804,13,531.80,2021,completed
23805,349,667.57,2020,completed
23806,88,836.64,2023,completed
23807,450,969.51,2023,completed
23808,487,175.94,2022,cancelled
23809,84,702.04,2024,refunded
23810,387,328.98,2024,completed
23811,151,810.10,2021,completed
23812,400,766.69,2023,pending
23813,57,218.03,2020,refunded
23814,207,391.21,2023,pending
23815,300,359.36,2024,pending
23816,367,224.44,2023,completed
23817,139,605.92,2024,pending
23818,321,398.79,2021,completed
23819,69,202.86,2023,refunded
23820,5,594.08,2021,completed
23821,402,440.10,2023,completed
23822,82,625.93,2024,pending
23823,469,45.87,2020,cancelled
23824,251,279.40,2022,completed
23825,289,85.96,2024,pending
23826,306,391.04,2023,completed
23827,394,510.21,2021,completed
23828,425,373.39,2022,completed
23829,394,426.93,2020,completed
23830,376,23.98,2024,pending
23831,346,210.10,2021,cancelled
23832,318,439.13,2023,cancelled
23833,212,49.81,2021,cancelled
23834,214,77.13,2022,completed
23835,350,752.52,2021,completed
23836,319,67.97,2024,pending
23837,168,269.93,2023,completed
23838,238,637.51,2023,completed
23839,356,618.37,2024,pending
23840,173,930.42,2021,completed
23841,176,860.48,2020,refunded
23842,42,601.58,2021,completed
23843,334,862.42,2020,completed
23844,104,961.60,2022,completed
23845,448,593.49,2021,refunded
23846,266,760.41,2023,cancelled
23847,4,610.87,2020,cancelled
23848,363,835.56,2022,completed
23849,213,497.12,2024,pending
23850,492,734.91,2021,completed
23851,79,355.77,2022,completed
23852,331,863.52,2023,completed
23853,240,805.64,2024,pending
23854,34,356.95,2021,cancelled
23855,101,814.01,2022,pending
23856,265,701.57,2024,cancelled
23857,416,715.79,2023,completed
23858,334,935.10,2023,cancelled
23859,331,476.64,2021,cancelled
23860,89,288.99,2020,pending
23861,286,831.48,2021,completed
23862,150,948.21,2020,refunded
23863,386,439.19,2021,pending
23864,414,85.65,2023,cancelled
23865,102,345.24,2022,completed
23866,7,128.87,2023,completed
23867,328,865.85,2024,completed
23868,223,374.93,2023,pending
23869,304,889.31,2020,completed
23870,393,949.38,2022,pending
23871,115,83.21,2023,pending
23872,328,347.35,2024,completed
23873,124,864.04,2021,refunded
23874,455,209.25,2024,refunded
23875,450,717.41,2023,completed
23876,62,733.93,2020,completed
23877,206,686.25,2020,completed
23878,198,907.18,2020,completed
23879,385,435.56,2023,completed
23880,335,569.02,2022,completed
23881,1,211.35,2022,completed
23882,294,393.70,2024,cancelled
23883,95,605.77,2021,cancelled
23884,468,943.44,2022,completed
23885,417,260.42,2020,pending
23886,423,371.58,2022,pending
23887,470,69.77,2023,pending
23888,107,234.47,2023,completed
23889,66,642.84,2024,refunded
23890,473,967.30,2023,pending
23891,108,217.15,2021,refunded
23892,221,991.18,2020,completed
23893,390,541.02,2020,refunded
23894,246,528.07,2021,completed
23895,227,259.74,2021,cancelled
23896,453,945.30,2020,completed
23897,199,258.79,2023,completed
23898,147,509.89,2023,pending
23899,393,62.27,2021,completed
23900,463,952.65,2023,completed
23901,195,456.77,2020,pending
23902,330,64.38,2023,completed
23903,24,302.78,2020,completed
23904,343,955.99,2020,completed
23905,37,408.32,2022,cancelled
23906,494,776.49,2023,refunded
23907,255,397.17,2021,cancelled
23908,258,888.55,2020,completed
23909,72,594.18,2020,completed
23910,86,229.08,2022,refunded
23911,418,629.73,2020,cancelled
23912,459,492.07,2021,completed
23913,235,278.02,2023,refunded
23914,334,209.48,2023,pending
23915,87,604.71,2022,completed
23916,142,951.10,2020,completed
23917,411,642.41,2020,completed
23918,453,743.37,2023,completed
23919,164,975.26,2021,completed
23920,109,446.14,2020,cancelled
23921,350,348.62,2021,refunded
23922,209,332.12,2022,pending
23923,417,653.06,2024,cancelled
23924,165,732.06,2024,refunded
23925,442,666.35,2022,completed
23926,128,632.95,2023,cancelled
23927,241,352.49,2022,completed
23928,394,328.54,2021,refunded
23929,443,186.20,2022,completed
23930,360,361.58,2020,completed
23931,495,973.42,2020,completed
23932,406,493.09,2020,cancelled
23933,93,298.93,2023,cancelled
23934,141,603.29,2022,refunded
23935,17,337.02,2020,cancelled
23936,146,248.70,2022,completed
23937,471,772.22,2021,cancelled
23938,373,676.37,2024,completed
23939,490,533.47,2023,refunded
23940,317,558.60,2024,completed
23941,197,485.61,2021,pending
23942,218,999.60,2023,completed
23943,493,925.49,2021,completed
23944,25,921.00,2023,pending
23945,413,322.15,2021,pending
23946,121,137.58,2023,completed
23947,495,187.97,2022,completed
23948,99,180.58,2021,cancelled
23949,145,269.58,2022,completed
23950,106,217.71,2023,pending
23951,165,610.70,2022,pending
23952,301,694.10,2024,completed
23953,66,945.73,2023,completed
23954,419,85.47,2020,pending
23955,484,380.24,2024,completed
23956,85,727.53,2022,completed
23957,15,464.96,2024,completed
23958,326,253.03,2023,completed
23959,164,749.62,2024,completed
23960,56,826.83,2023,completed
23961,102,641.35,2022,completed
23962,335,565.45,2024,completed
23963,137,667.53,2021,completed
23964,452,207.57,2023,completed
23965,327,119.60,2020,pending
23966,241,770.95,2021,completed
23967,256,713.23,2024,completed
23968,278,564.94,2023,pending
23969,378,171.09,2021,completed
23970,47,98.32,2024,completed
23971,345,893.60,2024,completed
23972,424,864.03,2020,completed
23973,436,562.50,2020,pending
23974,357,435.11,2023,refunded
23975,69,119.10,2024,refunded
23976,274,563.07,2021,completed
23977,378,474.67,2021,pending
23978,255,202.86,2024,pending
23979,188,361.63,2023,completed
23980,237,583.11,2021,completed
23981,29,157.95,2023,pending
23982,399,237.19,2022,completed
23983,141,139.65,2024,completed
23984,412,654.68,2022,cancelled
23985,313,186.65,2024,completed
23986,317,765.44,2021,completed
23987,100,911.75,2022,cancelled
23988,441,478.59,2020,completed
23989,23,537.84,2024,completed
23990,305,592.27,2021,completed
23991,29,942.24,2024,cancelled
23992,379,390.78,2022,completed
23993,394,13.53,2021,pending
23994,470,680.73,2022,completed
23995,68,130.48,2021,refunded
23996,420,900.96,2020,pending
23997,185,808.00,2023,completed
23998,281,269.78,2024,completed
23999,332,247.43,2021,completed
24000,420,603.79,2021,pending
24001,452,906.27,2024,pending
24002,197,570.00,2024,refunded
24003,5,765.20,2023,completed
24004,453,950.81,2023,refunded
24005,299,472.72,2022,cancelled
24006,435,713.84,2023,completed
24007,411,205.44,2021,completed
24008,333,254.52,2021,completed
24009,373,961.70,2024,pending
24010,210,40.30,2022,cancelled
24011,460,401.83,2023,pending
24012,36,463.37,2024,completed
24013,244,278.54,2020,completed
24014,389,745.16,2021,refunded
24015,282,720.76,2021,completed
24016,219,403.64,2021,cancelled
24017,276,375.45,2022,completed
24018,78,971.32,2020,completed
24019,92,152.63,2022,completed
24020,179,181.08,2021,pending
24021,38,747.80,2023,refunded
24022,89,295.74,2022,cancelled
24023,44,503.82,2021,completed
24024,369,319.05,2021,completed
24025,87,378.88,2022,completed
24026,78,583.35,2022,pending
24027,391,910.82,2021,completed
24028,87,695.49,2024,refunded
24029,292,900.56,2022,cancelled
24030,13,601.18,2024,refunded
24031,429,848.06,2022,pending
24032,467,769.29,2020,completed
24033,97,216.98,2020,cancelled
24034,456,341.63,2021,pending
24035,63,579.28,2021,completed
24036,343,47.81,2024,completed
24037,460,829.83,2022,completed
24038,220,769.21,2022,pending
24039,323,679.87,2024,completed
24040,344,300.02,2022,completed
24041,94,926.78,2024,cancelled
24042,184,604.42,2021,refunded
24043,31,472.51,2021,completed
24044,295,229.43,2024,completed
24045,220,492.17,2021,completed
24046,32,307.14,2021,refunded
24047,80,206.44,2020,completed
24048,360,458.63,2020,refunded
24049,47,244.43,2023,pending
24050,374,785.38,2022,completed
24051,181,552.81,2024,cancelled
24052,360,837.28,2023,completed
24053,420,175.94,2022,cancelled
24054,436,859.69,2020,completed
24055,29,739.58,2021,refunded
24056,488,157.92,2020,completed
24057,97,128.81,2022,cancelled
24058,233,773.88,2021,completed
24059,252,932.98,2024,completed
24060,115,759.87,2020,refunded
24061,428,999.61,2024,completed
24062,354,942.24,2022,refunded
24063,95,757.18,2020,completed
24064,403,497.22,2023,refunded
24065,487,541.48,2023,pending
24066,226,400.91,2023,pending
24067,242,126.38,2024,refunded
24068,330,913.44,2024,completed
24069,454,99.74,2024,pending
24070,126,304.49,2024,completed
24071,453,109.37,2022,completed
24072,327,262.45,2021,cancelled
24073,200,79.23,2023,completed
24074,269,80.18,2024,completed
24075,28,311.43,2023,cancelled
24076,98,82.89,2024,cancelled
24077,418,272.23,2021,completed
24078,227,530.73,2024,pending
24079,107,478.31,2020,completed
24080,480,680.65,2024,pending
24081,175,50.91,2020,completed
24082,468,636.06,2022,completed
24083,461,371.45,2024,refunded
24084,262,795.45,2022,completed
24085,109,505.33,2023,completed
24086,79,951.16,2024,cancelled
24087,55,171.74,2024,pending
24088,8,611.96,2023,cancelled
24089,47,505.85,2022,completed
24090,490,722.35,2024,cancelled
24091,270,980.21,2021,cancelled
24092,27,937.58,2022,pending
24093,34,403.29,2023,completed
24094,452,520.22,2021,cancelled
24095,170,611.20,2024,completed
24096,330,679.69,2020,completed
24097,124,909.02,2020,cancelled
24098,459,359.01,2021,completed
24099,139,216.02,2022,completed
24100,312,787.15,2021,completed
24101,299,514.47,2021,pending
24102,458,107.85,2021,completed
24103,475,947.01,2023,pending
24104,488,815.38,2020,completed
24105,490,274.71,2020,refunded
24106,179,322.92,2021,cancelled
24107,170,380.65,2021,completed
24108,161,677.17,2023,completed
24109,357,850.98,2023,completed
24110,477,113.90,2024,completed
24111,66,303.14,2020,completed
24112,491,684.43,2021,completed
24113,171,255.65,2023,completed
24114,85,807.97,2023,completed
24115,188,560.77,2022,completed
24116,34,230.02,2020,pending
24117,335,475.94,2022,completed
24118,217,191.55,2023,completed
24119,115,357.01,2020,pending
24120,205,503.87,2021,pending
24121,279,608.86,2020,completed
24122,364,302.01,2023,completed
24123,416,863.93,2024,completed
24124,144,801.94,2022,pending
24125,242,246.81,2020,completed
24126,296,237.21,2024,pending
24127,430,279.47,2020,completed
24128,239,742.79,2020,cancelled
24129,110,368.51,2020,refunded
24130,361,414.03,2024,cancelled
24131,51,227.30,2022,completed
24132,90,834.58,2021,completed
24133,321,764.21,2021,refunded
24134,361,953.95,2022,completed
24135,171,493.88,2022,completed
24136,276,826.37,2024,completed
24137,82,305.09,2021,refunded
24138,98,96.48,2024,completed
24139,318,498.00,2021,completed
24140,87,687.67,2024,completed
24141,71,784.04,2023,cancelled
24142,302,497.52,2024,completed
24143,289,612.78,2021,completed
24144,377,467.66,2021,refunded
24145,500,159.07,2020,refunded
24146,41,326.70,2023,cancelled
24147,291,997.57,2021,completed
24148,140,142.01,2023,pending
24149,341,38.12,2024,completed
24150,34,210.65,2022,refunded
24151,466,686.86,2022,completed
24152,418,20.89,2020,cancelled
24153,325,450.41,2023,completed
24154,146,264.50,2022,completed
24155,149,323.79,2024,completed
24156,396,970.92,2020,pending
24157,17,631.97,2024,completed
24158,297,75.98,2023,completed
24159,351,424.29,2023,refunded
24160,239,874.89,2023,completed
24161,100,966.79,2022,completed
24162,10,192.70,2020,refunded
24163,383,395.23,2021,completed
24164,351,844.10,2023,completed
24165,368,112.23,2020,completed
24166,391,33.33,2021,completed
24167,378,361.89,2021,cancelled
24168,465,485.72,2023,pending
24169,120,584.87,2024,completed
24170,414,865.54,2020,completed
24171,22,687.98,2021,completed
24172,307,468.90,2020,cancelled
24173,493,231.09,2020,completed
24174,290,133.40,2020,cancelled
24175,332,217.91,2024,completed
24176,23,785.87,2022,completed
24177,254,907.67,2024,completed
24178,236,590.81,2020,completed
24179,451,914.26,2024,completed
24180,200,377.92,2021,completed
24181,298,972.59,2021,pending
24182,310,681.08,2024,cancelled
24183,271,394.50,2020,pending
24184,186,635.70,2021,completed
24185,199,563.86,2020,completed
24186,302,227.55,2020,completed
24187,391,692.42,2021,cancelled
24188,15,235.22,2020,completed
24189,60,782.07,2022,cancelled
24190,495,942.81,2022,refunded
24191,436,977.79,2024,completed
24192,216,632.86,2022,completed
24193,393,778.48,2024,pending
24194,481,300.98,2021,completed
24195,166,274.63,2020,refunded
24196,398,119.13,2022,completed
24197,66,306.26,2021,completed
24198,216,705.54,2022,cancelled
24199,123,361.79,2022,completed
24200,222,531.41,2023,pending
24201,144,133.94,2021,completed
24202,162,865.65,2023,cancelled
24203,394,403.40,2020,completed
24204,475,641.72,2024,refunded
24205,136,290.70,2023,cancelled
24206,294,517.34,2020,completed
24207,128,915.56,2021,refunded
24208,119,219.98,2020,pending
24209,10,402.84,2022,cancelled
24210,19,305.56,2022,completed
24211,473,304.74,2022,pending
24212,78,922.33,2021,completed
24213,53,38.64,2024,completed
24214,339,940.36,2024,pending
24215,90,324.36,2022,completed
24216,422,568.65,2022,cancelled
24217,14,639.99,2024,pending
24218,453,576.41,2020,cancelled
24219,45,224.20,2022,pending
24220,199,269.45,2023,cancelled
24221,211,578.57,2021,cancelled
24222,192,156.38,2020,completed
24223,139,600.68,2024,pending
24224,241,680.41,2021,pending
24225,34,182.50,2023,pending
24226,491,137.63,2021,refunded
24227,326,766.52,2021,refunded
24228,188,353.32,2022,pending
24229,313,279.09,2023,completed
24230,271,445.29,2024,refunded
24231,372,533.78,2024,refunded
24232,236,291.51,2022,completed
24233,496,641.22,2024,completed
24234,411,131.02,2023,completed
24235,286,774.89,2021,pending
24236,377,106.61,2021,cancelled
24237,79,945.07,2020,completed
24238,35,531.13,2021,refunded
24239,321,440.26,2021,pending
24240,157,474.47,2024,completed
24241,7,474.84,2022,completed
24242,324,781.05,2023,cancelled
24243,19,761.67,2020,completed
24244,13,67.05,2022,completed
24245,209,266.34,2020,cancelled
24246,315,711.56,2024,completed
24247,138,556.46,2023,completed
24248,205,320.20,2020,cancelled
24249,129,588.05,2023,completed
24250,176,332.61,2023,completed
24251,467,74.66,2023,cancelled
24252,426,99.37,2024,refunded
24253,340,502.46,2022,cancelled
24254,375,962.40,2021,completed
24255,210,473.73,2024,completed
24256,132,621.81,2023,completed
24257,220,693.64,2020,cancelled
24258,27,850.73,2024,completed
24259,39,852.24,2022,completed
24260,462,56.80,2022,pending
24261,52,205.97,2020,pending
24262,74,678.12,2024,refunded
24263,2,92.43,2020,pending
24264,19,521.79,2021,completed
24265,335,486.70,2020,completed
24266,404,291.63,2020,cancelled
24267,27,578.15,2023,completed
24268,412,800.59,2021,cancelled
24269,223,23.31,2022,refunded
24270,14,495.45,2021,completed
24271,270,414.45,2020,completed
24272,474,231.39,2020,refunded
24273,386,488.86,2021,completed
24274,41,15.81,2024,completed
24275,129,154.26,2020,pending
24276,320,107.18,2022,completed
24277,216,256.20,2021,cancelled
24278,389,16.51,2024,completed
24279,357,522.47,2022,completed
24280,87,203.97,2020,completed
24281,394,327.37,2023,completed
24282,209,97.85,2021,pending
24283,500,662.75,2023,completed
24284,219,186.64,2023,completed
24285,41,63.28,2024,pending
24286,480,805.63,2020,cancelled
24287,105,780.82,2021,refunded
24288,161,686.29,2021,completed
24289,114,802.10,2023,pending
24290,252,462.59,2024,cancelled
24291,309,390.20,2020,refunded
24292,486,740.60,2021,pending
24293,499,619.33,2021,completed
24294,200,764.87,2024,cancelled
24295,151,973.57,2024,pending
24296,4,725.02,2024,cancelled
24297,415,762.70,2021,completed
24298,326,867.39,2023,refunded
24299,469,172.08,2021,refunded
24300,83,602.33,2023,pending
24301,156,376.56,2021,completed
24302,182,189.11,2024,refunded
24303,174,349.56,2023,completed
24304,214,708.82,2022,completed
24305,32,901.79,2022,refunded
24306,248,336.89,2024,refunded
24307,331,864.38,2022,refunded
24308,89,678.80,2024,completed
24309,163,618.40,2023,completed
24310,38,46.61,2020,completed
24311,353,100.55,2022,pending
24312,294,361.87,2021,cancelled
24313,387,591.95,2024,cancelled
24314,309,349.94,2022,completed
24315,438,979.35,2022,completed
24316,482,641.29,2024,pending
24317,64,269.99,2020,completed
24318,107,522.96,2020,refunded
24319,274,86.87,2022,pending
24320,180,890.35,2023,completed
24321,45,459.68,2024,pending
24322,78,891.39,2020,refunded
24323,406,790.46,2020,completed
24324,64,278.35,2020,completed
24325,34,300.23,2022,cancelled
24326,474,947.46,2022,pending
24327,89,775.98,2024,completed
24328,155,241.93,2024,completed
24329,15,388.32,2022,completed
24330,116,47.06,2021,completed
24331,36,301.53,2022,completed
24332,409,92.89,2020,completed
24333,370,972.93,2024,completed
24334,470,936.54,2024,pending
24335,229,736.16,2024,pending
24336,245,212.93,2020,refunded
24337,412,621.62,2022,refunded
24338,384,757.31,2022,completed
24339,385,956.83,2023,cancelled
24340,496,964.94,2022,completed
24341,179,747.82,2024,completed
24342,309,454.49,2021,cancelled
24343,311,216.80,2020,pending
24344,247,472.00,2022,pending
24345,380,522.51,2021,completed
24346,127,766.53,2021,completed
24347,341,539.03,2024,refunded
24348,346,495.26,2020,completed
24349,40,948.40,2020,completed
24350,241,406.76,2022,completed
24351,434,691.32,2024,completed
24352,368,647.39,2024,refunded
24353,85,652.50,2024,refunded
24354,113,666.85,2021,refunded
24355,125,135.19,2022,completed
24356,75,830.67,2024,cancelled
24357,38,479.16,2023,completed
24358,412,828.25,2022,completed
24359,39,587.02,2020,completed
24360,232,11.89,2022,refunded
24361,65,963.03,2020,pending
24362,289,851.35,2020,completed
24363,407,130.63,2022,completed
24364,381,920.44,2020,refunded
24365,329,935.78,2022,pending
24366,400,536.13,2024,pending
24367,369,855.56,2023,completed
24368,427,925.39,2022,completed
24369,424,831.11,2023,refunded
24370,66,598.88,2022,completed
24371,288,620.66,2020,cancelled
24372,256,455.01,2020,pending
24373,282,963.38,2021,refunded
24374,106,931.50,2023,cancelled
24375,41,809.65,2022,refunded
24376,371,68.11,2022,pending
24377,96,289.40,2024,cancelled
24378,437,806.04,2021,pending
24379,431,76.01,2023,cancelled
24380,140,864.47,2024,completed
24381,489,84.73,2024,completed
24382,396,177.57,2020,completed
24383,8,232.10,2024,cancelled
24384,451,946.06,2021,completed
24385,366,358.86,2024,refunded
24386,304,173.41,2020,completed
24387,169,631.85,2024,pending
24388,319,917.17,2024,completed
24389,431,143.74,2023,pending
24390,368,453.99,2022,refunded
24391,358,165.37,2021,completed
24392,332,825.80,2023,completed
24393,116,517.83,2021,pending
24394,203,820.59,2020,completed
24395,463,156.19,2024,refunded
24396,49,225.69,2023,completed
24397,146,98.31,2023,pending
24398,369,472.79,2021,pending
24399,259,234.88,2023,pending
24400,90,544.34,2020,cancelled
24401,234,698.68,2020,completed
24402,87,174.03,2020,completed
24403,58,106.42,2023,pending
24404,119,861.64,2021,refunded
24405,396,421.83,2022,completed
24406,281,429.97,2023,completed
24407,160,698.14,2024,completed
24408,290,618.71,2023,completed
24409,220,230.50,2023,completed
24410,304,916.93,2022,refunded
24411,300,410.76,2022,cancelled
24412,288,694.97,2023,cancelled
24413,327,57.78,2023,completed
24414,189,490.01,2024,completed
24415,127,804.86,2022,refunded
24416,403,202.29,2021,completed
24417,93,969.71,2023,pending
24418,247,463.38,2024,pending
24419,164,330.97,2023,completed
24420,53,419.26,2023,refunded
24421,390,138.39,2023,pending
24422,275,66.92,2023,completed
24423,323,202.50,2021,completed
24424,466,71.31,2021,completed
24425,133,393.51,2021,completed
24426,216,750.22,2020,cancelled
24427,352,825.30,2023,completed
24428,300,935.76,2021,completed
24429,254,440.93,2021,completed
24430,119,829.59,2021,pending
24431,405,219.40,2023,cancelled
24432,323,339.57,2021,completed
24433,487,943.08,2023,pending
24434,408,285.60,2020,refunded
24435,146,129.08,2020,pending
24436,116,282.98,2022,completed
24437,322,512.86,2022,pending
24438,191,88.96,2023,completed
24439,457,533.47,2022,completed
24440,366,775.38,2024,cancelled
24441,198,562.27,2022,cancelled
24442,63,920.13,2021,completed
24443,476,113.22,2023,pending
24444,274,87.57,2021,refunded
24445,460,434.42,2024,completed
24446,61,317.30,2021,completed
24447,89,287.45,2021,completed
24448,185,531.72,2022,completed
24449,117,835.41,2022,refunded
24450,340,150.04,2021,completed
24451,52,845.86,2024,pending
24452,396,408.94,2022,pending
24453,40,382.28,2022,completed
24454,82,114.10,2022,completed
24455,54,37.27,2024,refunded
24456,431,288.44,2024,completed
24457,236,677.35,2021,pending
24458,29,838.78,2020,completed
24459,444,582.88,2020,cancelled
24460,193,559.39,2023,completed
24461,226,16.62,2023,completed
24462,259,819.49,2022,completed
24463,342,732.65,2024,completed
24464,282,637.93,2022,pending
24465,451,976.38,2022,refunded
24466,156,906.54,2024,completed
24467,65,928.87,2021,completed
24468,300,779.61,2023,pending
24469,319,464.48,2020,completed
24470,206,465.22,2024,refunded
24471,361,548.80,2024,completed
24472,238,998.16,2023,cancelled
24473,86,796.08,2020,refunded
24474,290,788.71,2020,completed
24475,233,230.89,2023,completed
24476,48,311.09,2020,completed
24477,244,382.47,2020,completed
24478,108,470.05,2024,refunded
24479,253,730.39,2023,cancelled
24480,308,278.24,2024,refunded
24481,113,864.27,2021,cancelled
24482,483,556.02,2021,completed
24483,252,834.24,2022,refunded
24484,84,220.09,2021,refunded
24485,202,650.41,2023,completed
24486,329,177.49,2022,completed
24487,121,497.15,2024,completed
24488,92,161.74,2021,completed
24489,211,983.44,2023,pending
24490,178,55.00,2024,completed
24491,427,41.30,2024,completed
24492,330,677.91,2020,completed
24493,33,241.71,2022,refunded
24494,496,909.17,2023,completed
24495,38,572.73,2020,cancelled
24496,7,723.42,2024,completed
24497,347,791.06,2021,cancelled
24498,255,688.22,2020,completed
24499,363,660.26,2021,refunded
24500,286,140.44,2020,completed
24501,433,977.04,2024,completed
24502,377,880.82,2022,completed
24503,421,568.05,2020,completed
24504,165,684.29,2020,cancelled
24505,205,106.00,2024,completed
24506,140,73.22,2023,completed
24507,262,630.73,2024,pending
24508,415,33.55,2021,completed
24509,446,722.10,2024,completed
24510,378,103.56,2024,completed
24511,202,880.58,2021,cancelled
24512,352,926.28,2021,completed
24513,380,633.71,2022,completed
24514,71,146.94,2021,completed
24515,247,674.70,2022,refunded
24516,428,737.63,2022,pending
24517,164,225.54,2024,completed
24518,114,543.40,2023,completed
24519,121,460.88,2023,completed
24520,195,871.55,2023,pending
24521,92,353.36,2024,cancelled
24522,417,633.70,2020,completed
24523,48,74.98,2021,completed
24524,487,289.54,2021,completed
24525,50,600.96,2023,cancelled
24526,498,49.72,2023,refunded
24527,172,236.49,2021,completed
24528,393,654.35,2023,completed
24529,58,971.42,2020,completed
24530,2,684.21,2021,completed
24531,272,236.95,2022,pending
24532,428,660.84,2024,completed
24533,285,292.31,2021,completed
24534,259,744.55,2022,completed
24535,226,631.11,2020,pending
24536,205,217.37,2022,completed
24537,398,244.00,2020,refunded
24538,375,844.26,2023,completed
24539,278,903.74,2023,cancelled
24540,495,483.31,2020,completed
24541,408,745.76,2021,completed
24542,223,800.14,2020,completed
24543,422,419.04,2020,cancelled
24544,407,753.28,2021,completed
24545,168,634.31,2021,completed
24546,24,545.21,2023,cancelled
24547,300,251.24,2024,completed
24548,469,11.07,2023,completed
24549,196,915.62,2023,completed
24550,50,361.40,2023,completed
24551,223,86.56,2022,completed
24552,113,767.45,2022,pending
24553,78,661.89,2022,cancelled
24554,76,407.00,2021,pending
24555,491,15.62,2022,pending
24556,346,224.36,2022,cancelled
24557,252,859.60,2022,refunded
24558,220,406.70,2021,cancelled
24559,83,549.48,2024,completed
24560,63,168.50,2020,completed
24561,212,514.88,2022,cancelled
24562,401,274.61,2023,pending
24563,398,215.97,2024,completed
24564,100,193.26,2022,completed
24565,66,151.21,2022,completed
24566,273,357.78,2023,refunded
24567,135,875.84,2020,completed
24568,178,859.71,2021,cancelled
24569,131,975.81,2024,cancelled
24570,183,101.73,2023,completed
24571,235,341.42,2020,completed
24572,120,57.66,2024,completed
24573,44,100.92,2024,refunded
24574,260,970.00,2024,completed
24575,65,245.83,2023,completed
24576,31,12.46,2023,completed
24577,220,919.26,2022,completed
24578,2,846.30,2021,completed
24579,259,638.63,2022,pending
24580,483,994.75,2024,pending
24581,49,610.55,2024,refunded
24582,16,794.03,2022,cancelled
24583,459,269.75,2022,completed
24584,373,54.01,2020,cancelled
24585,458,43.09,2021,pending
24586,106,724.56,2020,completed
24587,282,609.60,2022,completed
24588,56,960.42,2021,completed
24589,375,430.31,2022,completed
24590,338,355.35,2020,completed
24591,93,929.67,2022,refunded
24592,155,23.42,2023,completed
24593,29,746.00,2021,refunded
24594,11,889.70,2021,refunded
24595,153,683.09,2023,refunded
24596,61,497.73,2023,pending
24597,326,672.58,2021,cancelled
24598,467,520.66,2022,completed
24599,421,566.41,2020,refunded
24600,178,528.37,2024,pending
24601,126,411.97,2023,completed
24602,150,802.89,2024,cancelled
24603,154,873.50,2020,completed
24604,349,262.61,2020,cancelled
24605,45,635.71,2023,completed
24606,200,861.45,2023,cancelled
24607,267,658.42,2022,refunded
24608,251,88.95,2020,completed
24609,16,601.18,2022,cancelled
24610,127,804.22,2020,completed
24611,490,236.75,2023,completed
24612,418,847.43,2024,completed
24613,15,170.00,2021,cancelled
24614,312,461.66,2021,refunded
24615,80,699.43,2022,refunded
24616,289,925.51,2023,pending
24617,445,964.59,2020,refunded
24618,310,526.07,2021,cancelled
24619,337,607.99,2024,completed
24620,353,189.57,2024,completed
24621,489,812.64,2024,completed
24622,420,889.34,2024,completed
24623,487,672.67,2023,completed
24624,66,649.44,2023,refunded
24625,393,630.28,2023,completed
24626,470,560.21,2022,completed
24627,309,955.16,2022,cancelled
24628,88,639.55,2023,cancelled
24629,127,558.85,2023,completed
24630,93,451.87,2023,completed
24631,152,497.72,2020,pending
24632,461,385.40,2020,cancelled
24633,64,191.20,2023,completed
24634,281,342.59,2024,cancelled
24635,128,781.91,2024,completed
24636,405,512.57,2024,cancelled
24637,440,123.45,2020,completed
24638,287,878.99,2020,completed
24639,286,644.08,2020,completed
24640,335,626.36,2023,refunded
24641,6,538.05,2022,cancelled
24642,54,713.64,2021,completed
24643,468,468.09,2024,completed
24644,275,775.17,2023,completed
24645,350,97.27,2021,completed
24646,179,330.61,2022,completed
24647,169,782.66,2020,cancelled
24648,440,326.64,2024,completed
24649,107,575.95,2024,pending
24650,139,819.36,2023,completed
24651,187,779.68,2024,refunded
24652,442,367.62,2022,completed
24653,497,748.78,2024,completed
24654,230,997.05,2023,pending
24655,188,686.29,2023,completed
24656,381,893.90,2021,pending
24657,135,128.94,2021,refunded
24658,298,929.48,2022,completed
24659,316,414.68,2020,refunded
24660,15,147.21,2023,completed
24661,439,923.21,2024,completed
24662,385,91.09,2020,completed
24663,119,741.58,2021,cancelled
24664,296,335.83,2021,completed
24665,482,968.68,2020,completed
24666,227,607.73,2023,completed
24667,338,842.76,2020,completed
24668,139,751.34,2022,pending
24669,358,809.00,2022,completed
24670,157,899.89,2021,refunded
24671,499,186.37,2020,cancelled
24672,479,657.36,2020,cancelled
24673,111,88.28,2024,refunded
24674,364,67.47,2022,completed
24675,372,869.21,2021,cancelled
24676,115,504.18,2021,cancelled
24677,191,401.51,2020,completed
24678,148,564.42,2020,refunded
24679,122,221.85,2020,completed
24680,108,123.15,2023,cancelled
24681,166,761.32,2021,completed
24682,192,223.53,2022,refunded
24683,183,582.03,2022,refunded
24684,433,354.55,2022,pending
24685,198,861.19,2020,refunded
24686,369,581.01,2021,cancelled
24687,483,113.86,2021,cancelled
24688,47,97.03,2024,refunded
24689,499,891.49,2021,refunded
24690,61,551.26,2024,refunded
24691,496,932.06,2021,completed
24692,47,114.44,2022,completed
24693,211,145.53,2024,completed
24694,24,619.71,2022,completed
24695,466,434.02,2020,pending
24696,456,789.51,2022,completed
24697,50,402.17,2020,cancelled
24698,469,82.10,2020,completed
24699,457,300.49,2023,completed
24700,240,778.58,2024,completed
24701,49,536.44,2023,completed
24702,238,486.37,2024,completed
24703,453,969.81,2023,completed
24704,187,789.96,2020,pending
24705,80,229.22,2024,cancelled
24706,324,22.61,2022,completed
24707,64,172.88,2023,cancelled
24708,221,804.93,2021,completed
24709,59,705.72,2023,cancelled
24710,363,929.08,2020,completed
24711,212,280.77,2021,completed
24712,370,94.15,2021,completed
24713,237,795.32,2021,completed
24714,175,127.02,2021,completed
24715,160,38.52,2022,completed
24716,288,849.34,2024,completed
24717,232,263.76,2024,completed
24718,460,892.15,2020,completed
24719,259,223.76,2024,pending
24720,29,556.01,2024,refunded
24721,410,69.45,2021,completed
24722,415,211.20,2021,pending
24723,104,456.10,2024,pending
24724,148,190.78,2021,refunded
24725,69,281.35,2022,refunded
24726,495,93.73,2020,completed
24727,411,188.86,2024,completed
24728,320,615.67,2023,completed
24729,467,641.70,2022,completed
24730,393,622.36,2023,pending
24731,170,37.46,2020,cancelled
24732,177,678.87,2022,completed
24733,465,450.07,2020,refunded
24734,304,624.38,2024,cancelled
24735,396,124.30,2024,completed
24736,402,136.69,2024,completed
24737,496,528.75,2023,refunded
24738,457,712.84,2022,pending
24739,381,268.14,2022,pending
24740,206,246.98,2023,completed
24741,450,537.81,2023,pending
24742,265,836.48,2020,cancelled
24743,366,208.47,2023,refunded
24744,312,792.87,2023,cancelled
24745,445,630.65,2020,completed
24746,27,525.84,2021,completed
24747,168,337.73,2024,cancelled
24748,240,247.56,2024,completed
24749,222,21.75,2020,cancelled
24750,117,813.99,2020,completed
24751,65,857.45,2022,completed
24752,162,623.24,2023,completed
24753,377,95.77,2024,completed
24754,128,45.12,2020,completed
24755,83,646.55,2022,refunded
24756,460,434.91,2022,completed
24757,391,317.20,2024,completed
24758,104,280.71,2023,pending
24759,412,379.47,2023,completed
24760,57,301.81,2022,pending
24761,37,829.49,2024,completed
24762,395,714.33,2023,completed
24763,49,506.19,2021,completed
24764,380,751.24,2022,completed
24765,175,945.25,2020,completed
24766,22,834.82,2020,completed
24767,387,920.52,2020,completed
24768,255,555.54,2021,completed
24769,329,791.64,2022,refunded
24770,260,461.05,2020,completed
24771,64,532.34,2020,pending
24772,476,496.24,2021,completed
24773,8,631.47,2021,refunded
24774,422,772.33,2021,pending
24775,344,194.61,2020,completed
24776,94,556.85,2021,refunded
24777,129,485.11,2023,pending
24778,48,854.03,2024,completed
24779,9,41.03,2023,cancelled
24780,251,550.15,2024,cancelled
24781,54,370.62,2023,pending
24782,210,928.63,2022,cancelled
24783,416,70.48,2021,cancelled
24784,157,912.32,2022,refunded
24785,39,372.31,2020,refunded
24786,60,303.84,2024,completed
24787,270,579.99,2020,completed
24788,283,357.25,2022,pending
24789,427,931.23,2023,completed
24790,134,395.51,2023,completed
24791,197,782.42,2021,completed
24792,425,80.41,2021,pending
24793,54,244.41,2022,refunded
24794,124,363.97,2020,pending
24795,344,558.64,2023,completed
24796,222,466.23,2022,completed
24797,232,516.54,2022,cancelled
24798,12,748.49,2021,refunded
24799,46,488.69,2024,refunded
24800,246,890.27,2021,completed
24801,39,93.84,2022,pending
24802,280,846.84,2020,completed
24803,326,33.14,2021,refunded
24804,70,849.00,2023,completed
24805,56,291.02,2022,pending
24806,145,49.81,2020,completed
24807,173,614.89,2024,completed
24808,456,150.58,2020,completed
24809,60,774.35,2022,refunded
24810,333,978.79,2020,completed
24811,154,497.40,2023,cancelled
24812,381,292.49,2024,completed
24813,272,238.18,2021,completed
24814,210,391.37,2021,completed
24815,32,49.69,2020,pending
24816,305,49.52,2021,completed
24817,473,610.89,2021,cancelled
24818,400,967.58,2021,refunded
24819,390,546.47,2024,completed
24820,449,96.69,2023,completed
24821,244,909.08,2021,completed
24822,17,870.93,2024,completed
24823,220,729.54,2024,cancelled
24824,339,359.99,2022,completed
24825,411,942.87,2024,completed
24826,150,510.37,2021,completed
24827,62,958.70,2020,completed
24828,296,827.64,2021,cancelled
24829,266,697.44,2023,pending
24830,400,62.32,2024,completed
24831,402,634.73,2020,completed
24832,392,633.71,2021,completed
24833,129,913.34,2022,completed
24834,236,123.02,2023,pending
24835,360,801.39,2022,cancelled
24836,383,701.19,2020,completed
24837,2,641.25,2024,refunded
24838,344,75.32,2022,pending
24839,264,736.68,2024,completed
24840,497,467.00,2021,cancelled
24841,234,309.09,2023,refunded
24842,390,787.24,2024,completed
24843,322,315.24,2023,completed
24844,74,195.43,2021,pending
24845,127,754.36,2024,pending
24846,102,936.46,2021,pending
24847,408,242.86,2023,cancelled
24848,305,252.13,2022,completed
24849,130,376.18,2024,refunded
24850,26,375.50,2021,completed
24851,429,569.72,2024,completed
24852,289,911.77,2022,pending
24853,19,335.81,2020,completed
24854,298,111.23,2021,pending
24855,420,50.95,2020,pending
24856,135,419.12,2023,refunded
24857,465,193.84,2024,completed
24858,231,77.38,2022,cancelled
24859,469,874.66,2024,completed
24860,329,415.46,2022,completed
24861,344,330.00,2024,completed
24862,440,462.24,2022,completed
24863,216,873.17,2020,cancelled
24864,477,30.83,2024,pending
24865,177,136.71,2021,completed
24866,58,198.91,2021,cancelled
24867,317,701.41,2022,completed
24868,422,839.28,2021,completed
24869,55,439.89,2022,completed
24870,489,216.85,2020,pending
24871,112,846.94,2020,pending
24872,185,40.56,2022,completed
24873,140,658.55,2021,completed
24874,482,486.62,2024,cancelled
24875,72,645.92,2024,completed
24876,248,797.29,2022,cancelled
24877,186,31.36,2022,completed
24878,32,686.08,2021,refunded
24879,30,232.58,2024,completed
24880,244,809.12,2023,completed
24881,137,373.92,2021,cancelled
24882,187,679.45,2022,pending
24883,253,769.64,2024,pending
24884,419,865.86,2024,refunded
24885,425,604.22,2020,completed
24886,44,372.99,2023,refunded
24887,35,107.37,2020,pending
24888,412,748.72,2024,completed
24889,303,849.94,2022,completed
24890,373,583.80,2024,completed
24891,265,502.46,2021,pending
24892,131,104.27,2020,refunded
24893,169,617.30,2021,completed
24894,47,329.34,2023,cancelled
24895,440,686.06,2021,pending
24896,448,208.81,2020,completed
24897,112,444.48,2021,completed
24898,354,530.09,2023,pending
24899,355,838.14,2020,completed
24900,163,318.59,2021,completed
24901,2,592.64,2024,completed
24902,147,824.41,2021,pending
24903,413,762.55,2021,completed
24904,427,166.63,2021,pending
24905,441,438.04,2023,completed
24906,302,191.88,2024,pending
24907,234,376.03,2020,completed
24908,135,392.23,2020,refunded
24909,243,129.76,2023,refunded
24910,97,170.91,2021,completed
24911,164,186.57,2024,completed
24912,254,773.77,2021,completed
24913,227,133.05,2020,refunded
24914,411,450.58,2022,refunded
24915,318,299.67,2024,completed
24916,253,173.64,2022,cancelled
24917,336,498.12,2022,pending
24918,370,382.50,2023,pending
24919,404,653.74,2024,refunded
24920,181,104.87,2024,refunded
24921,495,597.46,2022,cancelled
24922,110,816.40,2024,pending
24923,327,973.49,2022,completed
24924,238,162.04,2020,completed
24925,141,496.52,2020,completed
24926,301,206.28,2023,pending
24927,398,525.77,2022,cancelled
24928,494,390.66,2020,refunded
24929,70,634.50,2023,pending
24930,354,242.37,2024,pending
24931,165,209.12,2021,completed
24932,42,329.18,2024,cancelled
24933,341,539.91,2022,completed
24934,492,467.00,2022,cancelled
24935,261,632.41,2021,completed
24936,57,304.60,2023,completed
24937,383,941.74,2024,pending
24938,362,88.68,2024,pending
24939,223,64.35,2023,completed
24940,488,652.79,2021,pending
24941,349,421.87,2021,completed
24942,19,640.83,2020,cancelled
24943,367,627.39,2020,cancelled
24944,27,168.95,2022,completed
24945,208,116.68,2024,refunded
24946,164,790.27,2020,completed
24947,46,609.63,2020,completed
24948,283,706.02,2021,refunded
24949,263,561.33,2020,cancelled
24950,281,969.97,2024,refunded
24951,197,338.57,2020,refunded
24952,361,959.33,2023,completed
24953,281,227.90,2024,completed
24954,209,169.90,2024,cancelled
24955,449,207.45,2023,completed
24956,51,49.39,2024,cancelled
24957,393,359.61,2020,cancelled
24958,172,786.13,2021,refunded
24959,192,146.18,2021,completed
24960,90,469.49,2020,cancelled
24961,43,348.71,2022,pending
24962,202,672.80,2021,cancelled
24963,424,70.15,2023,refunded
24964,68,912.18,2020,completed
24965,367,952.34,2021,cancelled
24966,409,540.42,2022,completed
24967,273,755.22,2024,refunded
24968,476,161.05,2021,completed
24969,190,823.59,2023,completed
24970,331,505.79,2022,completed
24971,488,41.31,2022,completed
24972,180,713.39,2024,completed
24973,222,235.59,2021,cancelled
24974,467,897.65,2023,completed
24975,15,987.89,2024,completed
24976,359,672.84,2024,pending
24977,32,271.85,2023,refunded
24978,458,519.07,2021,completed
24979,397,395.26,2021,pending
24980,272,130.74,2021,completed
24981,171,695.22,2021,refunded
24982,418,364.90,2021,completed
24983,408,911.53,2022,completed
24984,476,529.34,2023,cancelled
24985,63,157.99,2021,refunded
24986,73,507.53,2020,completed
24987,404,141.70,2023,refunded
24988,2,950.42,2021,completed
24989,228,362.58,2022,pending
24990,232,199.78,2022,completed
24991,192,58.17,2020,refunded
24992,394,932.49,2020,completed
24993,436,749.97,2022,completed
24994,359,367.94,2024,refunded
24995,172,936.50,2022,completed
24996,184,154.20,2022,cancelled
24997,468,535.45,2020,completed
24998,286,908.11,2022,completed
24999,425,626.82,2024,completed
25000,154,244.88,2024,completed
